CASE_ID,ACCIDENT_YEAR,PROC_DATE,JURIS,COLLISION_DATE,COLLISION_TIME,OFFICER_ID,REPORTING_DISTRICT,DAY_OF_WEEK,CHP_SHIFT,POPULATION,CNTY_CITY_LOC,SPECIAL_COND,BEAT_TYPE,CHP_BEAT_TYPE,CITY_DIVISION_LAPD,CHP_BEAT_CLASS,BEAT_NUMBER,PRIMARY_RD,SECONDARY_RD,DISTANCE,DIRECTION,INTERSECTION,WEATHER_1,WEATHER_2,STATE_HWY_IND,CALTRANS_COUNTY,CALTRANS_DISTRICT,STATE_ROUTE,ROUTE_SUFFIX,POSTMILE_PREFIX,POSTMILE,LOCATION_TYPE,RAMP_INTERSECTION,SIDE_OF_HWY,TOW_AWAY,COLLISION_SEVERITY,NUMBER_KILLED,NUMBER_INJURED,PARTY_COUNT,PRIMARY_COLL_FACTOR,PCF_CODE_OF_VIOL,PCF_VIOL_CATEGORY,PCF_VIOLATION,PCF_VIOL_SUBSECTION,HIT_AND_RUN,TYPE_OF_COLLISION,MVIW,PED_ACTION,ROAD_SURFACE,ROAD_COND_1,ROAD_COND_2,LIGHTING,CONTROL_DEVICE,CHP_ROAD_TYPE,PEDESTRIAN_ACCIDENT,BICYCLE_ACCIDENT,MOTORCYCLE_ACCIDENT,TRUCK_ACCIDENT,NOT_PRIVATE_PROPERTY,ALCOHOL_INVOLVED,STWD_VEHTYPE_AT_FAULT,CHP_VEHTYPE_AT_FAULT,COUNT_SEVERE_INJ,COUNT_VISIBLE_INJ,COUNT_COMPLAINT_PAIN,COUNT_PED_KILLED,COUNT_PED_INJURED,COUNT_BICYCLIST_KILLED,COUNT_BICYCLIST_INJURED,COUNT_MC_KILLED,COUNT_MC_INJURED,PRIMARY_RAMP,SECONDARY_RAMP,LATITUDE,LONGITUDE,COUNTY,CITY,POINT_X,POINT_Y
6984242,2015,2017-01-14,9135,2015-07-06,1240,12864,,1,1,9,4500,0,1,1,,2,056,"RT 5","OBRIEN INLET RD",53.00,N,N,A,-,Y,SHA,2,5,-,R,32.090,H,-,S,Y,2,0,1,1,A,-,08,22107,,N,E,I,A,A,H,-,A,D,1,,,,,Y,,A,07,1,0,0,0,0,0,0,0,0,"- ","- ",,,SHASTA,UNINCORPORATED,-122.32245498,40.807880969999999
9232522,2020,2021-03-17,4502,2020-05-07,0849,R526,R02,4,5,5,4502,0,0,0,,0,002,"VICTOR AV","RT 44",0.00,,Y,A,-,Y,SHA,2,44,-,R,1.117,R,4,E,N,2,0,1,2,A,-,10,21950,A,N,G,B,B,A,H,-,A,A,0,Y,,,,Y,,D,22,1,0,0,0,1,0,0,0,0,"- ",EF,40.578350067138672,-122.33866882324219,SHASTA,REDDING,-122.338684,40.578687000000002
9520341,2022,2023-02-10,4502,2022-07-20,0147,151,,3,5,5,4502,0,0,0,,0,002,"HARTNELL AV","SHOTWICK TRL",21.00,E,N,A,-,N,,,,,,,,,,Y,1,1,0,1,A,-,01,23152,B,N,F,I,A,A,H,-,C,D,0,,,,,Y,Y,A,01,0,0,0,0,0,0,0,0,0,"- ","- ",,,SHASTA,REDDING,-122.36758422851562,40.564449310302734
9786222,2024,2025-05-03,4502,2024-08-27,1554,110,,2,5,5,4502,0,0,0,,0,R02,"CHURN CREEK RD","MARAGLIA ST",0.00,,Y,A,-,N,,,,,,,,,,Y,1,1,1,2,A,-,03,22350,,N,D,C,A,A,H,-,A,A,0,,,Y,,Y,,C,02,1,0,0,0,0,0,0,1,0,"- ","- ",,,SHASTA,REDDING,-122.35308837890625,40.567428588867188
84790706,2025,2025-08-05,4502,2025-05-03,"345 ",181,,6,5,5,4502,0,0,0,,0,R05,"PINE STREET","SHASTA STREET",0.00,,Y,A,-,N,,,,,,,,,,Y,2,0,1,1,A,-,01,23152,A,N,E,I,A,A,H,-,C,A,0,,,,,Y,Y,A,01,1,0,0,0,0,0,0,0,0,"- ","- ",,,SHASTA,REDDING,-122.39044189453125,40.586677551269531
90129311,2016,2016-03-04,9135,2016-02-25,1737,016790,,4,2,5,4502,0,3,5,,2,002,"DRY CREEK RD S/B","SAGEBRUSH TRAIL",1305.00,S,N,A,-,N,,,,,,,,,,Y,2,0,2,1,A,-,01,23152,A,N,E,I,A,A,H,-,A,D,0,,,,,Y,Y,A,07,2,0,0,0,0,0,0,0,0,"- ","- ",,,SHASTA,REDDING,-122.2425119,40.67922883
9082189,2019,2020-04-24,4502,2019-12-19,0848,530,,4,5,5,4502,0,0,0,,0,002,"HARTNELL AV","VICTOR AV",0.00,,Y,B,C,N,,,,,,,,,,Y,2,0,1,2,A,-,12,21453,A,N,D,C,A,B,H,-,A,A,0,,,,,Y,,D,22,1,0,0,0,0,0,0,0,0,"- ","- ",40.563728332519531,-122.3394775390625,SHASTA,REDDING,-122.33950042724609,40.563739776611328
9320600,2021,2023-06-20,4502,2021-06-24,1402,158,R02,4,5,5,4502,0,0,0,,0,002,"EAST CYPRESS AV","BECHELLI LN",201.00,W,N,A,-,N,,,,,,,,,,Y,1,1,0,2,A,-,01,23152,F,N,B,C,A,A,H,-,A,D,0,,,Y,,Y,,C,02,0,0,0,0,0,0,0,1,0,"- ","- ",40.571041107177734,-122.36271667480469,SHASTA,REDDING,-122.36346435546875,40.571048736572266
9368833,2021,2021-12-13,4502,2021-04-28,0557,R0259,R03,3,5,5,4502,0,0,0,,0,R03,"BECHELLI LN","RAFAEL ST",161.00,S,N,A,-,N,,,,,,,,,,Y,2,0,4,2,A,-,00,23153,E,N,C,C,A,A,D,-,B,D,0,,,,,Y,,D,22,1,3,0,0,0,0,0,0,0,"- ","- ",40.549411773681641,-122.36251068115234,SHASTA,REDDING,-122.36244201660156,40.547397613525391
9435908,2021,2022-04-26,4502,2021-07-23,0959,172,R05,5,5,5,4502,0,0,0,,0,005,"BUENA VENTURA AV","TETON DR",1056.00,E,N,A,-,N,,,,,,,,,,Y,2,0,3,2,A,-,05,21460,A,N,A,C,A,A,H,-,A,D,0,,,,,Y,,A,01,2,1,0,0,0,0,0,0,0,"- ","- ",40.561031341552734,-122.40453338623047,SHASTA,REDDING,-122.40473175048828,40.561305999755859
90516702,2017,2017-08-04,9135,2017-07-29,0025,018520,,6,3,9,4500,0,3,5,,2,003,"PALM AVE","OLIVE ST",45.00,W,N,A,-,N,,,,,,,,,,Y,2,0,1,1,A,-,01,23152,A,N,E,I,A,A,H,-,D,D,0,,,,,Y,Y,D,22,1,0,0,0,0,0,0,0,0,"- ","- ",,,SHASTA,UNINCORPORATED,-122.43590897999999,40.445672709999997
90606057,2017,2017-11-30,9135,2017-11-29,0800,16461,,3,1,5,4502,0,3,5,,2,002,"DRY CREEK RD","ELK TRAIL W.",2112.00,S,N,A,-,N,,,,,,,,,,Y,2,0,1,1,A,-,08,22107,,N,E,I,A,A,H,-,A,D,0,,,,,Y,,A,01,1,0,0,0,0,0,0,0,0,"- ","- ",40.686489999999999,-122.24621,SHASTA,REDDING,-122.24631712999999,40.686809930000003
91303889,2020,2020-09-14,9135,2020-09-11,1157,016672,,5,1,9,4500,0,1,3,,1,302,"STATE ROUTE 273","EASTSIDE ROAD",0.00,,Y,A,-,Y,,,273,,,,,,,Y,2,0,2,3,A,-,09,21801,A,N,D,C,A,A,H,-,A,A,0,,,,,Y,,D,23,1,1,0,0,0,0,0,0,0,"- ","- ",40.498268127441406,-122.37059783935547,SHASTA,UNINCORPORATED,-122.37079620361328,40.49798583984375
94507009,2024,2024-12-17,9135,2024-11-17,"535 ",020363,,7,3,5,4502,0,1,1,,2,054,"I-5 N/B TO CYPRESS AVE. OFF RAMP","CYPRESS AVE.",636.00,S,N,B,-,Y,SHA,,5," ",R,14.331,H,,R,N,1,1,0,2,A,-,11,21954,A,N,G,B,D,A,H,-,D,D,0,Y,,,,Y,,-,"- ",0,0,0,1,0,0,0,0,0,"- ","- ",40.569210052490234,-122.35990142822266,SHASTA,REDDING,-122.36024475097656,40.569202423095703
84772339,2024,2025-07-22,4502,2024-11-14,1215,107,,4,5,5,4502,0,0,0,,0,R04,"EAST BONNYVIEW ROAD","SOUTH BONNYVIEW ROAD",0.00,,Y,A,-,N,,,,,,,,,,Y,1,1,1,3,A,-,12,21453,A,N,D,C,A,B,H,-,A,A,0,,,,Y,Y,,A,01,0,1,0,0,0,0,0,0,0,"- ","- ",,,SHASTA,REDDING,-122.37425231933594,40.531681060791016
90355165,2016,2016-12-27,9135,2016-12-18,1530,016339,,7,2,9,4500,0,3,5,,2,002,"DRY CREEK RD.",SR-299,5280.00,N,N,A,-,N,,,,,,,,,,Y,2,0,1,1,A,-,08,22107,,N,E,I,A,A,H,-,A,D,0,,,,,Y,,D,22,1,0,0,0,0,0,0,0,0,"- ","- ",,,SHASTA,UNINCORPORATED,-122.24036,40.653182100000002
90614975,2017,2017-12-12,9135,2017-12-11,1010,016339,,1,1,5,4502,0,1,3,,2,040,"N/B I-5 TO W/B SR-44","SACRAMENTO RIVER BRIDGE",565.00,E,N,A,-,Y,,,,,,,,,,Y,2,0,2,1,A,-,08,22107,,N,E,I,A,A,H,-,A,D,0,,,,,Y,,D,22,1,1,0,0,0,0,0,0,0,"- ","- ",40.585900000000002,-122.36450000000001,SHASTA,REDDING,,
91003287,2019,2019-06-04,9135,2019-05-23,1020,018021,,4,1,9,4500,0,1,1,,2,053,"I-5 N/B","KNIGHTON RD",5280.00,S,N,A,-,Y,,,5,,,,,,N,Y,2,0,1,3,A,-,03,22350,,N,B,C,A,A,H,-,A,D,0,,,Y,,Y,,C,02,1,0,0,0,0,0,0,0,1,"- ","- ",40.492500305175781,-122.32940673828125,SHASTA,UNINCORPORATED,-122.32926177978516,40.492595672607422
91498172,2021,2021-06-16,9135,2021-06-01,0824,018133,,2,1,5,4502,0,1,3,,2,040,"SR-44 E/B","HILLTOP DR",84.00,E,N,A,-,Y,,,44,,,,,,E,N,1,1,0,2,A,-,11,21954,A,N,G,B,D,A,H,-,A,D,0,Y,,,,Y,,N,60,0,0,0,1,0,0,0,0,0,"- ","- ",40.585121154785156,-122.35749816894531,SHASTA,REDDING,-122.35749816894531,40.585105895996094
92323016,2024,2024-02-26,9135,2024-02-21,1525,018388,,3,2,9,4500,0,1,1,,2,054,"RT 299","JFK MEMORIAL",1056.00,E,N,B,-,N,,,,,,,,,,Y,2,0,4,1,A,-,01,23152,A,N,E,I,A,B,H,-,A,D,0,,,,,Y,Y,D,22,1,3,0,0,0,0,0,0,0,"- ","- ",40.612358093261719,-122.5177001953125,SHASTA,UNINCORPORATED,-122.51786804199219,40.612281799316406
7006709,2015,2016-04-13,4502,2015-03-26,0631,105,,4,5,5,4502,0,0,0,,0,004,"RT 273","CANYON RD",0.00,,Y,A,-,Y,SHA,2,273,-,-,11.100,I,5,S,Y,1,1,1,2,A,-,01,23152,E,N,A,C,A,A,H,-,B,A,0,,,,,Y,,A,01,0,0,1,0,0,0,0,0,0,"- ","- ",,,SHASTA,REDDING,-122.37955255999999,40.506420159999998
9271529,2020,2021-06-15,4502,2020-09-12,0116,R185,4,6,5,5,4502,0,0,0,,0,,"RT 273","CANYON RD",439.00,N,N,A,-,Y,SHA,2,273,-,-,11.180,H,-,N,Y,2,0,1,2,A,-,11,21954,A,N,G,B,D,A,H,-,D,D,0,Y,,,,Y,Y,A,01,1,0,0,0,1,0,0,0,0,"- ","- ",40.506481170654297,-122.37938690185547,SHASTA,REDDING,-122.37968444824219,40.507724761962891
90038211,2015,2015-10-26,9135,2015-10-12,1542,014761,,1,2,9,4500,0,1,3,,1,301,SR-299,"299 SHA 2.50",274.00,W,N,A,-,Y,,,299,,,,,,,Y,2,0,1,1,A,-,03,22350,,N,E,I,A,A,H,-,A,D,0,,,Y,,Y,,C,02,1,0,0,0,0,0,0,0,1,"- ","- ",40.649380000000001,-122.70672999999999,SHASTA,UNINCORPORATED,-122.70678913,40.649415329999997
90502750,2017,2017-07-18,9135,2017-07-09,0018,019030,,7,3,9,4500,0,1,3,,2,040,"SR-44 E/B","STILLWATER ROAD",314.00,E,N,A,-,Y,,,44,,,,,,E,Y,2,0,2,1,A,-,01,23152,F,N,F,I,A,A,H,-,D,D,0,,,,,Y,,A,07,1,1,0,0,0,0,0,0,0,"- ","- ",40.559869999999997,-122.27464999999999,SHASTA,UNINCORPORATED,-122.2746234,40.559579769999999
91307997,2020,2020-09-21,9135,2020-09-11,2025,018133,,5,2,9,4500,0,3,5,,2,002,"DRY CREEK RD","MIRROR VALLEY LN",500.00,N,N,A,-,N,,,,,,,,,,Y,2,0,1,1,A,-,08,22107,,N,E,I,A,A,H,-,D,D,0,,,Y,,Y,,C,02,1,0,0,0,0,0,0,0,1,"- ","- ",40.674720764160156,-122.24091339111328,SHASTA,UNINCORPORATED,-122.24095916748047,40.674644470214844
91597522,2021,2021-10-15,9135,2021-10-06,1800,019710,,3,2,9,4500,0,3,5,,2,002,"UNION SCHOOL ROAD","FELLOWSHIP WAY",75.00,E,N,A,-,N,,,,,,,,,,Y,2,0,1,1,C,-,18,,,N,H,H,A,A,H,-,A,D,0,,,Y,,Y,,-,"- ",1,0,0,0,0,0,0,0,1,"- ","- ",40.685291290283203,-122.34413909912109,SHASTA,UNINCORPORATED,-122.34414672851562,40.685249328613281
91779926,2022,2022-05-25,9135,2022-05-14,1555,018837,,6,2,5,4502,0,1,1,,2,054,"I-5 S/B","SMITH RD",500.00,N,N,B,-,Y,SHA,,5,,R,10.953,H,,L,Y,2,0,1,1,C,-,18,,,N,E,8,A,A,H,-,A,D,0,,,,,Y,,-,"- ",1,0,0,0,0,0,0,0,0,"- ","- ",40.521568298339844,-122.34578704833984,SHASTA,REDDING,-122.34592437744141,40.52154541015625
92336197,2024,2024-03-12,9135,2024-02-17,"428 ",018388,,6,3,9,4500,0,1,1,,2,054,"INTERSTATE 5 SOUTHBOUND","KNIGHTON RD",1130.00,N,N,B,-,Y,SHA,,5," ",R,9.962,H,,L,Y,1,1,0,2,A,-,11,21954,A,N,G,B,E,B,H,-,D,D,0,Y,,,,Y,,N,60,0,0,0,1,0,0,0,0,0,"- ","- ",40.507999420166016,-122.33989715576172,SHASTA,UNINCORPORATED,-122.33987426757812,40.508010864257812
6487286,2014,2014-07-15,9135,2014-04-27,0514,015627,,7,3,9,4500,0,3,5,,2,003,"RHONDA RD","LYNN HART DR",3168.00,S,N,B,-,N,,,,,,,,,,Y,2,0,3,1,A,-,01,23152,E,N,E,I,A,B,H,-,D,A,0,,,,,Y,,A,01,3,0,0,0,0,0,0,0,0,"- ","- ",,,SHASTA,UNINCORPORATED,-122.28265475000001,40.412974820000002
7139522,2014,2016-01-09,4502,2014-12-24,0657,166,,3,5,5,4502,0,0,0,,0,001,"HILLTOP DR","LAKE BL",0.00,S,N,C,-,N,,,,,,,,,,Y,2,0,1,2,A,-,01,23152,,N,D,C,A,B,H,-,B,D,0,,,,,Y,Y,A,01,1,0,0,0,0,0,0,0,0,"- ","- ",,,SHASTA,REDDING,-122.37397989,40.610179909999999
8816786,2018,2019-04-03,4502,2018-11-03,0102,186,,6,5,5,4502,0,0,0,,0,005,"RAILROAD AV","BUENAVENTURA BL",556.00,N,N,A,-,N,,,,,,,,,,Y,2,0,1,1,A,-,01,23152,B,N,E,I,A,A,H,-,C,D,0,,,Y,,Y,Y,C,02,1,0,0,0,0,0,0,0,1,"- ","- ",40.555000305175781,-122.38934326171875,SHASTA,REDDING,-122.38889312744141,40.555789947509766
9003213,2018,2020-03-18,4500,2018-02-22,1901,S218,4500,4,5,2,4580,0,0,0,,0,03B,"PINE GROVE AV","RT 5",0.00,,Y,A,-,Y,SHA,2,5,-,R,21.121,R,4,S,Y,2,0,1,2,A,-,21,22106,,N,D,C,A,A,H,-,C,D,0,,,Y,,Y,,A,07,1,0,0,0,0,0,0,0,1,"- ",SF,,,SHASTA,"SHASTA LAKE",-122.35488128662109,40.665290832519531
9448507,2021,2022-07-12,4502,2021-10-29,0537,338,,5,5,5,4502,0,0,0,,0,006,"CALIFORNIA MARKET ALLEY","EUREKA WY",164.00,N,N,A,-,N,,,,,,,,,,N,1,1,0,2,A,-,11,21954,A,N,G,B,E,A,H,-,D,D,0,Y,,,Y,Y,,N,60,0,0,0,1,0,0,0,0,0,"- ","- ",40.588779449462891,-122.39299011230469,SHASTA,REDDING,-122.39247131347656,40.588092803955078
90232291,2016,2016-07-28,9135,2016-07-06,1447,015640,,3,2,5,4502,0,1,1,,2,054,"I-5 S/B","CYPRESS AVE",0.00,,N,A,-,Y,,,,,,,,,,Y,2,0,2,3,A,-,07,21658,A,N,D,C,A,A,H,-,A,D,0,,,,Y,Y,,A,01,1,1,0,0,0,0,0,0,0,"- ","- ",40.344729999999998,-122.21379,SHASTA,REDDING,-122.36061999,40.571049960000003
94391258,2024,2024-09-12,9135,2024-09-05,2150,021204,,4,2,9,4500,0,1,1,,2,056,"I-5 SOUTHBOUND","BRIDGE BAY RD",2640.00,S,N,A,-,Y,SHA,,5," ",R,26.987,H,,L,Y,2,0,1,1,A,-,08,22107,,N,E,8,A,A,H,-,C,D,0,,,,,Y,,A,01,1,0,0,0,0,0,0,0,0,"- ","- ",40.743679046630859,-122.31420135498047,SHASTA,UNINCORPORATED,-122.31414031982422,40.743686676025391
94633986,2025,2025-04-02,9135,2025-03-14,"140 ",024340,,5,3,9,4500,0,3,5,,2,004,"CHURN CREEK ROAD","KNIGHTON ROAD",1920.00,N,N,C,-,Y,,,,,,,,,,Y,2,0,2,1,A,-,03,22350,,N,E,7,A,B,H,-,D,A,0,,,,,Y,,A,01,2,0,0,0,0,0,0,0,0,"- ","- ",40.510749816894531,-122.33364105224609,SHASTA,UNINCORPORATED,-122.33361053466797,40.510921478271484
9320733,2021,2022-05-25,4502,2021-08-29,0324,158,R02,7,5,5,4502,0,0,0,,0,002,"HILLTOP DR","EAST CYPRESS AV",0.00,,Y,A,-,N,,,,,,,,,,Y,1,1,5,2,A,-,00,23153,E,N,D,C,A,A,H,-,C,A,0,,,,,Y,,A,01,2,3,0,0,0,0,0,0,0,"- ","- ",40.578449249267578,-122.35787200927734,SHASTA,REDDING,-122.35806274414062,40.571044921875
90908667,2019,2019-01-22,9135,2019-01-11,1017,012900,,5,1,9,4500,0,1,1,,2,055,"I-5 S/B",SR-299,528.00,N,N,A,-,Y,,,,,,,,,,Y,2,0,1,1,A,-,08,22107,,N,F,A,A,A,C,-,A,D,0,,,,,Y,,D,22,1,0,0,0,0,0,0,0,0,"- ","- ",40.617801666259766,-122.36460113525391,SHASTA,UNINCORPORATED,-121.43814086914062,41.007389068603516
91287034,2019,2021-02-03,9135,2019-11-06,2000,018890,,3,2,9,4500,0,1,3,,1,301,SR-299,"LOWER SPRINGS ROAD",2112.00,W,N,A,-,Y,,,299,,,,,,,Y,1,1,3,2,A,-,03,22350,,N,H,H,A,A,H,-,D,D,0,,,,,Y,,J,48,3,0,0,0,0,0,0,0,0,"- ","- ",40.586200714111328,-122.45290374755859,SHASTA,UNINCORPORATED,-122.45291137695312,40.586147308349609
94703427,2025,2025-05-28,9135,2025-05-05,1435,018388,,1,2,9,4500,0,3,5,,2,002,"WHITMORE ROAD","OLD MILLVILLE WHITMORE ROAD",773.00,E,N,A,-,N,,,,,,,,,,Y,1,1,1,2,A,-,08,22107,,N,A,C,A,A,H,-,A,D,0,,,Y,,Y,,A,01,1,0,0,0,0,0,0,1,1,"- ","- ",40.60565185546875,-122.05750274658203,SHASTA,UNINCORPORATED,,
9142007,2020,2020-11-05,4500,2020-07-08,1940,337,53B,3,5,2,4580,0,0,0,,0,53B,"HARDENBROOK AV","SHASTA DAM BL",36.00,W,N,A,-,Y,SHA,2,151,-,R,5.920,H,-,W,N,2,0,1,2,A,-,11,21950,B,N,G,B,D,A,H,-,B,A,0,Y,,,,Y,Y,N,60,1,0,0,0,1,0,0,0,0,"- ","- ",40.680538177490234,-122.36714172363281,SHASTA,"SHASTA LAKE",-122.36714172363281,40.680538177490234
84758778,2023,2025-07-11,4502,2023-11-27,1544,169,,1,5,5,4502,0,0,0,,0,R02,"EAST CYPRESS AVENUE","CHURN CREEK ROAD",663.00,E,N,A,-,N,,,,,,,,,,Y,2,0,1,2,A,-,09,21804,A,N,D,C,A,A,H,-,A,D,0,,,Y,,Y,,A,07,1,0,0,0,0,0,0,0,1,"- ","- ",,,SHASTA,REDDING,-122.35071563720703,40.571048736572266
90947235,2019,2019-03-15,9135,2019-03-08,1315,012142,,5,1,9,4500,0,1,3,,2,604,"STATE ROUTE 44","ESKIMO HILL SUMMIT",1584.00,W,N,B,-,Y,,,44,,,,,,,Y,2,0,2,2,A,-,05,21460,A,N,A,C,A,C,H,-,A,A,0,,,,,Y,,A,01,1,0,1,0,0,0,0,0,0,"- ","- ",40.557121276855469,-121.57769012451172,SHASTA,UNINCORPORATED,-121.57778930664062,40.55718994140625
91035222,2019,2019-07-22,9135,2019-07-14,0543,017428,,7,3,9,4500,0,1,3,,1,401,SR-44,"OLD 44 DR",3696.00,E,N,A,-,Y,,,44,,,,,,,N,2,0,1,1,C,-,18,,,N,H,H,A,A,H,-,A,D,0,,,Y,,Y,,-,"- ",1,0,0,0,0,0,0,0,1,"- ","- ",40.537158966064453,-122.16118621826172,SHASTA,UNINCORPORATED,-122.16121673583984,40.537120819091797
91231000,2020,2020-04-29,9135,2020-04-20,1000,018021,,1,1,9,4500,0,3,5,,2,003,"GAS POINT ROAD","BRADLEY RIDGE ROAD",220.00,W,N,A,-,N,,,,,,,,,,N,2,0,1,1,A,-,03,22350,,N,F,A,A,A,H,-,A,D,0,,,Y,,Y,,C,02,1,0,0,0,0,0,0,0,1,"- ","- ",40.455471038818359,-122.53323364257812,SHASTA,UNINCORPORATED,,
91386783,2021,2021-01-13,9135,2021-01-04,1330,019257,,1,1,9,4500,0,1,3,,1,201,"STATE ROUTE 299","DU BOIS ROAD",5702.00,W,N,F,-,Y,,,,,,,,,,Y,2,0,1,1,A,-,03,22350,,N,F,A,A,C,H,-,A,D,0,,,,,Y,,A,01,1,0,0,0,0,0,0,0,0,"- ","- ",40.444789886474609,-122.32051849365234,SHASTA,UNINCORPORATED,-122.05419158935547,40.748363494873047
91444345,2021,2021-04-06,9135,2021-02-27,1330,017956,,6,1,9,4500,0,3,5,,2,002,"FENDERS FERRY RD","MCCLOUD RIVER BRIDGE",30096.00,S,N,A,-,N,,,,,,,,,,Y,1,1,0,1,A,-,08,22107,,N,E,I,A,A,H,-,A,A,0,,,Y,,Y,,C,06,0,0,0,0,0,0,0,1,0,"- ","- ",40.896659851074219,-122.09117126464844,SHASTA,UNINCORPORATED,-122.24381256103516,40.932449340820312
91579736,2021,2021-09-27,9135,2021-09-18,1815,019257,,6,2,9,4500,0,1,3,,1,201,"STATE ROUTE 299","KAWLIGA LANE",599.00,W,N,C,-,Y,,,,,,,,,,Y,2,0,1,1,A,-,01,23152,A,N,E,I,A,B,H,-,A,D,0,,,,,Y,Y,A,01,1,0,0,0,0,0,0,0,0,"- ","- ",40.382228851318359,-122.1407470703125,SHASTA,UNINCORPORATED,-122.23523712158203,40.639511108398438
6537028,2014,2015-11-19,9135,2014-06-12,0445,13331,,4,3,9,4500,0,1,3,,1,401,"RT 44","MCWEBTH WY",2112.00,W,N,A,-,Y,SHA,2,44,-,R,15.830,H,-,W,Y,2,0,1,1,A,-,08,22107,,N,E,I,A,A,H,-,D,D,0,,,,,Y,,A,01,1,0,0,0,0,0,0,0,0,"- ","- ",40.516399999999997,-122.092,SHASTA,UNINCORPORATED,-122.08956344000001,40.516305320000001
6542173,2014,2015-11-20,9146,2014-06-25,1700,13820,,3,2,9,4500,0,1,1,,2,013,"RT 5","FLUME CREEK RD",2640.00,S,N,B,-,Y,SHA,2,5,-,-,58.850,H,-,N,Y,2,0,1,1,A,-,03,22350,,N,F,A,A,A,H,-,A,D,1,,,Y,,Y,,C,02,1,0,0,0,0,0,0,0,1,"- ","- ",41.091180000000001,-122.35159,SHASTA,UNINCORPORATED,-122.35217186,41.090819060000001
6731986,2014,2016-06-16,9135,2014-11-23,1720,015418,,7,2,9,4500,0,1,1,,2,056,"RT 5","TURNTABLE BAY RD",1056.00,S,N,A,-,Y,SHA,2,5,-,R,29.090,H,-,S,Y,2,0,1,1,A,-,01,23152,A,N,E,I,A,A,H,-,D,D,1,,,,,Y,Y,A,01,1,0,0,0,0,0,0,0,0,"- ","- ",40.768729999999998,-122.3165,SHASTA,UNINCORPORATED,-122.3141869,40.76989682
8910880,2019,2020-04-03,4502,2019-10-27,0145,R0158,R02,7,5,5,4502,0,0,0,,0,002,"HILLTOP DR","MISTLETOE LN",548.00,N,N,A,G,N,,,,,,,,,,Y,1,1,0,2,A,-,01,23153,A,N,G,B,D,A,H,-,C,D,0,Y,,,,Y,Y,D,22,0,0,0,1,0,0,0,0,0,"- ","- ",40.581989288330078,-122.35756683349609,SHASTA,REDDING,-122.35781860351562,40.579944610595703
9191779,2020,2021-02-02,4501,2020-11-01,1359,228,A02,7,5,2,4501,0,0,0,,0,002,"FERRY ST","MARTHA ST",0.00,,Y,A,-,N,,,,,,,,,,N,2,0,2,2,A,-,03,22350,,N,D,C,A,A,H,-,A,D,0,,,Y,,Y,,C,02,2,0,0,0,0,0,0,0,2,"- ","- ",,,SHASTA,ANDERSON,-122.29744720458984,40.452041625976562
91560173,2021,2021-09-01,9135,2021-08-24,1210,016087,,2,1,9,4500,0,3,5,,2,004,"GOVER RD.","COLEMAN FISH HATCHERY RD.",150.00,N,N,A,-,N,,,,,,,,,,Y,2,0,1,1,A,-,03,22350,,N,F,A,A,A,H,-,A,D,0,,,Y,,Y,,C,02,1,0,0,0,0,0,0,0,1,"- ","- ",40.398780822753906,-122.18058013916016,SHASTA,UNINCORPORATED,-122.17998504638672,40.398693084716797
91719509,2022,2022-03-10,9135,2022-03-02,1855,019030,,3,2,9,4500,0,1,1,,2,054,"KNIGHTON RD",I-5,53.00,E,N,A,-,Y,,,,,,,,,,N,2,0,1,2,A,-,11,21954,A,N,G,B,D,A,H,-,C,D,0,Y,,,,Y,,N,60,1,0,0,0,1,0,0,0,0,"- ","- ",40.505531311035156,-122.33734130859375,SHASTA,UNINCORPORATED,-122.33962249755859,40.505546569824219
6460463,2014,2014-07-11,9135,2014-04-08,2020,15418,,2,2,9,4500,0,3,5,,2,003,"RHONDA RD","LYNN HART DR",528.00,N,N,A,-,N,,,,,,,,,,N,2,0,1,1,A,-,03,22350,,N,E,I,A,A,H,-,D,D,0,,,Y,,Y,,C,02,1,0,0,0,0,0,0,0,1,"- ","- ",,,SHASTA,UNINCORPORATED,-122.28561569999999,40.42194542
84772185,2024,2025-07-22,4502,2024-11-08,2121,125,,5,5,5,4502,0,0,0,,0,R02,"CHURN CREEK ROAD","MISTLETOE LANE",0.00,,Y,A,-,N,,,,,,,,,,Y,2,0,1,2,A,-,12,21453,A,N,A,C,A,A,H,-,C,A,0,,,Y,,Y,,C,02,1,0,0,0,0,0,0,0,1,"- ","- ",,,SHASTA,REDDING,-122.35373687744141,40.578445434570312
84772356,2024,2025-07-22,4502,2024-11-24,1920,529,,7,5,5,4502,0,0,0,,0,R01,"TANGLEWOOD DR","WHET OWL WY",26.00,W,N,C,-,N,,,,,,,,,,Y,2,0,2,1,A,-,01,23153,A,N,F,I,A,B,H,-,B,D,0,,,Y,,Y,Y,C,06,1,1,0,0,0,0,0,0,2,"- ","- ",,,SHASTA,REDDING,-122.35385131835938,40.597854614257812