CASE_ID,ACCIDENT_YEAR,PROC_DATE,JURIS,COLLISION_DATE,COLLISION_TIME,OFFICER_ID,REPORTING_DISTRICT,DAY_OF_WEEK,CHP_SHIFT,POPULATION,CNTY_CITY_LOC,SPECIAL_COND,BEAT_TYPE,CHP_BEAT_TYPE,CITY_DIVISION_LAPD,CHP_BEAT_CLASS,BEAT_NUMBER,PRIMARY_RD,SECONDARY_RD,DISTANCE,DIRECTION,INTERSECTION,WEATHER_1,WEATHER_2,STATE_HWY_IND,CALTRANS_COUNTY,CALTRANS_DISTRICT,STATE_ROUTE,ROUTE_SUFFIX,POSTMILE_PREFIX,POSTMILE,LOCATION_TYPE,RAMP_INTERSECTION,SIDE_OF_HWY,TOW_AWAY,COLLISION_SEVERITY,NUMBER_KILLED,NUMBER_INJURED,PARTY_COUNT,PRIMARY_COLL_FACTOR,PCF_CODE_OF_VIOL,PCF_VIOL_CATEGORY,PCF_VIOLATION,PCF_VIOL_SUBSECTION,HIT_AND_RUN,TYPE_OF_COLLISION,MVIW,PED_ACTION,ROAD_SURFACE,ROAD_COND_1,ROAD_COND_2,LIGHTING,CONTROL_DEVICE,CHP_ROAD_TYPE,PEDESTRIAN_ACCIDENT,BICYCLE_ACCIDENT,MOTORCYCLE_ACCIDENT,TRUCK_ACCIDENT,NOT_PRIVATE_PROPERTY,ALCOHOL_INVOLVED,STWD_VEHTYPE_AT_FAULT,CHP_VEHTYPE_AT_FAULT,COUNT_SEVERE_INJ,COUNT_VISIBLE_INJ,COUNT_COMPLAINT_PAIN,COUNT_PED_KILLED,COUNT_PED_INJURED,COUNT_BICYCLIST_KILLED,COUNT_BICYCLIST_INJURED,COUNT_MC_KILLED,COUNT_MC_INJURED,PRIMARY_RAMP,SECONDARY_RAMP,LATITUDE,LONGITUDE,COUNTY,CITY,POINT_X,POINT_Y
84774602,2025,2025-07-23,4502,2025-03-17,1944,537,,1,5,5,4502,0,0,0,,0,R02,"CHURN CREEK RD","INDUSTRIAL ST.",0.00,,Y,B,-,N,,,,,,,,,,N,2,0,1,2,A,-,11,21456,,N,G,B,B,B,H,-,C,A,0,Y,,,,Y,,N,60,1,0,0,0,1,0,0,0,0,"- ","- ",,,SHASTA,REDDING,-122.35308074951172,40.575340270996094
90837967,2018,2018-10-17,9135,2018-07-08,1430,018520,,7,2,9,4500,0,1,3,,1,201,SR-299,"WOODMAN LN",500.00,W,N,A,-,Y,,,299,,,,,,,Y,1,2,0,1,A,-,08,22107,,N,E,I,A,A,H,-,A,D,0,,,,,Y,,A,01,0,0,0,0,0,0,0,0,0,"- ","- ",40.685050964355469,-122.14839935302734,SHASTA,UNINCORPORATED,-122.14837646484375,40.684974670410156
91511141,2021,2021-07-01,9135,2021-06-17,1155,018993,,4,1,9,4500,0,1,3,,1,201,SR-299,"SUGAR PINE CAMP RD",10560.00,E,N,A,-,Y,,,299,,,,,,,Y,1,1,0,1,A,-,08,22107,,N,E,8,A,A,H,-,A,D,0,,,,,Y,,D,22,0,0,0,0,0,0,0,0,0,"- ","- ",40.731170654296875,-122.07624053955078,SHASTA,UNINCORPORATED,-122.07624053955078,40.731170654296875
92152201,2023,2023-08-24,9135,2023-08-08,1250,021571,,2,1,9,4500,0,1,3,,2,601,SR-299,"FENDERS FERRY RD",556.00,E,N,A,-,Y,SHA,,299," "," ",55.522,H,,R,Y,1,1,0,1,A,-,08,22107,,N,E,8,A,A,H,-,A,D,0,,,,,Y,,D,22,0,0,0,0,0,0,0,0,0,"- ","- ",40.824729919433594,-121.93042755126953,SHASTA,UNINCORPORATED,-121.93047332763672,40.824748992919922
94680276,2025,2025-05-08,9135,2025-05-03,1248,024340,,6,1,5,4502,0,1,3,,2,040,"I-5 S/B FROM SR-44 E/B",SR-44,600.00,W,N,A,-,Y,,,,,,,,,,Y,2,0,2,2,A,-,03,22350,,N,F,A,A,A,H,-,A,D,0,,,Y,,Y,,C,02,1,1,0,0,0,0,0,0,2,"- ","- ",40.584579467773438,-122.36318969726562,SHASTA,REDDING,-122.36074066162109,40.585498809814453
7153866,2014,2016-02-20,4502,2014-01-06,1412,105,,1,5,5,4502,0,0,0,,0,004,"RT 273","SPRUCE ST",0.00,,Y,B,-,Y,SHA,2,273,-,-,15.510,I,5,S,Y,2,0,1,2,A,-,09,21802,A,N,D,C,A,A,H,-,A,A,0,,,Y,,Y,Y,A,01,1,0,0,0,0,0,0,0,1,"- ","- ",,,SHASTA,REDDING,-122.38808342,40.569591629999998
7190371,2016,2018-09-27,4502,2016-04-04,2018,147,,1,5,5,4502,0,0,0,,0,007,"NORTH MARKET ST","LAKE BL",0.00,,Y,A,-,Y,SHA,2,273,-,-,18.622,I,5,N,Y,1,1,0,2,A,-,11,21950,B,N,G,B,B,A,H,-,B,A,0,Y,,,,Y,Y,N,60,0,0,0,1,0,0,0,0,0,"- ","- ",,,SHASTA,REDDING,-122.37650293,40.609444779999997
8006275,2015,2016-04-07,4502,2015-04-16,0744,166,,4,5,5,4502,0,0,0,,0,006,"N COURT ST","MIDDLE CREEK",29.00,N,N,A,-,N,,,,,,,,,,Y,2,0,1,3,A,-,00,23153,E,N,A,C,A,A,H,-,A,D,0,,,,,Y,,D,22,1,0,0,0,0,0,0,0,0,"- ","- ",,,SHASTA,REDDING,-122.40123,40.591500000000003
91652727,2021,2021-12-15,9135,2021-12-14,1603,018829,,2,2,9,4500,0,3,5,,2,002,"OLD OREGON TRAIL","LAZY J LANE",123.00,N,N,A,-,N,,,,,,,,,,Y,2,0,2,1,A,-,08,22107,,N,E,I,A,A,H,-,A,D,0,,,,,Y,,A,01,2,0,0,0,0,0,0,0,0,"- ","- ",40.696971893310547,-122.31934356689453,SHASTA,UNINCORPORATED,-122.31926727294922,40.696979522705078
91905737,2022,2022-10-31,9135,2022-10-05,1045,015627,,3,1,9,4500,0,1,3,,2,605,SR-89,SR-44,21120.00,N,N,A,-,Y,SHA,,89,,,3.615,H,,R,Y,1,1,1,2,A,-,05,21460,C,N,A,C,A,A,H,-,A,D,0,,,,Y,Y,,A,01,0,1,0,0,0,0,0,0,0,"- ","- ",40.729488372802734,-121.43231201171875,SHASTA,UNINCORPORATED,-121.43230438232422,40.729496002197266
94424563,2024,2024-10-09,9135,2024-10-07,1725,023943,,1,2,9,4500,0,3,5,,2,002,"OLD OREGON TRL","COYOTE CANYON RD",250.00,W,N,A,-,N,,,,,,,,,,Y,2,0,2,1,C,-,18,,,N,E,7,A,A,H,-,A,D,0,,,Y,,Y,,-,"- ",2,0,0,0,0,0,0,0,2,"- ","- ",40.702659606933594,-122.32353973388672,SHASTA,UNINCORPORATED,-122.32361602783203,40.702568054199219
7199540,2015,2017-03-29,4502,2015-11-23,2045,145,,1,5,5,4502,0,0,0,,0,005,"RAILROAD AV","BUENAVENTURA BL",1264.00,N,N,A,-,N,,,,,,,,,,Y,1,1,0,2,A,-,"- ",,,N,G,B,E,A,H,-,C,D,0,Y,,,,Y,,N,60,0,0,0,1,0,0,0,0,0,"- ","- ",,,SHASTA,REDDING,-122.389,40.55767891
9377733,2021,2022-01-12,4501,2021-10-27,1640,228,A01,3,5,2,4501,0,0,0,,0,CITY,"RT 273","NORTH ST",35.00,N,N,A,-,Y,SHA,2,273,-,-,5.440,H,-,S,Y,2,0,2,2,A,-,01,23152,F,N,C,C,A,A,H,-,A,A,0,,,,,Y,,D,22,1,1,0,0,0,0,0,0,0,"- ","- ",,,SHASTA,ANDERSON,-122.30150604248047,40.450431823730469
90311792,2016,2016-11-17,9135,2016-09-23,1430,016461,,5,2,9,4500,0,1,3,,1,201,"SR-299E W/B","SUGAR PINE CAMP RD",16368.00,E,N,A,-,Y,,,299,,,,,,W,Y,1,1,0,1,A,-,08,22107,,N,E,I,A,A,H,-,A,D,0,,,,,Y,,A,01,0,0,0,0,0,0,0,0,0,"- ","- ",40.746760000000002,-122.06092,SHASTA,UNINCORPORATED,-122.06092009,40.746753419999997
90395015,2017,2017-02-16,9135,2017-02-03,1535,017956,,5,2,9,4500,0,3,5,,2,004,"LOCUST ST","BARNEY RD",528.00,S,N,B,C,N,,,,,,,,,,Y,2,0,3,2,A,-,03,22350,,N,A,C,A,B,H,-,A,D,0,,,,,Y,,A,01,1,0,2,0,0,0,0,0,0,"- ","- ",40.437150000000003,-122.28189,SHASTA,UNINCORPORATED,-122.28313,40.43721
90683133,2018,2018-03-15,9135,2018-03-11,1835,018388,,7,2,9,4500,0,1,3,,2,040,"DESCHUTES RD","OLD DESCHUTES RD",280.00,N,N,A,-,N,,,,,,,,,,Y,2,0,1,1,A,-,01,23152,A,N,E,I,A,A,H,-,A,D,0,,,Y,,Y,Y,C,02,1,0,0,0,0,0,0,0,1,"- ","- ",40.596519470214844,-122.23445129394531,SHASTA,UNINCORPORATED,-122.23769378662109,40.5933837890625
91271857,2020,2020-07-21,9135,2020-07-15,0731,018837,,3,1,9,4500,0,3,5,,2,003,"HAWTHORNE AVE","16847 HAWTHORNE AVE",164.00,W,N,A,-,N,,,,,,,,,,Y,2,0,1,1,A,-,08,22107,,N,F,A,A,A,H,-,A,D,0,,,Y,,Y,,C,02,1,0,0,0,0,0,0,0,1,"- ","- ",40.478099822998047,-122.43090057373047,SHASTA,UNINCORPORATED,,
8607405,2018,2019-07-11,4501,2018-04-08,1228,403,,7,5,2,4501,0,0,0,,0,001,"RT 273","BRECKENRIDGE LN",500.00,N,-,A,-,Y,SHA,2,273,-,-,6.590,H,-,S,Y,1,1,2,2,A,-,03,22350,,N,D,C,A,A,H,-,A,D,0,,,Y,,Y,,C,02,0,0,2,0,0,0,0,1,0,"- ","- ",,,SHASTA,ANDERSON,-122.31772613525391,40.461502075195312
9499840,2022,2022-11-15,4501,2022-08-07,1757,228,A02,7,5,2,4501,0,0,0,,0,CITY,"LOCUST RD","SOUTH BARNEY ST",645.00,S,N,A,-,N,,,,,,,,,,Y,2,0,3,2,A,-,01,23153,A,N,A,C,A,A,H,-,A,D,0,,,,,Y,Y,D,22,2,1,0,0,0,0,0,0,0,"- ","- ",,,SHASTA,ANDERSON,-122.28536224365234,40.437469482421875
9640336,2023,2025-06-25,4502,2023-06-11,2259,151,,7,5,5,4502,0,0,0,,0,R02,"CHURN CREEK RD","PRESIDIO ST",592.00,N,N,B,-,N,,,,,,,,,,Y,1,1,0,1,A,-,01,23152,A,N,E,I,A,A,H,-,C,D,0,,,,,Y,Y,D,22,0,0,0,0,0,0,0,0,0,"- ","- ",,,SHASTA,REDDING,-122.354248046875,40.583728790283203
90662972,2018,2018-02-16,9135,2018-02-11,0130,018829,,7,3,9,4500,0,3,5,,2,003,"BIRCH WAY","WILSHIRE DRIVE",595.00,N,N,A,-,N,,,,,,,,,,Y,2,0,1,1,A,-,01,23152,A,M,E,I,A,A,H,-,C,D,0,,,,,Y,Y,D,22,1,0,0,0,0,0,0,0,0,"- ","- ",40.563720703125,-122.36724853515625,SHASTA,UNINCORPORATED,-122.36721038818359,40.563499450683594
90779753,2018,2018-07-30,9135,2018-07-25,1920,019680,,3,2,9,4500,0,1,3,,2,603,"CASSEL FALL RIVER RD","SHOSHONI LOOP",560.00,S,N,A,-,N,,,,,,,,,,Y,2,0,1,1,A,-,01,23152,G,N,E,I,A,A,H,-,A,D,0,,,Y,,Y,Y,C,02,1,0,0,0,0,0,0,0,1,"- ","- ",41.001201629638672,-121.28559875488281,SHASTA,UNINCORPORATED,-121.43827819824219,40.960075378417969
91733678,2022,2022-03-25,9135,2022-03-11,1350,018021,,5,1,9,4500,0,3,5,,2,001,"IRON MOUNTAIN RD","STARVATION FLAT RD",500.00,N,N,A,-,N,,,,,,,,,,Y,2,0,1,1,A,-,03,22350,,N,E,I,A,A,H,-,A,D,0,,,Y,,Y,Y,C,02,1,0,0,0,0,0,0,0,1,"- ","- ",40.608680725097656,-122.46173858642578,SHASTA,UNINCORPORATED,-122.46030426025391,40.610050201416016
92386006,2024,2024-08-14,9135,2024-04-18,1550,019801,,4,2,2,4501,0,3,5,,2,004,"DESCHUTES RD","BALLS FERRY RD",167.00,N,N,A,-,N,,,,,,,,,,N,1,1,0,2,A,-,16,29004,B,N,G,8,F,A,H,-,A,D,0,Y,,,,Y,,E,22,0,0,0,1,0,0,0,0,0,"- ","- ",40.447521209716797,-122.2581787109375,SHASTA,ANDERSON,-122.25801086425781,40.44744873046875
9530815,2022,2022-12-07,4502,2022-05-14,1529,539,R02,6,5,5,4502,0,0,0,,0,002,"BECHELLI LN","CYPRESS AV",820.00,S,N,A,-,N,,,,,,,,,,Y,2,0,1,1,A,-,01,23152,A,N,E,I,A,A,H,-,A,D,0,,,,,Y,Y,A,01,1,0,0,0,0,0,0,0,0,"- ","- ",40.568668365478516,-122.36248779296875,SHASTA,REDDING,-122.36272430419922,40.568798065185547
90755792,2018,2018-06-26,9135,2018-06-20,1030,013553,,3,1,9,4500,0,1,3,,2,601,SR-299,"MOOSE CAMP ROAD",14784.00,E,N,A,-,Y,,,299,,,,,,,Y,2,0,1,2,A,-,05,21460,C,N,A,C,A,A,H,-,A,D,0,,,,Y,Y,,A,01,1,0,0,0,0,0,0,0,0,"- ","- ",40.862258911132812,-121.7965087890625,SHASTA,UNINCORPORATED,-121.79653167724609,40.862190246582031
91100360,2019,2019-10-18,9135,2019-10-10,1025,018890,,4,1,9,4500,0,3,5,,2,004,"WILSON HILL RD.","BATTLE CREEK BOTTOM RD.",1584.00,N,N,A,-,N,,,,,,,,,,N,2,0,1,2,A,-,03,22350,,N,G,B,E,A,H,-,A,D,0,Y,,,,Y,,A,07,1,0,0,0,1,0,0,0,0,"- ","- ",40.451450347900391,-121.89943695068359,SHASTA,UNINCORPORATED,-121.89943695068359,40.450637817382812
91188252,2020,2020-02-18,9135,2020-02-11,0935,016480,,2,1,9,4500,0,3,5,,2,003,"GAS POINT RD.","DELLA LN.",1080.00,W,N,A,-,N,,,,,,,,,,Y,2,0,1,1,A,-,01,23152,A,N,E,I,A,A,H,-,A,D,0,,,,,Y,Y,D,22,1,0,0,0,0,0,0,0,0,"- ","- ",40.389400482177734,-122.29789733886719,SHASTA,UNINCORPORATED,-122.2978515625,40.389308929443359
91321677,2020,2020-10-12,9135,2020-09-27,1145,017698,,7,1,9,4500,0,3,5,,2,004,"BALLS FERRY ROAD","LONE TREE ROAD",250.00,S,N,A,-,N,,,,,,,,,,Y,2,0,1,2,A,-,09,21801,A,N,D,C,A,A,H,-,A,D,0,,,Y,,Y,,A,01,1,0,0,0,0,0,0,0,1,"- ","- ",40.425338745117188,-122.22383117675781,SHASTA,UNINCORPORATED,-122.22432708740234,40.425670623779297
91376830,2020,2020-12-29,9135,2020-12-18,1835,017956,,5,2,9,4500,0,3,5,,2,003,"RHONDA ROAD","LYNN HART DR",2112.00,S,N,A,-,N,,,,,,,,,,Y,2,0,1,2,A,-,01,23152,A,N,A,C,A,A,H,-,D,A,0,,,,,Y,Y,A,07,1,0,0,0,0,0,0,0,0,"- ","- ",40.413810729980469,-122.18334197998047,SHASTA,UNINCORPORATED,-122.28326416015625,40.41571044921875
6853984,2015,2015-03-25,9135,2015-03-03,1840,16461,,2,2,9,4500,0,3,5,,2,003,"GAS POINT RD","RANCHO ESTATES RD",296.00,W,N,A,-,N,,,,,,,,,,N,2,0,1,2,A,-,11,21954,A,N,G,B,D,A,H,-,D,D,0,Y,,,,Y,,N,60,1,0,0,0,1,0,0,0,0,"- ","- ",,,SHASTA,UNINCORPORATED,-122.31309296000001,40.38926
7199539,2015,2016-05-05,4502,2015-11-04,1902,145,,3,5,5,4502,0,0,0,,0,002,"AIRPORT RD",PRESERVE,30.00,S,N,A,-,N,,,,,,,,,,Y,1,1,0,2,A,-,08,22100,B,N,D,G,A,A,H,-,C,A,0,,Y,,,Y,,L,04,0,0,0,0,0,1,0,0,0,"- ","- ",,,SHASTA,REDDING,-122.30280897999999,40.551707630000003
90297559,2016,2016-10-20,9135,2016-10-10,1945,016513,,1,2,5,4502,0,1,1,,2,055,"I-5 S/B","TWIN VIEW BLVD",350.00,N,N,A,-,Y,,,,,,,,,,Y,2,0,1,1,A,-,08,22107,,N,F,A,A,A,H,-,C,D,0,,,Y,,Y,,C,02,1,0,0,0,0,0,0,0,1,"- ","- ",,,SHASTA,REDDING,-122.36704748,40.623875730000002
90601050,2017,2017-11-22,9135,2017-11-12,1613,018021,,7,2,9,4500,0,1,1,,2,056,"I-5 S/B","BRIDGE BAY RD",3696.00,N,N,A,-,Y,,,,,,,,,,Y,2,0,3,3,A,-,03,22350,,N,C,C,E,A,H,-,A,D,0,Y,,,,Y,,A,07,2,1,0,0,1,0,0,0,0,"- ","- ",40.457099999999997,-122.19134,SHASTA,UNINCORPORATED,-122.31899016,40.760652319999998
90530299,2017,2017-08-24,9135,2017-08-22,1315,014425,,2,1,5,4502,0,1,1,,2,054,"I-5 S/B","BONNYVIEW ROAD OFF RAMP",810.00,N,N,A,-,Y,,,5,,,,,,S,Y,2,0,1,2,A,-,03,22350,,N,C,C,A,A,H,-,A,D,0,,,Y,,Y,,C,02,1,0,0,0,0,0,0,0,1,"- ","- ",40.542250000000003,-122.35242,SHASTA,REDDING,-122.35246780999999,40.54223502
90862989,2018,2018-11-19,9135,2018-11-17,0455,016087,,6,3,9,4500,0,1,1,,2,053,"I-5 N/B","KNIGHTON RD. O/C",200.00,S,N,A,-,Y,,,5,,,,,,N,Y,2,0,1,1,A,-,08,22107,,N,E,H,A,A,H,-,D,D,0,,,,,Y,,A,01,1,0,0,0,0,0,0,0,0,"- ","- ",40.502048492431641,-122.33545684814453,SHASTA,UNINCORPORATED,-122.33548736572266,40.502029418945312
91308010,2020,2020-09-21,9135,2020-09-11,1519,018777,,5,2,9,4500,0,1,3,,2,604,SR-44,SR-89,38016.00,E,N,A,-,Y,,,44,,,,,,,Y,2,0,1,1,A,-,08,22107,,N,F,A,A,A,H,-,A,D,0,,,Y,,Y,,C,02,1,0,0,0,0,0,0,0,1,"- ","- ",40.664020538330078,-121.35337829589844,SHASTA,UNINCORPORATED,-121.35338592529297,40.663974761962891
6992083,2015,2016-11-02,9135,2015-06-20,0215,01756,,6,3,9,4500,0,1,3,,2,040,"RT 44","BUTLER WY",112.00,W,N,A,-,Y,SHA,2,44,-,R,12.950,H,-,W,Y,2,0,10,1,A,-,01,23153,A,N,F,I,A,A,H,-,D,D,0,,,,,Y,Y,A,07,4,6,0,0,0,0,0,0,0,"- ","- ",40.532910000000001,-122.12139000000001,SHASTA,UNINCORPORATED,-122.13595269,40.533398269999999
7190110,2016,2016-04-23,4502,2016-01-28,2122,145,,4,5,5,4502,0,0,0,,0,002,"HARTNELL AV",NORTHWOODS,15.00,E,N,C,-,N,,,,,,,,,,Y,1,1,2,2,A,-,01,23152,A,N,D,C,A,B,H,-,C,A,0,,,,,Y,Y,D,22,0,1,1,0,0,0,0,0,0,"- ","- ",,,SHASTA,REDDING,-122.35627599,40.56382
6417439,2014,2014-06-24,9135,2014-03-01,2220,013553,,6,3,9,4500,0,3,5,,2,006,"SAPPHIRE RD","BARTEL ST",0.00,,Y,B,-,N,,,,,,,,,,Y,2,0,2,1,A,-,01,23152,A,N,E,I,A,B,H,-,D,A,0,,,,,Y,Y,A,01,2,0,0,0,0,0,0,0,0,"- ","- ",,,SHASTA,UNINCORPORATED,-121.66940992000001,40.871829949999999
8006653,2015,2016-04-14,4502,2015-07-13,1716,101,,1,5,5,4502,0,0,0,,0,002,"CHURN CREEK RD","EAST CYPRESS AV",270.00,S,N,A,-,N,,,,,,,,,,Y,2,0,3,2,A,-,08,22107,,N,A,C,A,A,H,-,A,D,0,,,Y,,Y,,A,08,1,0,2,0,0,0,0,0,2,"- ","- ",,,SHASTA,REDDING,-122.35309795000001,40.570298630000003
90659520,2018,2018-02-12,9135,2018-02-02,1516,018021,,5,2,9,4500,0,3,5,,2,004,"DESCHUTES RD","MEYER RD",4752.00,S,N,A,-,N,,,,,,,,,,Y,2,0,5,1,A,-,01,23152,A,N,E,I,A,A,H,-,A,D,0,,,,,Y,Y,A,01,2,3,0,0,0,0,0,0,0,"- ","- ",40.615978240966797,-122.23426818847656,SHASTA,UNINCORPORATED,-122.23453521728516,40.614986419677734
91097057,2019,2019-10-14,9135,2019-09-24,1725,018021,,2,2,9,4500,0,3,5,,2,001,"TRINITY MOUNTAIN ROAD",SR-299,880.00,N,N,A,-,N,,,,,,,,,,Y,2,0,1,1,A,-,01,23152,A,N,A,I,A,A,H,-,A,D,0,,,,,Y,Y,A,07,1,0,0,0,0,0,0,0,0,"- ","- ",40.666660308837891,-122.63394927978516,SHASTA,UNINCORPORATED,-122.63400268554688,40.666667938232422
91460480,2021,2021-05-27,9135,2021-04-21,2018,019030,,3,2,9,4500,0,3,5,,2,001,"LAKE BLVD","AARLY LN",87.00,N,N,A,-,N,,,,,,,,,,N,2,0,1,2,A,-,11,21954,A,N,B,B,D,A,H,-,D,D,0,Y,,,,Y,,N,60,1,0,0,0,1,0,0,0,0,"- ","- ",40.637729644775391,-122.40287017822266,SHASTA,UNINCORPORATED,-122.40281677246094,40.637699127197266
91643923,2021,2021-12-06,9135,2021-12-04,0001,018837,,6,3,9,4500,0,3,5,,2,003,"TEXAS SPRINGS RD","HONEYBEE LANE",0.00,,Y,B,-,N,,,,,,,,,,Y,2,0,1,1,A,-,01,23152,G,N,E,I,A,A,H,-,D,D,0,,,,,Y,Y,A,01,1,0,0,0,0,0,0,0,0,"- ","- ",40.509151458740234,-122.44696807861328,SHASTA,UNINCORPORATED,-122.44676971435547,40.509025573730469
7006710,2015,2016-07-20,4502,2015-05-29,1724,324,,5,5,5,4502,0,0,0,,0,004,"GRANGE ST","RT 273",100.00,E,N,A,-,Y,SHA,2,273,-,-,15.434,I,6,N,Y,1,1,0,1,A,-,13,22515,A,N,H,A,A,-,A,H,A,D,0,,,,,Y,,A,07,0,0,0,0,0,0,0,0,0,"- ","- ",,,SHASTA,REDDING,-122.38788972,40.568879920000001
7139673,2014,2016-01-09,4502,2014-09-14,0229,111,4502,7,5,5,4502,0,0,0,,0,007,"LAKE BL","CLAY ST",540.00,E,N,A,-,N,,,,,,,,,,Y,2,0,1,2,A,-,11,21955,,N,G,B,D,A,H,-,C,D,0,Y,,,,Y,Y,N,60,1,0,0,0,1,0,0,0,0,"- ","- ",,,SHASTA,REDDING,-122.38418634999999,40.612949810000003
8074921,2016,2016-07-06,4501,2016-06-14,1621,412,SHAST,2,5,2,4501,0,0,0,,0,001,"SOUTH ST","EMILY DR",100.00,W,N,A,-,N,,,,,,,,,,N,2,0,1,1,A,-,03,22350,A,N,E,I,A,A,H,-,A,D,0,,,Y,,Y,,C,02,1,0,0,0,0,0,0,0,1,"- ","- ",,,SHASTA,ANDERSON,-122.30268,40.442920000000001
8817086,2018,2019-03-19,4502,2018-12-05,1604,158,R01,3,5,5,4502,0,0,0,,0,001,"VICTOR AV","AZOULAY CT",268.00,S,N,B,-,N,,,,,,,,,,Y,2,0,3,3,A,-,03,22350,I,N,C,C,A,A,H,-,A,D,0,,,,,Y,,A,07,1,2,0,0,0,0,0,0,0,"- ","- ",40.580608367919922,-122.33872985839844,SHASTA,REDDING,-122.33875274658203,40.581203460693359
91162510,2019,2020-01-09,9135,2019-11-24,2500,014425,,7,4,5,4502,0,1,1,,2,054,"I-5 N/B TO SR-44 W/B","SR-44 UNDERCROSSING",549.00,S,N,A,-,Y,,,5,,,,R,,N,Y,1,2,0,1,A,-,08,22107,,N,E,I,A,A,H,-,D,D,0,,,,,Y,,A,01,0,0,0,0,0,0,0,0,0,"- ","- ",40.582420349121094,-122.35832214355469,SHASTA,REDDING,-122.35832214355469,40.582420349121094
91156317,2019,2019-12-31,9135,2019-12-16,0805,014516,,1,1,9,4500,0,1,1,,2,056,"I-5 S/B","ANTLERS BRIDGE",1003.00,S,N,A,-,Y,,,5,,,,,,S,Y,2,0,1,2,A,-,03,22350,,N,C,C,A,A,H,-,A,D,0,,,,Y,Y,,A,08,1,0,0,0,0,0,0,0,0,"- ","- ",40.877361297607422,-122.37507629394531,SHASTA,UNINCORPORATED,-122.37471771240234,40.877857208251953
92352240,2024,2024-04-02,9135,2024-03-14,1450,017698,,4,2,9,4500,0,1,3,,1,302,SR-273,"HILL STREET",0.00,,Y,A,-,Y,SHA,,273," "," ",7.535,H,,R,Y,2,0,3,2,A,-,09,21801,A,N,D,C,A,A,H,-,A,A,0,,,,,Y,,A,08,1,0,2,0,0,0,0,0,0,"- ","- ",40.470668792724609,-122.33106231689453,SHASTA,UNINCORPORATED,-122.33096313476562,40.470756530761719
6290409,2014,2015-12-23,9135,2014-03-14,2245,16424,,5,3,9,4500,0,3,5,,2,002,"DEER FLAT RD","RT 44",1007.00,N,N,A,-,N,,,,,,,,,,Y,1,1,0,1,A,-,08,22107,,N,E,I,A,A,H,-,D,D,0,,,,,Y,Y,A,07,0,0,0,0,0,0,0,0,0,"- ","- ",40.520380000000003,-121.6878,SHASTA,UNINCORPORATED,-121.68790557,40.520267969999999
90056337,2015,2015-11-20,9135,2015-11-08,1208,017428,,7,1,9,4500,0,3,5,,2,004,"CHURN CREEK RD.","CHURN CREEK BRIDGE #06C0128",151.00,S,N,B,C,N,,,,,,,,,,Y,2,0,1,1,A,-,08,22107,,N,E,I,A,B,H,-,A,D,0,,,,,Y,,A,01,1,0,0,0,0,0,0,0,0,"- ","- ",,,SHASTA,UNINCORPORATED,,
91209195,2020,2020-03-16,9135,2020-03-10,2208,016960,,2,3,9,4500,0,3,5,,2,004,"BALLS FERRY ROAD","RIVERLAND DRIVE",0.00,,N,A,-,N,,,,,,,,,,Y,2,0,1,1,A,-,08,22107,,N,E,I,A,A,H,-,D,A,0,,,,,Y,Y,A,07,1,0,0,0,0,0,0,0,0,"- ","- ",40.443569183349609,-122.25,SHASTA,UNINCORPORATED,-122.25193786621094,40.444919586181641
6767381,2014,2016-06-14,9135,2014-12-13,1924,015363,,6,2,9,4500,0,1,3,,1,301,"RT 299","TRINITY CO LINE",9398.00,E,N,A,-,Y,SHA,2,299,-,-,1.850,H,-,W,Y,2,0,3,2,A,-,05,21460,A,N,A,C,A,A,H,-,D,D,0,,,,,Y,,A,01,2,0,1,0,0,0,0,0,0,"- ","- ",,,SHASTA,UNINCORPORATED,-122.71451439000001,40.647371139999997
8401929,2017,2018-03-20,4500,2017-02-10,1620,221,SHAST,5,5,2,4580,0,0,0,,0,03B,"SHASTA DAM BL","CASCADE BL",31.00,W,N,C,-,Y,SHA,2,151,-,-,6.790,I,5,W,N,2,0,1,2,A,-,10,21950,A,N,G,B,B,B,H,-,C,A,0,Y,,,,Y,,D,22,1,0,0,0,1,0,0,0,0,"- ","- ",,,SHASTA,"SHASTA LAKE",-122.41573893,40.715078699999999
6630095,2014,2014-11-04,9135,2014-09-11,2205,016672,,4,3,9,4500,0,3,5,,2,004,"ASH CREEK RD","WILDCAT RD",18480.00,S,N,A,-,N,,,,,,,,,,Y,2,0,2,1,A,-,01,23152,F,N,E,I,A,A,H,-,D,D,0,,,,,Y,Y,D,22,1,1,0,0,0,0,0,0,0,"- ","- ",,,SHASTA,UNINCORPORATED,-122.14170328,40.441299979999997
7154101,2014,2016-01-11,4502,2014-03-30,1040,147,,7,5,5,4502,0,0,0,,0,003,"CHURN CREEK RD","S BONNYVIEW AV",0.00,,N,B,-,N,,,,,,,,,,Y,2,0,1,1,A,-,05,21650,,N,E,J,A,A,H,-,A,A,0,,,,,Y,,A,01,1,0,0,0,0,0,0,0,0,"- ","- ",,,SHASTA,REDDING,-122.34897998,40.538099959999997