CASE_ID,ACCIDENT_YEAR,PROC_DATE,JURIS,COLLISION_DATE,COLLISION_TIME,OFFICER_ID,REPORTING_DISTRICT,DAY_OF_WEEK,CHP_SHIFT,POPULATION,CNTY_CITY_LOC,SPECIAL_COND,BEAT_TYPE,CHP_BEAT_TYPE,CITY_DIVISION_LAPD,CHP_BEAT_CLASS,BEAT_NUMBER,PRIMARY_RD,SECONDARY_RD,DISTANCE,DIRECTION,INTERSECTION,WEATHER_1,WEATHER_2,STATE_HWY_IND,CALTRANS_COUNTY,CALTRANS_DISTRICT,STATE_ROUTE,ROUTE_SUFFIX,POSTMILE_PREFIX,POSTMILE,LOCATION_TYPE,RAMP_INTERSECTION,SIDE_OF_HWY,TOW_AWAY,COLLISION_SEVERITY,NUMBER_KILLED,NUMBER_INJURED,PARTY_COUNT,PRIMARY_COLL_FACTOR,PCF_CODE_OF_VIOL,PCF_VIOL_CATEGORY,PCF_VIOLATION,PCF_VIOL_SUBSECTION,HIT_AND_RUN,TYPE_OF_COLLISION,MVIW,PED_ACTION,ROAD_SURFACE,ROAD_COND_1,ROAD_COND_2,LIGHTING,CONTROL_DEVICE,CHP_ROAD_TYPE,PEDESTRIAN_ACCIDENT,BICYCLE_ACCIDENT,MOTORCYCLE_ACCIDENT,TRUCK_ACCIDENT,NOT_PRIVATE_PROPERTY,ALCOHOL_INVOLVED,STWD_VEHTYPE_AT_FAULT,CHP_VEHTYPE_AT_FAULT,COUNT_SEVERE_INJ,COUNT_VISIBLE_INJ,COUNT_COMPLAINT_PAIN,COUNT_PED_KILLED,COUNT_PED_INJURED,COUNT_BICYCLIST_KILLED,COUNT_BICYCLIST_INJURED,COUNT_MC_KILLED,COUNT_MC_INJURED,PRIMARY_RAMP,SECONDARY_RAMP,LATITUDE,LONGITUDE,COUNTY,CITY,POINT_X,POINT_Y
8105294,2016,2016-08-24,4502,2016-02-11,1425,105,,4,5,5,4502,0,0,0,,0,002,"AIRSTRIP RD","VIKING WY",204.00,S,N,A,-,N,,,,,,,,,,Y,2,0,1,1,A,-,01,23152,A,N,F,A,A,A,H,-,A,D,0,,,Y,,Y,Y,C,02,1,0,0,0,0,0,0,0,1,"- ","- ",,,SHASTA,REDDING,-122.32137723,40.577800009999997
9498926,2021,2022-11-03,4502,2021-11-30,1206,158,R06,2,5,5,4502,0,0,0,,0,006,"MARKET ST","BENTON DR",0.00,,Y,A,-,Y,SHA,2,273,-,-,17.820,I,5,N,Y,2,0,2,2,A,-,08,22107,,N,B,C,A,A,H,-,A,D,0,,,,,Y,,A,01,1,1,0,0,0,0,0,0,0,"- ","- ",40.599510192871094,-122.38411712646484,SHASTA,REDDING,-122.38401031494141,40.599491119384766
90403789,2017,2017-05-17,9135,2017-02-21,1413,013553,,2,2,9,4500,0,3,5,,2,006,"TAMARACK AVENUE","PARK AVENUE",65.00,S,N,B,-,N,,,,,,,,,,N,1,1,0,2,A,-,05,21650,,N,G,B,E,A,H,-,A,D,0,Y,,,,Y,,D,22,0,0,0,1,0,0,0,0,0,"- ","- ",,,SHASTA,UNINCORPORATED,-121.67439886,40.876745839999998
90808719,2018,2018-09-10,9135,2018-09-08,1547,014425,,6,2,9,4500,0,1,3,,1,301,SR-299,"CRYSTAL CREEK ROAD",430.00,E,N,A,-,Y,,,299,,,,,,,Y,2,0,2,2,A,-,05,21460,A,N,A,C,A,A,H,-,A,D,0,,,,,Y,,A,07,2,0,0,0,0,0,0,0,0,"- ","- ",40.668201446533203,-122.64459991455078,SHASTA,UNINCORPORATED,-122.64460754394531,40.668190002441406
90998900,2019,2019-07-08,9135,2019-05-22,1610,017698,,3,2,5,4502,0,1,3,,1,302,"SR-273 N/B","CANYON ROAD",950.00,S,N,B,-,Y,,,273,,,,,,N,Y,2,0,2,1,A,-,08,22107,,N,F,A,A,A,H,-,A,D,0,,,,,Y,,A,07,1,0,1,0,0,0,0,0,0,"- ","- ",40.503940582275391,-122.37825775146484,SHASTA,REDDING,-122.37815856933594,40.504009246826172
91271789,2020,2020-07-21,9135,2020-07-17,0000,020361,,5,3,9,4500,0,3,5,,2,004,"CHURN CREEK ROAD","MOCKINGJAY LANE",160.00,S,N,A,-,N,,,,,,,,,,Y,2,0,1,1,A,-,01,23152,A,N,F,A,A,A,H,-,D,D,0,,,,,Y,Y,A,01,1,0,0,0,0,0,0,0,0,"- ","- ",40.521041870117188,-122.333740234375,SHASTA,UNINCORPORATED,,
91881534,2022,2022-10-04,9135,2022-10-01,1935,019011,,6,2,9,4500,0,3,5,,2,002,"DRY CREEK ROAD","MIRROR VALLEY LANE",1056.00,N,N,A,-,N,,,,,,,,,,Y,2,0,2,1,A,-,01,23152,A,N,E,I,A,A,H,-,D,D,0,,,,,Y,Y,A,01,1,0,1,0,0,0,0,0,0,"- ","- ",40.675228118896484,-122.24140167236328,SHASTA,UNINCORPORATED,-122.24197387695312,40.675952911376953
6560036,2014,2016-04-29,9135,2014-07-05,0255,012421,,6,3,9,4500,0,1,3,,2,603,"RT 299","HAT CREEK POWERHOUSE NO 2 RD",2112.00,E,N,A,-,Y,SHA,2,299,-,-,83.210,H,-,E,Y,2,0,1,1,A,-,01,23152,A,N,E,I,A,A,H,-,D,D,0,,,,,Y,Y,A,01,1,0,0,0,0,0,0,0,0,"- ","- ",,,SHASTA,UNINCORPORATED,-121.56628751,40.971475269999999
6984167,2015,2017-01-13,9135,2015-07-01,1412,13861,,3,2,9,4500,0,1,1,,2,056,"RT 5","RIVERVIEW DR",8976.00,N,N,A,-,Y,SHA,2,5,-,R,44.020,H,-,S,Y,2,0,1,1,A,-,08,22107,,N,E,I,A,A,H,-,A,D,1,,,,Y,Y,,G,25,1,0,0,0,0,0,0,0,0,"- ","- ",40.924599999999998,-122.41115000000001,SHASTA,UNINCORPORATED,-122.41070177,40.923838699999997
8911559,2020,2022-06-14,4501,2020-07-28,0445,228,A02,2,5,2,4501,0,0,0,,0,002,"RUPERT RD","PARK PL",654.00,W,N,A,-,N,,,,,,,,,,Y,1,1,0,1,A,-,05,21650,1,N,E,I,A,A,H,-,D,D,0,,,,,Y,,A,01,0,0,0,0,0,0,0,0,0,"- ","- ",,,SHASTA,ANDERSON,-122.28362274169922,40.46368408203125
84760874,2023,2025-07-14,4502,2023-12-28,1428,514,,4,5,5,4502,0,0,0,,0,R03,"CHURN CREEK RD","SHIRLEY LANE",354.00,N,N,C,-,N,,,,,,,,,,Y,2,0,1,2,A,-,09,21804,A,N,D,C,A,B,H,-,A,D,0,,,,,Y,,A,01,1,0,0,0,0,0,0,0,0,"- ","- ",,,SHASTA,REDDING,-122.35305023193359,40.559383392333984
90371371,2017,2017-01-18,9135,2017-01-11,1455,012978,,3,2,9,4500,0,1,3,,1,401,SR-44,"DERSCH RD",3696.00,W,N,C,-,Y,,,,,,,,,,Y,2,0,2,2,A,-,08,22107,,N,A,C,A,B,H,-,A,D,0,,,,,Y,,A,01,1,0,1,0,0,0,0,0,0,"- ","- ",,,SHASTA,UNINCORPORATED,-122.04482477000001,40.51497457
90476950,2017,2017-06-13,9135,2017-05-29,0020,012142,,1,3,9,4500,0,1,3,,2,605,"STATE ROUTE 89","SR 44",17424.00,N,N,A,-,Y,,,,,,,,,,Y,2,0,2,1,A,-,08,22107,,N,E,I,A,A,H,-,D,D,0,,,,,Y,,A,01,1,1,0,0,0,0,0,0,0,"- ","- ",,,SHASTA,UNINCORPORATED,-121.5538846,40.58437455
90837288,2018,2018-10-16,9135,2018-10-11,0825,017157,,4,1,9,4500,0,1,3,,2,040,SR-44,"OLD 44 DR",0.00,,Y,A,-,Y,,,44,,,,,,,Y,2,0,3,2,A,-,09,21802,A,N,D,C,A,A,H,-,A,A,0,,,,,Y,,A,01,1,0,2,0,0,0,0,0,0,"- ","- ",40.538471221923828,-122.17430114746094,SHASTA,UNINCORPORATED,-122.17430114746094,40.538414001464844
90970014,2019,2019-04-18,9135,2019-04-11,1210,014516,,4,1,9,4500,0,1,1,,2,056,"I-5 S/B","MOUNTAIN GATE O/C",1144.00,N,N,B,-,Y,,,5,,,,,,S,Y,2,0,1,2,A,-,01,23152,A,N,D,I,A,A,H,-,A,D,0,,,,Y,Y,Y,D,22,1,0,0,0,0,0,0,0,0,"- ","- ",40.708740234375,-122.33535766601562,SHASTA,UNINCORPORATED,-122.33544921875,40.708793640136719
91233474,2020,2020-05-04,9135,2020-04-26,1730,017698,,7,2,9,4500,0,3,5,,2,003,"CLEAR CREEK ROAD","DOMINICS WAY",87.00,W,N,A,-,N,,,,,,,,,,Y,2,0,2,2,A,-,01,23152,A,N,A,C,A,A,H,-,A,D,0,,,,,Y,Y,A,01,1,0,1,0,0,0,0,0,0,"- ","- ",40.294589996337891,-122.28301239013672,SHASTA,UNINCORPORATED,-122.47499084472656,40.496086120605469
94451083,2024,2024-10-30,9135,2024-09-21,2010,021426,,6,2,9,4500,0,3,5,,2,002,"TERRY MILL RD","COLBERT RANCH ROAD",1056.00,E,N,A,-,N,,,,,,,,,,Y,1,1,1,1,A,-,08,22107,,N,E,I,A,A,H,-,D,D,0,,,,,Y,,A,01,0,1,0,0,0,0,0,0,0,"- ","- ",40.801998138427734,-121.90830230712891,SHASTA,UNINCORPORATED,-121.90900421142578,40.801372528076172
6606191,2014,2014-10-02,9135,2014-06-15,1202,12142,,7,1,9,4500,0,1,3,,2,605,"RT 89","CASSEL RD",8448.00,N,N,A,-,Y,SHA,2,89,-,-,18.390,H,-,N,Y,1,1,1,1,A,-,08,22107,,N,E,I,A,A,H,-,A,D,0,,,,,Y,,A,01,0,1,0,0,0,0,0,0,0,"- ","- ",,,SHASTA,UNINCORPORATED,-121.57608231,40.895670699999997
84720280,2025,2025-06-10,4502,2025-04-12,"138 ",135,,6,5,5,4502,0,0,0,,0,R04,273,273/KENYON,0.00,,Y,A,-,N,,,,,,,,,,Y,2,0,2,2,C,-,18,,,N,G,B,E,A,H,-,D,D,0,Y,,,,Y,Y,-,"- ",1,1,0,0,1,0,0,0,0,"- ","- ",,,SHASTA,REDDING,,
90654620,2018,2018-02-05,9135,2018-01-27,2133,013331,,6,2,5,4502,0,1,3,,2,040,"SR-44 W/B","CONTINENTAL ST",352.00,E,N,A,-,Y,,,44,,,,,,W,Y,2,0,1,1,A,-,01,23152,A,N,E,I,A,A,H,-,C,D,0,,,,,Y,Y,A,01,1,0,0,0,0,0,0,0,0,"- ","- ",40.586498260498047,-122.385498046875,SHASTA,REDDING,-122.385498046875,40.586502075195312
9080545,2019,2020-04-21,4502,2019-11-26,1748,R0026,R02,2,5,5,4502,0,0,0,,0,0R2,"SHASTA VIEW DR","WILSON AV",0.00,,Y,D,-,N,,,,,,,,,,Y,2,0,1,2,A,-,12,22450,A,N,D,C,A,C,H,-,C,D,0,,,,,Y,,D,22,1,0,0,0,0,0,0,0,0,"- ","- ",40.566619873046875,-122.32554626464844,SHASTA,REDDING,-122.3255615234375,40.566608428955078
9266368,2020,2021-06-08,4502,2020-10-22,0016,R0115,R03,4,5,5,4502,0,0,0,,0,003,"BECHELLI LN","HEMSTED DR",103.00,S,N,A,-,N,,,,,,,,,,Y,2,0,2,1,A,-,01,23152,B,N,E,I,A,A,H,-,C,D,0,,,,,Y,Y,D,22,2,0,0,0,0,0,0,0,0,"- ","- ",40.572689056396484,-122.36257171630859,SHASTA,REDDING,-122.36279296875,40.57354736328125
90207316,2016,2016-06-22,9135,2016-06-19,1100,016339,,7,1,9,4500,0,1,3,,1,301,SR-299,"HIGH ST.",0.00,,Y,A,-,Y,,,,,,,,,,N,2,0,2,2,A,-,03,22350,,N,C,C,A,A,H,-,A,D,0,,,Y,,Y,,C,02,1,1,0,0,0,0,0,0,2,"- ","- ",,,SHASTA,UNINCORPORATED,,
90567391,2017,2017-10-11,9135,2017-07-21,0105,019030,,5,3,9,4500,0,3,5,,2,003,"HAPPY VALLEY ROAD","STRAWBERRY LANE",549.00,S,N,A,-,N,,,,,,,,,,Y,1,1,4,2,A,-,01,23152,F,N,A,C,A,A,H,-,C,D,0,,,,,Y,Y,A,01,2,0,2,0,0,0,0,0,0,"- ","- ",40.474699999999999,-122.39731,SHASTA,UNINCORPORATED,-122.39729699999999,40.474757449999998
6508966,2014,2015-11-20,4501,2014-05-16,1731,412,SHAST,5,5,2,4501,0,0,0,,0,002,"NORTH ST","RT 5",48.00,E,N,A,-,Y,SHA,2,5,-,R,5.833,R,4,S,Y,2,0,1,2,A,-,12,22450,A,N,B,C,A,A,H,-,A,A,0,,,,,Y,,A,01,1,0,0,0,0,0,0,0,0,"- ",EF,,,SHASTA,ANDERSON,-122.295728,40.455474000000002
90930263,2019,2019-03-14,9135,2019-01-13,0118,020361,,7,3,9,4500,0,1,3,,1,302,"SR-273 S/B","THOMAS ROAD",935.00,N,N,A,-,Y,,,273,,,,,,S,N,1,1,0,2,A,-,05,21202,A,N,D,G,A,A,H,-,D,D,0,,Y,,,Y,,L,04,0,0,0,0,0,1,0,0,0,"- ","- ",40.490558624267578,-122.36023712158203,SHASTA,UNINCORPORATED,-122.3602294921875,40.490573883056641
7139603,2014,2016-01-09,4502,2014-10-29,1834,166,,3,5,5,4502,0,0,0,,0,002,"CHURN CREEK RD","PRESIDIO ST",104.00,N,N,A,-,N,,,,,,,,,,N,2,0,1,2,A,-,11,21954,A,N,G,B,E,A,H,-,C,D,0,Y,,,,Y,,N,60,1,0,0,0,1,0,0,0,0,"- ","- ",,,SHASTA,REDDING,-122.35431023,40.582375020000001
8183889,2016,2016-12-16,4500,2016-11-20,1730,221,4500,7,5,2,4580,0,0,0,,0,03B,"ROSE AV","LENA WY",69.70,E,N,C,-,N,,,,,,,,,,Y,2,0,3,1,A,-,03,22350,,N,E,I,A,B,H,-,D,D,0,,,,,Y,,A,01,1,0,2,0,0,0,0,0,0,"- ","- ",,,SHASTA,"SHASTA LAKE",-122.39666,40.687800000000003
8417439,2017,2017-08-03,4502,2017-05-13,0804,170,,6,5,5,4502,0,0,0,,0,001,"OLD ALTURAS RD",FRIENDLY,12.00,W,N,A,-,N,,,,,,,,,,Y,2,0,2,2,A,-,12,21453,A,N,D,C,A,A,H,-,A,A,0,,,,,Y,,D,22,1,0,1,0,0,0,0,0,0,"- ","- ",,,SHASTA,REDDING,-122.34689170999999,40.587812390000003
9504025,2022,2022-10-10,4502,2022-04-15,1428,193,R07,5,5,5,4502,0,0,0,,0,,"RT 273","TWIN VIEW BL",0.00,,Y,A,-,Y,SHA,2,273,-,-,18.920,I,5,S,Y,1,1,0,2,A,-,05,21651,B,N,A,C,A,A,H,-,A,A,0,,,Y,,Y,,C,02,0,0,0,0,0,0,0,1,0,"- ","- ",,,SHASTA,REDDING,-122.37549591064453,40.613513946533203
90035405,2015,2015-10-21,9135,2015-10-11,0910,012978,9135,7,1,9,4500,0,1,1,,2,055,SR-299,"OAK RUN ROAD",29832.00,W,N,A,-,Y,,,299,,,,,,,Y,2,0,1,1,A,-,01,23152,A,N,E,I,A,A,H,-,A,D,0,,,,,Y,Y,A,01,1,0,0,0,0,0,0,0,0,"- ","- ",40.706600000000002,-122.0919,SHASTA,UNINCORPORATED,-122.09192437999999,40.706635439999999
9530549,2022,2022-12-06,4502,2022-03-16,2251,167,R04,3,5,5,4502,0,0,0,,0,004,"RIVER RD","SACRAMENTO DR",0.00,,Y,A,-,N,,,,,,,,,,Y,2,0,1,1,A,-,01,23152,A,N,A,I,A,A,H,-,C,A,0,,,,,Y,Y,A,01,1,0,0,0,0,0,0,0,0,"- ","- ",40.520870208740234,-122.36583709716797,SHASTA,REDDING,-122.36344146728516,40.515956878662109
9640491,2023,2024-05-21,4502,2023-07-14,1123,158,,5,5,5,4502,0,0,0,,0,,"AIRPORT RD","FIG TREE LN",567.00,S,N,A,-,N,,,,,,,,,,Y,1,1,1,3,A,-,09,21801,B,N,D,C,A,A,H,-,A,D,0,,,,Y,Y,,A,01,1,0,0,0,0,0,0,0,0,"- ","- ",,,SHASTA,REDDING,-122.29434204101562,40.489948272705078
90013711,2015,2015-10-19,9135,2015-08-24,1610,017698,,1,2,5,4502,0,3,5,,2,003,"CANYON ROAD","CHINA GULCH ROAD",658.00,S,N,A,-,N,,,,,,,,,,Y,2,0,1,1,A,-,08,22107,,N,E,I,A,A,H,-,A,D,0,,,Y,,Y,,C,02,1,0,0,0,0,0,0,0,1,"- ","- ",,,SHASTA,REDDING,-122.39384905,40.486826409999999
90022436,2015,2015-10-19,9135,2015-08-30,1730,016087,,7,2,9,4500,0,3,5,,2,003,"MISSOURI LANE","FAIRWIND DRIVE",213.00,N,N,A,-,N,,,,,,,,,,Y,1,2,1,1,A,-,01,23152,,F,E,I,A,A,H,-,A,D,0,,,,,Y,Y,A,01,0,1,0,0,0,0,0,0,0,"- ","- ",,,SHASTA,UNINCORPORATED,-122.32642654999999,40.460223450000001
91284647,2020,2020-08-12,9135,2020-08-03,2058,016790,,1,2,9,4500,0,1,1,,2,056,"I-5 N/B","STATTON RD",350.00,S,N,A,-,Y,,,5,,,,,,N,Y,2,0,2,1,A,-,08,22107,,N,E,I,A,A,H,-,D,D,0,,,Y,,Y,,C,02,1,1,0,0,0,0,0,0,2,"- ","- ",40.849651336669922,-122.34104156494141,SHASTA,UNINCORPORATED,-122.3411865234375,40.849536895751953
91425650,2020,2021-03-12,9135,2020-09-16,2246,016790,,3,3,9,4500,0,1,3,,1,201,SR-299,"WOODMAN LN (W)",1056.00,E,N,A,-,Y,,,299,,,,,,,Y,1,1,0,1,A,-,01,23152,G,N,E,I,A,A,H,-,D,D,0,,,,,Y,,A,01,0,0,0,0,0,0,0,0,0,"- ","- ",40.682338714599609,-122.15339660644531,SHASTA,UNINCORPORATED,-122.15343475341797,40.682392120361328
91743060,2022,2022-04-07,9135,2022-03-29,1620,019030,,2,2,9,4500,0,3,5,,2,002,"OLD OREGON TRAIL","JILL LANE",326.00,N,N,A,-,N,,,,,,,,,,Y,2,0,1,2,A,-,09,21804,A,N,D,C,A,A,H,-,A,D,0,,,,,Y,,D,22,1,0,0,0,0,0,0,0,0,"- ","- ",40.582210540771484,-122.30725860595703,SHASTA,UNINCORPORATED,-122.30717468261719,40.582027435302734
8648706,2018,2019-03-12,4502,2018-06-13,1959,145,,3,5,5,4502,0,0,0,,0,002,"HARTNELL AV","BECHELLI LN",39.00,W,N,A,-,N,,,,,,,,,,Y,1,1,0,2,A,-,11,21954,A,N,G,B,D,A,H,-,A,A,0,Y,,,,Y,,N,60,0,0,0,1,0,0,0,0,0,"- ","- ",,,SHASTA,REDDING,-122.36277770996094,40.563812255859375
9246608,2021,2021-04-12,4501,2021-03-13,1624,225,A01,6,5,2,4501,0,0,0,,0,A01,"LOCUST ST","SOUTH BARNEY RD",0.00,,Y,A,-,N,,,,,,,,,,Y,2,0,1,2,A,-,09,21802,A,N,D,C,A,A,H,-,A,D,0,,,,,Y,,-,,1,0,0,0,0,0,0,0,0,"- ","- ",,,SHASTA,ANDERSON,-122.28312683105469,40.437206268310547
6291602,2014,2015-01-21,9135,2014-10-09,2135,15667,,4,2,9,4500,0,3,5,,2,002,"OLD ALTURAS RD","DESCHUTES RD",600.00,E,N,A,-,N,,,,,,,,,,Y,1,1,0,1,A,-,01,23152,A,N,E,I,A,A,H,-,D,D,0,,,,,Y,Y,A,01,0,0,0,0,0,0,0,0,0,"- ","- ",,,SHASTA,UNINCORPORATED,-122.24055,40.636800000000001
6292137,2015,2015-05-19,9135,2015-02-21,0320,17956,,6,3,5,4502,0,1,1,,2,053,"RT 5","TEHAMA CO LINE",220.00,N,N,A,-,Y,SHA,2,5,-,-,0.040,H,-,S,Y,1,1,1,2,A,-,01,23152,A,N,A,C,A,A,H,-,D,A,1,,,,Y,Y,Y,A,01,0,1,0,0,0,0,0,0,0,"- ","- ",,,SHASTA,REDDING,-122.28471983999999,40.376895210000001
6292227,2015,2017-05-09,9135,2015-04-21,1915,15640,,2,2,9,4500,0,1,3,,1,201,"RT 299","SUGAR PINE CAMP RD",10032.00,E,N,B,-,Y,SHA,2,299,-,-,43.410,H,-,E,Y,1,2,0,1,A,-,08,22107,,N,E,I,A,A,H,-,A,D,0,,,,,Y,,D,22,0,0,0,0,0,0,0,0,0,"- ","- ",40.733409999999999,-122.07359,SHASTA,UNINCORPORATED,-122.07642124,40.730507920000001
6292359,2015,2015-07-14,4502,2015-01-30,0525,105,,5,5,5,4502,0,0,0,,0,004,"RT 273","BRANSTETTER LN",502.00,S,N,A,-,Y,SHA,2,273,-,-,13.030,H,-,N,N,1,1,0,2,A,-,11,21954,A,N,G,B,D,-,H,-,D,D,0,Y,,,Y,Y,Y,N,60,0,0,0,1,0,0,0,0,0,"- ","- ",,,SHASTA,REDDING,-122.38430734000001,40.534018000000003
6292499,2015,2015-08-21,9135,2015-06-20,2201,18026,,6,3,9,4500,0,1,3,,2,402,"RT 44","OAK TERRACE LN",528.00,E,N,A,-,Y,SHA,2,44,-,R,12.880,H,-,W,Y,1,2,1,2,A,-,05,21460,A,N,D,C,A,A,H,-,D,D,0,,,,,Y,,A,01,0,1,0,0,0,0,0,0,0,"- ","- ",,,SHASTA,UNINCORPORATED,-122.13720453000001,40.533562770000003
6292893,2017,2017-09-26,4502,2017-07-09,1756,166,4502,7,5,5,4502,0,0,0,,0,002,"HARTNELL AV","MIDDLETON LN",0.00,,Y,A,-,N,,,,,,,,,,Y,1,1,1,2,A,-,09,21801,A,N,D,C,A,A,H,-,A,D,0,,,Y,,Y,,A,01,1,0,0,0,0,0,0,1,1,"- ","- ",,,SHASTA,REDDING,-122.34270986999999,40.563739939999998
6414619,2014,2015-11-14,9135,2014-02-25,1830,15245,,2,2,9,4500,0,1,3,,1,302,"RT 273","THOMAS RD",528.00,N,N,A,-,Y,SHA,2,273,-,-,9.520,H,-,S,N,2,0,1,2,A,-,11,21954,A,N,G,B,E,A,H,-,D,D,0,Y,,,,Y,,N,60,1,0,0,0,1,0,0,0,0,"- ","- ",,,SHASTA,UNINCORPORATED,-122.35919769,40.489869550000002
6421061,2014,2014-07-02,9135,2014-03-15,1200,012264,,6,1,9,4500,0,3,5,,2,002,"BACK BONE RIDGE RD","VALLEY VISTA CT",22176.00,N,N,A,-,N,,,,,,,,,,N,2,0,3,1,A,-,03,22350,,N,F,J,A,A,A,-,A,D,0,,,Y,,Y,,C,06,1,2,0,0,0,0,0,0,3,"- ","- ",,,SHASTA,UNINCORPORATED,-122.17796355,40.722165449999999
6430320,2014,2014-06-20,9135,2014-03-16,2200,16087,,7,3,9,4500,0,3,5,,2,003,"CLEAR CREEK RD","CLOVERDALE RD",7392.00,E,N,A,-,N,,,,,,,,,,Y,2,0,1,1,A,-,01,23152,A,N,E,I,A,A,H,-,D,D,0,,,,,Y,Y,A,07,1,0,0,0,0,0,0,0,0,"- ","- ",,,SHASTA,UNINCORPORATED,-122.49457583,40.49453149
6437270,2014,2014-07-01,9135,2014-03-31,1547,11890,,1,2,9,4500,0,3,5,,2,002,"OLD 44 DR","TWIN AV",1320.00,W,N,B,C,N,,,,,,,,,,Y,2,0,2,1,A,-,03,22350,,F,E,I,A,B,H,-,A,D,0,,,,,Y,Y,A,01,1,0,1,0,0,0,0,0,0,"- ","- ",40.553660000000001,-122.18377,SHASTA,UNINCORPORATED,-122.18378679999999,40.553888780000001
6457731,2014,2014-07-10,9135,2014-04-15,2025,016087,,2,2,9,4500,0,3,5,,2,004,"MAIN ST","TREFOIL LN",797.00,N,N,A,-,N,,,,,,,,,,N,2,0,1,2,A,-,11,21954,A,N,G,B,D,A,H,-,D,D,0,Y,,,,Y,,N,60,1,0,0,0,1,0,0,0,0,"- ","- ",,,SHASTA,UNINCORPORATED,-122.28073999999999,40.398608420000002
6488654,2014,2014-07-29,9135,2014-05-12,0637,15640,,1,1,9,4500,0,3,5,,2,004,"LOCUST ST","BARNEY RD",792.00,S,N,A,-,N,,,,,,,,,,Y,2,0,2,2,A,-,03,22350,,N,A,C,A,A,H,-,A,D,0,,,,Y,Y,,G,25,1,0,1,0,0,0,0,0,0,"- ","- ",40.437040000000003,-122.28184,SHASTA,UNINCORPORATED,-122.28313,40.43721
6488849,2014,2014-08-05,9135,2014-05-05,1600,16087,,1,2,9,4500,0,1,3,,1,302,"HAPPY VALLEY RD","LLOYD LN",63.00,W,N,B,-,N,,,,,,,,,,Y,2,0,1,2,A,-,08,22107,,N,E,C,A,A,H,-,A,A,0,,,Y,,Y,,C,02,1,0,0,0,0,0,0,0,1,"- ","- ",,,SHASTA,UNINCORPORATED,-122.36808971000001,40.492720230000003
6505351,2014,2015-11-19,9135,2014-05-25,0215,16480,,7,3,5,4502,0,1,3,,1,201,"RT 299","CHURN CREEK RD",460.00,W,N,A,-,Y,SHA,2,299,-,-,25.309,R,2,E,Y,2,0,1,1,A,-,08,22107,,N,E,I,A,A,H,-,C,D,1,,,,,Y,,A,01,1,0,0,0,0,0,0,0,0,TO,"- ",,,SHASTA,REDDING,-122.35421728,40.613802970000002
6515839,2014,2014-08-20,9135,2014-06-27,1927,016672,,5,2,9,4500,0,3,5,,2,004,"KNIGHTON RD","CHURN CREEK RD",3.00,W,N,A,-,N,,,,,,,,,,Y,2,0,2,1,A,-,01,23152,A,N,E,I,A,A,H,-,A,A,0,,,Y,,Y,Y,C,02,1,1,0,0,0,0,0,0,2,"- ","- ",,,SHASTA,UNINCORPORATED,-122.33364075,40.505649259999998
6565418,2014,2016-04-25,9135,2014-07-10,2007,16461,,4,2,5,4502,0,1,3,,2,040,"RT 5","RT 44",11.00,N,N,A,-,Y,SHA,2,44,-,L,1.562,R,2,E,Y,2,0,1,1,A,-,01,23152,A,N,F,A,A,A,H,-,A,D,1,,,Y,,Y,Y,C,02,1,0,0,0,0,0,0,0,1,FR,"- ",,,SHASTA,REDDING,-122.36506514,40.585621789999998
6567103,2014,2014-08-28,9135,2014-07-10,0830,017428,,4,1,9,4500,0,3,5,,2,003,"GAS POINT RD","DICKENS LN",127.00,W,N,A,-,N,,,,,,,,,,Y,2,0,1,1,A,-,08,22107,,N,E,I,A,A,H,-,A,D,0,,,,,Y,,A,01,1,0,0,0,0,0,0,0,0,"- ","- ",,,SHASTA,UNINCORPORATED,-122.36743237,40.388885649999999
6571797,2014,2016-04-27,9135,2014-07-16,1530,012264,,3,2,9,4500,0,1,3,,1,301,"RT 299","J F KENNEDY MEMORIAL DR",375.00,W,N,A,-,Y,SHA,2,299,-,-,16.408,H,-,W,Y,2,0,1,1,A,-,01,23152,A,N,E,I,A,A,H,-,A,D,0,,,,,Y,Y,D,23,1,0,0,0,0,0,0,0,0,"- ","- ",,,SHASTA,UNINCORPORATED,-122.52021707999999,40.615772079999999
6600093,2014,2014-09-15,9135,2014-08-21,1424,015133,,4,2,9,4500,0,3,5,,2,003,"CLEAR CREEK RD","HORSETOWN BRIDGE",870.00,W,N,A,-,N,,,,,,,,,,Y,2,0,4,2,A,-,05,21460,A,N,A,C,A,A,H,-,A,D,0,,,,,Y,,D,22,1,3,0,0,0,0,0,0,0,"- ","- ",40.493070000000003,-122.49941,SHASTA,UNINCORPORATED,-122.49941,40.493070000000003
6657812,2014,2016-06-14,9135,2014-10-01,1630,015418,,3,2,9,4500,0,1,3,,2,605,"RT 89","RT 44",7920.00,N,N,A,-,Y,SHA,2,89,-,-,1.390,H,-,S,Y,2,0,2,2,A,-,03,22350,,N,C,C,A,A,H,-,A,D,0,,,,,Y,,D,22,1,1,0,0,0,0,0,0,0,"- ","- ",,,SHASTA,UNINCORPORATED,-121.41803384000001,40.702305920000001
6678104,2015,2016-02-18,4502,2015-08-21,1148,166,,5,5,5,4502,0,0,0,,0,002,"CHURN CREEK RD","HARTNELL AV",0.00,N,N,A,-,N,,,,,,,,,,Y,1,1,1,2,A,-,03,22350,,N,D,C,A,A,H,-,A,A,0,,,Y,,Y,,C,02,0,0,1,0,0,0,0,1,0,"- ","- ",,,SHASTA,REDDING,-122.35311996,40.563819979999998