CASE_ID,ACCIDENT_YEAR,PROC_DATE,JURIS,COLLISION_DATE,COLLISION_TIME,OFFICER_ID,REPORTING_DISTRICT,DAY_OF_WEEK,CHP_SHIFT,POPULATION,CNTY_CITY_LOC,SPECIAL_COND,BEAT_TYPE,CHP_BEAT_TYPE,CITY_DIVISION_LAPD,CHP_BEAT_CLASS,BEAT_NUMBER,PRIMARY_RD,SECONDARY_RD,DISTANCE,DIRECTION,INTERSECTION,WEATHER_1,WEATHER_2,STATE_HWY_IND,CALTRANS_COUNTY,CALTRANS_DISTRICT,STATE_ROUTE,ROUTE_SUFFIX,POSTMILE_PREFIX,POSTMILE,LOCATION_TYPE,RAMP_INTERSECTION,SIDE_OF_HWY,TOW_AWAY,COLLISION_SEVERITY,NUMBER_KILLED,NUMBER_INJURED,PARTY_COUNT,PRIMARY_COLL_FACTOR,PCF_CODE_OF_VIOL,PCF_VIOL_CATEGORY,PCF_VIOLATION,PCF_VIOL_SUBSECTION,HIT_AND_RUN,TYPE_OF_COLLISION,MVIW,PED_ACTION,ROAD_SURFACE,ROAD_COND_1,ROAD_COND_2,LIGHTING,CONTROL_DEVICE,CHP_ROAD_TYPE,PEDESTRIAN_ACCIDENT,BICYCLE_ACCIDENT,MOTORCYCLE_ACCIDENT,TRUCK_ACCIDENT,NOT_PRIVATE_PROPERTY,ALCOHOL_INVOLVED,STWD_VEHTYPE_AT_FAULT,CHP_VEHTYPE_AT_FAULT,COUNT_SEVERE_INJ,COUNT_VISIBLE_INJ,COUNT_COMPLAINT_PAIN,COUNT_PED_KILLED,COUNT_PED_INJURED,COUNT_BICYCLIST_KILLED,COUNT_BICYCLIST_INJURED,COUNT_MC_KILLED,COUNT_MC_INJURED,PRIMARY_RAMP,SECONDARY_RAMP,LATITUDE,LONGITUDE,COUNTY,CITY,POINT_X,POINT_Y
6678133,2015,2016-02-18,4502,2015-11-27,2016,158,SCSC,5,5,5,4502,0,0,0,,0,002,"HARTNELL AV","AIRPORT RD",147.00,W,N,A,-,N,,,,,,,,,,Y,1,1,0,1,A,-,01,23152,,N,F,I,A,A,H,-,D,D,0,,,,,Y,Y,D,22,0,0,0,0,0,0,0,0,0,"- ","- ",,,SHASTA,REDDING,-122.30222153,40.55913348
6691615,2014,2014-12-09,9135,2014-10-23,0035,017428,,4,3,9,4500,0,3,5,,2,003,"WEST ANDERSON DR","DAVIDSON LN",4752.00,N,N,B,C,N,,,,,,,,,,Y,2,0,1,1,A,-,08,22107,,N,F,A,A,B,H,-,D,D,0,,,,,Y,,D,22,1,0,0,0,0,0,0,0,0,"- ","- ",,,SHASTA,UNINCORPORATED,-122.33187863000001,40.424288670000003
6718560,2014,2015-07-06,4502,2014-03-26,2051,166,,3,5,5,4502,0,0,0,,0,004,"RT 273","WYNDHAM LN",0.00,S,N,C,-,Y,SHA,2,273,-,-,14.780,H,-,S,N,1,1,0,2,A,-,11,21954,A,N,G,B,E,B,H,-,D,D,0,Y,,,Y,Y,,N,60,0,0,0,1,0,0,0,0,0,"- ","- ",,,SHASTA,REDDING,-122.38840535999999,40.559031679999997
6783441,2015,2016-09-02,9135,2015-02-06,2139,15667,,5,2,9,4500,0,1,1,,2,056,"RT 5","FAWNDALE RD",3005.00,N,N,B,C,Y,SHA,2,5,-,R,26.610,H,-,N,Y,2,0,3,2,A,-,03,22350,,N,D,C,A,B,H,-,D,D,1,,,,Y,Y,,G,27,1,2,0,0,0,0,0,0,0,"- ","- ",,,SHASTA,UNINCORPORATED,-122.31522551,40.738464190000002
6818985,2015,2016-09-07,9135,2015-02-04,1749,015363,,3,2,5,4502,0,1,3,,1,401,"RT 44","SILVER BRIDGE RD",0.00,,Y,B,-,Y,SHA,2,44,-,R,8.050,I,5,W,Y,2,0,2,2,A,-,09,21801,A,N,D,C,A,A,H,-,C,D,0,,,,,Y,,A,01,1,0,1,0,0,0,0,0,0,"- ","- ",,,SHASTA,REDDING,-122.21985646,40.553455300000003
6826153,2015,2015-03-13,9135,2015-02-15,1820,016087,,7,2,9,4500,0,3,5,,2,003,"OAK ST","CHINA GULCH DR",8.00,N,N,A,-,N,,,,,,,,,,Y,2,0,1,1,A,-,01,23152,A,N,E,I,A,A,H,-,C,D,0,,,,,Y,Y,A,01,1,0,0,0,0,0,0,0,0,"- ","- ",,,SHASTA,UNINCORPORATED,-122.45462999999999,40.484990000000003
6854241,2015,2015-04-16,9135,2015-02-14,2135,12142,,6,2,9,4500,0,1,3,,2,604,"RT 44","LASSEN CO LINE",2112.00,W,N,A,-,Y,SHA,2,44,-,-,71.040,H,-,W,Y,1,1,3,1,A,-,08,22107,,N,E,I,A,A,H,-,D,D,0,,,,,Y,,A,01,0,3,0,0,0,0,0,0,0,"- ","- ",,,SHASTA,UNINCORPORATED,-121.32845991000001,40.656687210000001
6854323,2014,2015-04-28,9135,2014-10-24,2207,015968,,5,3,5,4502,0,1,3,,1,401,"RT 44","MILLVILLE PLAINS RD",2640.00,W,N,A,-,Y,SHA,2,44,-,R,10.300,H,-,W,Y,1,1,1,2,A,-,01,23152,A,N,A,C,A,A,H,-,D,D,0,,,,,Y,Y,D,22,0,1,0,0,0,0,0,0,0,"- ","- ",40.541400000000003,-122.18432,SHASTA,REDDING,-122.18277098,40.540497530000003
6899805,2015,2016-11-02,9135,2015-04-15,1735,18133,,3,2,9,4500,0,1,3,,1,301,"RT 299","SOUTH SHORE DR",3168.00,E,N,A,-,Y,SHA,2,299,-,-,10.290,H,-,W,Y,2,0,3,2,A,-,01,23152,E,N,A,C,A,A,H,-,A,D,0,,,,,Y,,D,22,1,1,1,0,0,0,0,0,0,"- ","- ",40.650680000000001,-122.61705000000001,SHASTA,UNINCORPORATED,-122.61650834,40.650787319999999
6935816,2015,2016-11-03,9146,2015-05-06,0825,014983,,3,1,9,4500,0,1,1,,2,014,"RT 5","SIMS RD",11616.00,S,N,A,-,Y,SHA,2,5,-,R,55.200,H,-,S,Y,2,0,2,2,A,-,07,21658,A,N,B,C,A,A,H,-,A,D,1,,,,Y,Y,,A,01,2,0,0,0,0,0,0,0,0,"- ","- ",41.048290000000001,-122.38506,SHASTA,UNINCORPORATED,-122.38354839,41.048637970000001
6936709,2015,2016-11-03,9146,2015-05-21,0358,018347,,4,3,9,4500,0,1,1,,2,013,"RT 5",CREEKSIDE,784.00,S,N,B,-,Y,SHA,2,5,-,-,59.820,H,-,N,N,2,0,1,2,A,-,11,21954,A,N,G,B,E,A,H,-,D,D,1,Y,,,,Y,Y,N,60,1,0,0,0,1,0,0,0,0,"- ","- ",41.101010000000002,-122.34148999999999,SHASTA,UNINCORPORATED,-122.34141205,41.101128660000001
6950142,2015,2015-06-17,4501,2015-05-09,2039,406,4501,6,5,2,4501,0,0,0,,0,0II,"BALLS FERRY RD","STINGY LN",0.00,,Y,A,-,N,,,,,,,,,,Y,2,0,2,1,A,-,05,21650,,N,E,I,A,A,H,-,D,A,0,,,,,Y,Y,-,,1,0,1,0,0,0,0,0,0,"- ","- ",,,SHASTA,ANDERSON,-122.28435992999999,40.457709989999998
6950425,2015,2015-06-23,9135,2015-05-17,0040,018026,,7,3,9,4500,0,3,5,,2,002,"BOYLE RD","NEVILLE RD",241.00,E,N,B,-,N,,,,,,,,,,Y,2,0,4,1,A,-,01,23152,A,N,E,I,A,B,H,-,D,D,0,,,,,Y,Y,D,22,2,0,2,0,0,0,0,0,0,"- ","- ",,,SHASTA,UNINCORPORATED,-122.24815941,40.59196807
7006760,2014,2016-01-13,4502,2014-04-24,1257,101,,4,5,5,4502,0,0,0,,0,005,"BUENAVENTURA BL","PLACER RD",0.00,,Y,B,-,N,,,,,,,,,,Y,1,1,0,2,A,-,01,23153,B,N,D,C,A,A,H,-,A,A,0,,,Y,,Y,,-,"- ",0,0,0,0,0,0,0,1,0,"- ","- ",,,SHASTA,REDDING,-122.41872997999999,40.574249950000002
7139563,2014,2016-01-09,4502,2014-12-06,0204,134,,6,5,5,4502,0,0,0,,0,003,"VICTOR AV","BRAMBLE PL",114.00,N,N,C,-,N,,,,,,,,,,N,2,0,1,2,A,-,11,21954,A,F,G,B,E,B,H,-,-,D,0,Y,,,,Y,Y,N,60,1,0,0,0,1,0,0,0,0,"- ","- ",,,SHASTA,REDDING,-122.33949191000001,40.562413020000001
7139599,2014,2016-01-09,4502,2014-12-15,0659,105,,1,5,5,4502,0,0,0,,0,004,"EASTSIDE RD","GIRVAN RD",196.00,N,N,C,-,N,,,,,,,,,,Y,2,0,1,2,A,-,11,21956,A,N,G,B,D,B,H,-,D,D,0,Y,,,,Y,Y,N,60,1,0,0,0,1,0,0,0,0,"- ","- ",,,SHASTA,REDDING,-122.38012623,40.513587790000003
7139614,2014,2016-01-09,4502,2014-08-05,0856,101,,2,5,5,4502,0,0,0,,0,002,"HARTNELL AV","LAWRENCE RD",0.00,,Y,B,-,N,,,,,,,,,,N,2,0,1,2,A,-,05,21650,1,N,G,G,A,A,H,-,A,A,0,,Y,,,Y,,-,"- ",1,0,0,0,0,0,1,0,0,"- ","- ",,,SHASTA,REDDING,-122.34828991000001,40.563779969999999
7150024,2014,2016-01-09,4502,2014-04-08,0039,159,4502,2,5,5,4502,0,0,0,,0,005,"CALIFORNIA ST","TEHAMA ST",0.00,,Y,A,-,N,,,,,,,,,,N,2,0,1,2,A,-,12,21453,A,N,D,G,A,A,H,-,C,A,0,,Y,,,Y,,L,04,1,0,0,0,0,0,1,0,0,"- ","- ",,,SHASTA,REDDING,-122.39261997,40.585049920000003
7150336,2014,2016-01-09,4502,2014-10-26,0905,152,,7,5,5,4502,0,0,0,,0,,HARTNELL,"ARGYLE RD",1056.00,E,N,A,-,N,,,,,,,,,,Y,2,0,1,1,A,-,01,23152,,N,E,I,A,A,H,-,A,D,0,,,,,Y,,D,22,1,0,0,0,0,0,0,0,0,"- ","- ",,,SHASTA,REDDING,-122.30606031000001,40.563326340000003
7153852,2014,2016-02-20,4502,2014-01-29,2110,159,,3,5,5,4502,0,0,0,,0,004,"RT 273","CEDARS RD",439.00,S,N,B,-,Y,SHA,2,273,-,-,12.580,H,-,S,N,2,0,1,1,A,-,03,22350,,N,E,I,A,A,H,-,D,D,0,,Y,,,Y,,L,04,1,0,0,0,0,0,1,0,0,"- ","- ",,,SHASTA,REDDING,-122.38336089000001,40.527534639999999
7199593,2016,2018-09-24,4502,2016-10-18,1902,145,,2,5,5,4502,0,0,0,,0,004,"CYPRESS AV","ATHENS AV",360.00,W,N,A,-,N,,,,,,,,,,Y,1,1,0,2,A,-,11,21954,A,N,G,B,D,A,H,-,C,D,0,Y,,,,Y,Y,N,60,0,0,0,1,0,0,0,0,0,"- ","- ",,,SHASTA,REDDING,-122.37797161,40.573466580000002
7200171,2017,2017-06-21,4502,2017-01-23,1606,145,,1,5,5,4502,0,0,0,,0,006,"BELTLINE RD","MOUNTAIN LAKES BL",25.00,S,N,B,-,N,,,,,,,,,,Y,1,1,1,2,A,-,09,21802,A,N,D,C,A,A,H,-,A,A,0,,,,,Y,,A,01,0,0,1,0,0,0,0,0,0,"- ","- ",,,SHASTA,REDDING,-122.3898973,40.630553570000004
8006601,2015,2016-04-06,4502,2015-05-09,2057,144,,6,5,5,4502,0,0,0,,0,004,"CYPRESS AV","PINE ST",265.00,E,N,A,-,N,,,,,,,,,,N,2,0,1,1,A,-,08,22107,,N,E,I,A,A,H,-,C,D,0,,Y,,,Y,,L,04,1,0,0,0,0,0,1,0,0,"- ","- ",,,SHASTA,REDDING,-122.3858728,40.576235220000001
8019095,2015,2016-05-03,4502,2015-09-28,1945,145,,1,5,5,4502,0,0,0,,0,002,"EAST CYPRESS AV","LARKSPUR LN",340.00,W,N,A,-,N,,,,,,,,,,Y,2,0,1,2,A,-,09,21804,A,N,D,C,A,A,H,-,C,D,0,,,Y,,Y,,D,22,1,0,0,0,0,0,0,0,1,"- ","- ",,,SHASTA,REDDING,-122.35664426,40.571044639999997
8058453,2016,2016-06-13,4501,2016-06-07,0605,412,SHAST,2,5,2,4501,0,0,0,,0,002,"DESCHUTES RD","CORNER WY",0.00,,Y,A,-,N,,,,,,,,,,N,2,0,2,2,A,-,07,21658,A,N,A,C,A,A,H,-,B,D,0,,,,,Y,,A,01,2,0,0,0,0,0,0,0,0,"- ","- ",,,SHASTA,ANDERSON,-122.28215991,40.441089929999997
8104510,2016,2016-08-24,4502,2016-06-15,1751,305,,3,5,5,4502,0,0,0,,0,001,"TARMAC RD","CHARADE WY",0.00,,Y,C,-,N,,,,,,,,,,Y,2,0,1,1,A,-,05,21650,A,N,E,I,A,B,H,-,A,D,0,,,,,Y,,D,22,1,0,0,0,0,0,0,0,0,"- ","- ",,,SHASTA,REDDING,-122.3226499,40.576459990000004
8105160,2016,2017-02-24,4501,2016-07-25,1426,412,,1,5,2,4501,0,0,0,,0,001,"RT 273","PINON AV",0.00,,Y,A,-,Y,SHA,2,273,-,-,4.440,I,5,S,Y,2,0,7,2,A,-,12,21453,A,N,D,C,A,A,H,-,A,A,0,,,,,Y,,A,01,2,4,1,0,0,0,0,0,0,"- ","- ",,,SHASTA,ANDERSON,-122.29139120000001,40.438566829999999
8141188,2016,2016-10-26,4501,2016-09-14,0747,A408,4501,3,5,2,4501,0,0,0,,0,TWO,"NORTH ST","RAVENWOOD LN",25.00,N,N,A,-,N,,,,,,,,,,Y,2,0,1,2,A,-,09,21804,A,N,B,C,A,A,H,-,A,A,0,,,Y,,Y,,C,02,1,0,0,0,0,0,0,0,1,"- ","- ",,,SHASTA,ANDERSON,-122.29577274,40.466958609999999
8152557,2016,2017-02-27,4501,2016-09-29,0625,418,4501,4,5,2,4501,0,0,0,,0,001,"RT 273","BRUCE ST",255.00,S,N,A,-,Y,SHA,2,273,-,-,4.870,H,-,S,N,2,0,1,2,A,-,11,21950,B,N,G,B,E,A,H,-,D,A,0,Y,,,,Y,,N,60,1,0,0,0,1,0,0,0,0,"- ","- ",,,SHASTA,ANDERSON,-122.2952937,40.444105980000003
8168174,2016,2018-09-24,4500,2016-08-28,0001,00001,,7,5,2,4580,0,0,0,,0,,"WONDERLAND BL","OLD OREGON TRAIL",3168.00,S,N,A,-,N,,,,,,,,,,Y,1,1,0,1,A,-,03,22350,,N,E,I,A,A,H,-,D,D,0,,,,,Y,Y,A,01,0,0,0,0,0,0,0,0,0,"- ","- ",,,SHASTA,"SHASTA LAKE",-122.34216076,40.698480830000001
8349094,2016,2017-06-27,4502,2016-09-25,2302,131,,7,5,5,4502,0,0,0,,0,004,"RT 273","SOUTH BONNYVIEW RD",0.00,,Y,A,-,Y,SHA,2,273,-,-,12.680,I,5,N,N,2,0,1,2,A,-,10,21950,A,F,G,B,B,A,H,-,C,A,0,Y,,,,Y,,-,,1,0,0,0,1,0,0,0,0,"- ","- ",,,SHASTA,REDDING,-122.383432,40.529044730000003
8355570,2016,2017-04-28,4502,2016-12-01,1016,166,,4,5,5,4502,0,0,0,,0,004,PARKVIEW,"AKARD AV",0.00,,Y,A,-,N,,,,,,,,,,N,2,0,1,2,A,-,10,21950,A,N,G,B,B,A,H,-,A,D,0,Y,,,,Y,Y,A,01,1,0,0,0,1,0,0,0,0,"- ","- ",,,SHASTA,REDDING,-122.38318987,40.572249970000001
8375687,2017,2018-04-23,4502,2017-04-13,1619,132,,4,5,5,4502,0,0,0,,0,007,"LAKE BL","RT 5",108.00,W,N,A,-,Y,SHA,2,299,-,-,24.650,H,-,W,Y,2,0,4,2,A,-,08,22107,,N,B,C,A,A,H,-,A,A,0,,,,,Y,,A,01,1,1,2,0,0,0,0,0,0,"- ","- ",,,SHASTA,REDDING,-122.36644054,40.611789829999999
84758544,2023,2025-07-11,4502,2023-10-20,1937,123,,5,5,5,4502,0,0,0,,0,R04,"PARKVIEW AVENUE","SOUTH MARKET STREET",302.00,E,N,A,-,N,,,,,,,,,,Y,2,0,1,2,A,-,03,22350,,N,B,C,A,A,H,-,C,A,0,,,Y,,Y,,A,01,1,0,0,0,0,0,0,0,1,"- ","- ",,,SHASTA,REDDING,-122.38690185546875,40.573589324951172
84758545,2023,2025-07-11,4502,2023-10-21,1733,514,,6,5,5,4502,0,0,0,,0,R04,"CEDARS ROAD","WESTSIDE ROAD",198.00,W,N,A,-,N,,,,,,,,,,Y,2,0,1,1,A,-,01,23152,G,N,A,I,A,A,H,-,A,A,0,,,,,Y,Y,D,22,1,0,0,0,0,0,0,0,0,"- ","- ",,,SHASTA,REDDING,-122.38474273681641,40.528968811035156
84760811,2023,2025-07-14,4502,2023-12-12,"815 ",185,,2,5,5,4502,0,0,0,,0,R03,"RANCHO ROAD","BO PEEP LANE",183.60,W,N,A,-,N,,,,,,,,,,Y,2,0,3,2,A,-,01,23153,F,N,A,C,A,A,D,-,A,D,0,,,,,Y,,A,01,2,1,0,0,0,0,0,0,0,"- ","- ",,,SHASTA,REDDING,-122.32112884521484,40.534721374511719
84760966,2024,2025-07-14,4502,2024-01-03,1743,151,,3,5,5,4502,0,0,0,,0,R02,"BECHELLI LANE","LEILA AVE",64.00,N,N,B,-,N,,,,,,,,,,Y,2,0,2,2,A,-,11,21954,A,N,G,B,D,A,H,-,C,D,0,Y,,,,Y,,N,60,1,1,0,0,1,0,0,0,0,"- ","- ",,,SHASTA,REDDING,-122.36273956298828,40.570064544677734
84760967,2024,2025-07-14,4502,2024-01-03,2121,125,,3,5,5,4502,0,0,0,,0,R04,"PARKVIEW AVE","AKARD AVE",0.00,,Y,A,-,N,,,,,,,,,,N,2,0,1,2,A,-,10,21950,A,N,G,B,B,A,H,-,C,D,0,Y,,,,Y,,D,22,1,0,0,0,1,0,0,0,0,"- ","- ",,,SHASTA,REDDING,-122.38333892822266,40.572296142578125
84767109,2024,2025-07-17,4502,2024-06-15,1014,154,,6,5,5,4502,0,0,0,,0,R06,"NORTH MARKET STREET","TRAVELED WAY",365.00,N,N,A,-,Y,,,,,,,,,,N,2,0,1,1,A,-,03,22350,,N,E,I,A,A,H,-,A,D,0,,Y,,,Y,,L,04,1,0,0,0,0,0,1,0,0,"- ","- ",,,SHASTA,REDDING,-122.38858032226562,40.595008850097656
84768035,2024,2025-07-18,4502,2024-07-31,"551 ",154,,3,5,5,4502,0,0,0,,0,R02,"SHASTA VIEW","HAWN AVENUE",109.00,S,N,A,-,N,,,,,,,,,,Y,2,0,2,3,A,-,05,21650,,N,G,B,E,A,H,-,B,D,0,Y,,,,Y,,D,22,2,0,0,0,2,0,0,0,0,"- ","- ",,,SHASTA,REDDING,-122.32554626464844,40.564891815185547
8484834,2017,2017-11-30,4501,2017-10-23,0227,403,,1,5,2,4501,0,0,0,,0,002,"OAK ST","HILL ST",670.00,N,N,A,-,N,,,,,,,,,,Y,2,0,2,1,A,-,05,21650,A,F,E,I,A,A,H,-,D,D,0,,,,,Y,Y,A,01,2,0,0,0,0,0,0,0,0,"- ","- ",,,SHASTA,ANDERSON,-122.40166000000001,40.684959999999997
8484838,2017,2017-12-01,4501,2017-10-12,1916,418,4501,4,5,2,4501,0,0,0,,0,001,"RHONDA RD","SOUTH WALMART ENTRY/EXIT DR",0.00,,Y,A,-,N,,,,,,,,,,Y,2,0,4,2,A,-,08,22107,A,N,A,C,A,A,H,-,C,D,0,,,,,Y,Y,A,01,1,0,3,0,0,0,0,0,0,"- ","- ",,,SHASTA,ANDERSON,-122.28634089000001,40.43131048
8648252,2018,2020-05-22,4502,2018-07-10,1651,145,,2,5,5,4502,0,0,0,,0,002,"CHURN CREEK RD","PRESIDIO ST",106.00,S,N,A,-,N,,,,,,,,,,Y,1,1,1,1,A,-,07,21658,A,N,E,I,A,A,H,-,A,A,0,,,,,Y,Y,A,07,1,0,0,0,0,0,0,0,0,"- ","- ",,,SHASTA,REDDING,-122.35424041748047,40.581802368164062
8715896,2018,2018-10-26,4502,2018-06-02,0037,157,,6,5,5,4502,0,0,0,,0,002,"HARTNELL AV","FAIRWAY AV",85.00,W,N,A,-,N,,,,,,,,,,N,2,0,1,2,A,-,11,21954,A,F,G,B,D,A,H,-,C,D,0,Y,,,,Y,,N,60,1,0,0,0,1,0,0,0,0,"- ","- ",,,SHASTA,REDDING,-122.34206390380859,40.563739776611328
8816725,2018,2019-03-08,4502,2018-10-18,1938,194,R01,4,5,5,4502,0,0,0,,0,001,"HILLTOP DR","LAKE BL E",10.00,S,N,A,-,N,,,,,,,,,,Y,2,0,1,2,A,-,05,21650,1,N,G,G,A,A,H,-,C,A,0,,Y,,,Y,,L,04,1,0,0,0,0,0,1,0,0,"- ","- ",40.61016845703125,-122.37396240234375,SHASTA,REDDING,-122.37397003173828,40.610153198242188
8816737,2018,2019-03-08,4502,2018-10-13,0215,186,R02,6,5,5,4502,0,0,0,,0,002,"HARTNELL AV","AIRPORT RD",1842.00,W,N,A,-,N,,,,,,,,,,Y,2,0,1,1,A,-,01,23152,A,N,E,I,A,A,H,-,D,D,0,,,,,Y,Y,A,01,1,0,0,0,0,0,0,0,0,"- ","- ",40.5589599609375,-122.30174255371094,SHASTA,REDDING,-122.30517578125,40.562900543212891
8817054,2018,2020-05-21,4502,2018-12-28,2019,190,R05,5,5,5,4502,0,0,0,,0,005,"RAILROAD AV","PLACER ST",0.00,,Y,A,-,N,,,,,,,,,,N,1,1,0,2,A,-,11,21954,A,N,G,B,D,A,H,-,B,D,0,Y,,,,Y,,N,60,0,0,0,1,0,0,0,0,0,"- ","- ",40.581699371337891,-122.39285278320312,SHASTA,REDDING,-122.39286804199219,40.581680297851562
8911961,2020,2022-06-14,4502,2020-05-09,1429,525,R07,6,5,5,4502,0,0,0,,0,007,"OLD OREGON TRL","PASO ROBLES AV",1295.00,N,N,A,-,N,,,,,,,,,,Y,1,1,1,2,A,-,05,21650,,N,A,C,A,A,H,-,A,D,0,,,,,Y,,A,01,0,1,0,0,0,0,0,0,0,"- ","- ",40.657951354980469,-122.3294677734375,SHASTA,REDDING,-122.32906341552734,40.661384582519531
8967348,2019,2019-12-03,4502,2019-06-17,0500,R197,R03,1,5,5,4502,0,0,0,,0,003,"DIANE ST",WOODACRE,210.00,N,N,A,-,N,,,,,,,,,,Y,2,0,1,2,A,-,05,21650,,N,A,E,A,A,H,-,D,D,0,,,,,Y,,D,22,1,0,0,0,0,0,0,0,0,"- ","- ",,,SHASTA,REDDING,-122.3582763671875,40.546035766601562
90010454,2015,2015-10-19,9135,2015-08-06,1717,017428,,4,2,9,4500,0,1,3,,1,301,SR-299,"TRINITY COUNTY",3379.00,E,N,A,-,Y,,,,,,,,,,Y,2,0,1,1,A,-,03,22350,,N,F,A,A,A,H,-,A,D,0,,,Y,,Y,,C,02,1,0,0,0,0,0,0,0,1,"- ","- ",,,SHASTA,UNINCORPORATED,,
90016820,2015,2015-10-19,9135,2015-08-29,2010,018133,,6,2,9,4500,0,3,5,,2,003,"CHURN CREEK RD","DUNCAN LANE",190.00,N,N,A,-,N,,,,,,,,,,N,2,0,1,2,A,-,08,22107,,F,G,B,E,A,H,-,D,D,0,Y,,,,Y,,A,08,1,0,0,0,1,0,0,0,0,"- ","- ",40.499009999999998,-122.32415,SHASTA,UNINCORPORATED,-122.32410444999999,40.499051180000002
90020446,2015,2015-10-19,9135,2015-08-07,0130,016191,,5,3,9,4500,0,3,5,,2,004,"DERSCH ROAD","LOFTUS ROAD",1056.00,W,N,A,-,N,,,,,,,,,,Y,1,1,0,1,A,-,01,23152,A,N,E,I,A,A,H,-,C,D,0,,,,,Y,Y,A,01,0,0,0,0,0,0,0,0,0,"- ","- ",40.480330000000002,-122.2782,SHASTA,UNINCORPORATED,-122.27804723,40.480351659999997
90032851,2015,2015-10-19,9135,2015-10-03,2005,015667,,6,2,9,4500,0,3,5,,2,003,"OAK RUN TO FERN RD","SESAME ST",4752.00,E,N,B,-,N,,,,,,,,,,Y,2,0,1,1,A,-,01,23152,A,N,E,I,A,A,H,-,D,D,0,,,,,Y,Y,D,22,1,0,0,0,0,0,0,0,0,"- ","- ",40.700519999999997,-122.9877,SHASTA,UNINCORPORATED,-121.9890511,40.700430609999998
90034145,2015,2015-10-20,9135,2015-10-12,0207,016087,,1,3,9,4500,0,3,5,,2,003,"GAS POINT ROAD","WEST ANDERSON RD.",254.00,W,N,A,-,N,,,,,,,,,,Y,2,0,3,1,A,-,08,22107,,N,E,I,A,A,H,-,D,D,0,,,,,Y,,A,01,1,2,0,0,0,0,0,0,0,"- ","- ",,,SHASTA,UNINCORPORATED,-122.35090176,40.389681179999997
90048351,2015,2015-11-10,9135,2015-10-19,0759,012978,9135,1,1,9,4500,0,1,3,,1,201,SR-299,"SONORA TRAIL",0.00,,Y,A,-,Y,,,,,,,,,,Y,2,0,1,2,A,-,09,21804,A,N,D,C,A,A,H,-,A,A,0,,,,,Y,,A,01,1,0,0,0,0,0,0,0,0,"- ","- ",,,SHASTA,UNINCORPORATED,-122.28424993,40.628239919999999
90065463,2015,2016-01-25,9135,2015-10-08,2235,017956,,4,3,9,4500,0,3,5,,2,003,"TEXAS SPRINGS ROAD","TAKU LN",1056.00,N,N,A,-,N,,,,,,,,,,Y,1,1,0,1,A,-,08,22107,,N,E,I,A,A,H,-,D,D,0,,,Y,,Y,,C,02,0,0,0,0,0,0,0,1,0,"- ","- ",40.512810000000002,-122.44052000000001,SHASTA,UNINCORPORATED,-122.44024149000001,40.513707580000002
90121920,2016,2016-02-23,9135,2016-02-16,2305,016424,,2,3,9,4500,0,1,3,,2,040,"SR-44 E/B TRANSITION RD TO SHASTA VIEW","SHASTA VIEW DRIVE",350.00,W,N,A,-,Y,,,,,,,,,,Y,2,0,1,1,A,-,01,23152,A,N,E,I,A,A,H,-,D,D,0,,,,,Y,Y,A,01,1,0,0,0,0,0,0,0,0,"- ","- ",40.572279999999999,-122.32667000000001,SHASTA,UNINCORPORATED,,
90124567,2016,2016-02-26,9135,2016-02-20,0845,012421,,6,1,9,4500,0,1,3,,2,601,SR-299,"BUNCH GRASS LOOKOUT RD",12144.00,W,N,A,-,Y,,,,,,,,,,Y,2,0,2,1,A,-,08,22107,,N,E,I,A,B,H,-,A,D,0,,,,,Y,,A,07,1,1,0,0,0,0,0,0,0,"- ","- ",,,SHASTA,UNINCORPORATED,-121.80169196999999,40.862813490000001
90127441,2016,2016-03-02,9135,2016-02-06,2500,018433,,6,4,9,4500,0,3,5,,2,001,"EAST FORK ROAD","TRINITY MOUNTAIN RD",3228.00,E,N,A,-,N,,,,,,,,,,Y,1,1,0,1,A,-,08,22107,,N,E,I,A,A,E,-,D,D,0,,,,,Y,,A,07,0,0,0,0,0,0,0,0,0,"- ","- ",,,SHASTA,UNINCORPORATED,-122.60713398,40.758596089999998
90166985,2016,2016-04-27,9135,2016-04-26,1841,015363,,2,2,9,4500,0,1,3,,1,301,"STATE ROUTE 299W","JFK BLVD.",2112.00,W,N,A,-,Y,,,,,,,,,,Y,2,0,1,1,A,-,08,22107,,N,E,I,A,A,H,-,A,D,0,,,,,Y,,A,07,1,0,0,0,0,0,0,0,0,"- ","- ",,,SHASTA,UNINCORPORATED,,
90178401,2016,2016-05-12,9135,2016-05-02,1918,013145,,1,2,9,4500,0,3,5,,2,002,"PONDEROSA WAY","INWOOD ROAD",17952.00,N,N,A,-,N,,,,,,,,,,Y,2,0,2,1,A,-,01,23152,A,N,E,I,A,A,H,-,A,D,0,,,,,Y,Y,D,22,2,0,0,0,0,0,0,0,0,"- ","- ",,,SHASTA,UNINCORPORATED,-121.93733,40.509569999999997
90183822,2016,2016-05-20,9135,2016-05-12,1554,16461,,4,2,9,4500,0,1,1,,2,053,"I-5 S/B","MAIN ST",6864.00,N,N,A,-,Y,,,,,,,,,,Y,2,0,1,2,A,-,03,22350,,N,F,A,A,A,H,-,A,D,0,,,Y,,Y,,C,02,1,0,0,0,0,0,0,0,1,"- ","- ",,,SHASTA,UNINCORPORATED,,
90188165,2016,2016-05-26,9135,2016-05-20,0805,012421,,5,1,9,4500,0,1,3,,2,602,"SR-299 MAIN ST.","PINE ST.",119.00,E,N,B,C,Y,,,,,,,,,,Y,2,0,3,2,A,-,05,21460,A,N,A,C,A,B,H,-,A,D,0,,,,,Y,,A,07,3,0,0,0,0,0,0,0,0,"- ","- ",,,SHASTA,UNINCORPORATED,,