CASE_ID,ACCIDENT_YEAR,PROC_DATE,JURIS,COLLISION_DATE,COLLISION_TIME,OFFICER_ID,REPORTING_DISTRICT,DAY_OF_WEEK,CHP_SHIFT,POPULATION,CNTY_CITY_LOC,SPECIAL_COND,BEAT_TYPE,CHP_BEAT_TYPE,CITY_DIVISION_LAPD,CHP_BEAT_CLASS,BEAT_NUMBER,PRIMARY_RD,SECONDARY_RD,DISTANCE,DIRECTION,INTERSECTION,WEATHER_1,WEATHER_2,STATE_HWY_IND,CALTRANS_COUNTY,CALTRANS_DISTRICT,STATE_ROUTE,ROUTE_SUFFIX,POSTMILE_PREFIX,POSTMILE,LOCATION_TYPE,RAMP_INTERSECTION,SIDE_OF_HWY,TOW_AWAY,COLLISION_SEVERITY,NUMBER_KILLED,NUMBER_INJURED,PARTY_COUNT,PRIMARY_COLL_FACTOR,PCF_CODE_OF_VIOL,PCF_VIOL_CATEGORY,PCF_VIOLATION,PCF_VIOL_SUBSECTION,HIT_AND_RUN,TYPE_OF_COLLISION,MVIW,PED_ACTION,ROAD_SURFACE,ROAD_COND_1,ROAD_COND_2,LIGHTING,CONTROL_DEVICE,CHP_ROAD_TYPE,PEDESTRIAN_ACCIDENT,BICYCLE_ACCIDENT,MOTORCYCLE_ACCIDENT,TRUCK_ACCIDENT,NOT_PRIVATE_PROPERTY,ALCOHOL_INVOLVED,STWD_VEHTYPE_AT_FAULT,CHP_VEHTYPE_AT_FAULT,COUNT_SEVERE_INJ,COUNT_VISIBLE_INJ,COUNT_COMPLAINT_PAIN,COUNT_PED_KILLED,COUNT_PED_INJURED,COUNT_BICYCLIST_KILLED,COUNT_BICYCLIST_INJURED,COUNT_MC_KILLED,COUNT_MC_INJURED,PRIMARY_RAMP,SECONDARY_RAMP,LATITUDE,LONGITUDE,COUNTY,CITY,POINT_X,POINT_Y
90189810,2016,2016-05-31,9135,2016-05-25,0430,012978,9135,3,3,9,4500,0,1,1,,2,055,I-5,SR-151,800.00,S,N,A,-,Y,,,,,,,,,,Y,2,0,1,1,A,-,01,23152,A,N,E,I,A,A,H,-,C,D,0,,,,,Y,Y,A,07,1,0,0,0,0,0,0,0,0,"- ","- ",,,SHASTA,UNINCORPORATED,,
90201375,2016,2016-06-14,9135,2016-04-23,2027,016191,,6,2,9,4500,0,3,5,,2,002,"DRY CREEK RD.","ARGONAUT TRAIL",1056.00,N,N,A,-,N,,,,,,,,,,Y,1,1,1,2,A,-,01,23152,A,N,E,I,A,A,H,-,C,D,0,,,,Y,Y,Y,D,22,1,0,0,0,0,0,0,0,0,"- ","- ",40.710329999999999,-122.24274,SHASTA,UNINCORPORATED,-122.24227338999999,40.711779540000002
90204890,2016,2016-06-20,9135,2016-06-07,1520,012978,9135,2,2,9,4500,0,3,5,,2,002,"OLD ALTURAS RD","OLD OREGON TRL",205.00,W,N,A,-,N,,,,,,,,,,N,2,0,1,1,A,-,01,23152,A,N,E,I,A,A,H,-,A,D,0,,,Y,,Y,Y,C,02,1,0,0,0,0,0,0,0,1,"- ","- ",40.587980000000002,-122.30712,SHASTA,UNINCORPORATED,-122.30721235,40.588007099999999
90212912,2016,2016-06-30,9135,2016-05-05,2035,018469,,4,2,9,4500,0,1,1,,2,056,"INTERSTATE 5 N/B","NORTH PIT RIVER BRIDGE",28.00,S,N,C,-,Y,,,5,,,,,,N,Y,1,1,0,2,A,-,05,21651,B,N,A,C,A,B,H,-,D,D,0,,,,Y,Y,,A,01,0,0,0,0,0,0,0,0,0,"- ","- ",40.767420000000001,-122.3181,SHASTA,UNINCORPORATED,-122.31813312,40.767444300000001
90221972,2016,2016-07-13,9135,2016-06-17,0607,016480,,5,1,9,4500,0,3,5,,2,004,"OAK RUN ROAD N/B","OLD 44 DRIVE",1111.00,N,N,B,C,N,,,,,,,,,,Y,1,1,0,1,A,-,08,22107,,N,E,I,A,B,H,-,A,D,0,,,,,Y,,D,22,0,0,0,0,0,0,0,0,0,"- ","- ",40.57011,-122.19253,SHASTA,UNINCORPORATED,-122.18999228,40.571602200000001
90258716,2016,2016-09-01,9135,2016-08-02,0810,016480,,2,1,9,4500,0,3,5,,2,004,"FOURTH STREET E/B","BALLS FERRY RD.",618.00,W,N,A,-,N,,,,,,,,,,Y,1,1,0,1,A,-,08,22107,,N,E,I,A,A,H,-,A,D,0,,,,,Y,Y,A,01,0,0,0,0,0,0,0,0,0,"- ","- ",40.389299999999999,-122.27002,SHASTA,UNINCORPORATED,-122.2700044,40.389339999999997
90276130,2016,2017-04-27,9135,2016-09-22,2205,018469,,4,3,9,4500,0,3,5,,2,003,"CANYON RD","CHINA GULCH",10.00,W,N,A,-,N,,,,,,,,,,Y,1,1,0,1,A,-,08,22107,,N,F,I,A,A,H,-,D,D,0,,,Y,,Y,,C,02,0,0,0,0,0,0,0,1,0,"- ","- ",40.48856,-122.39373000000001,SHASTA,UNINCORPORATED,-122.39366,40.488619999999997
90310339,2016,2016-11-03,9135,2016-11-01,2130,016087,,2,2,5,4502,0,1,3,,2,040,"I-5 TRANSITION ROAD TO W/B SR-44",I-5,1584.00,W,N,A,-,Y,,,,,,,,,,Y,2,0,1,1,A,-,01,23152,,N,F,A,A,A,H,-,C,D,0,,,,,Y,Y,A,07,1,0,0,0,0,0,0,0,0,"- ","- ",,,SHASTA,REDDING,,
90313321,2016,2016-11-07,9135,2016-11-03,1105,012142,9135,4,1,9,4500,0,1,S,,2,600,"STATE ROUTE 89","STATE ROUTE 44",15840.00,N,N,A,-,Y,,,,,,,,,,Y,2,0,1,1,A,-,08,22107,,N,E,I,A,A,H,-,A,D,0,,,,,Y,,A,01,1,0,0,0,0,0,0,0,0,"- ","- ",,,SHASTA,UNINCORPORATED,-121.55852994,40.581853870000003
90314107,2016,2016-11-08,9146,2016-11-06,1345,015592,,7,1,9,4500,0,1,1,,2,013,"I-5 SOUTHBOUND","FLUME CREEK ROAD",3168.00,S,N,B,-,Y,,,5,,,,,,S,Y,2,0,2,1,A,-,03,22350,,N,F,A,A,B,H,-,A,D,0,,,,,Y,,D,22,1,1,0,0,0,0,0,0,0,"- ","- ",41.093299999999999,-122.34699999999999,SHASTA,UNINCORPORATED,-122.34697550999999,41.093264679999997
90319118,2016,2016-11-14,9135,2016-11-13,2150,016424,,7,2,9,4500,0,3,5,,2,001,"KESWICK DAM RD","IRON MOUNTAIN RD",3168.00,E,N,A,-,N,,,,,,,,,,Y,2,0,2,1,A,-,03,22350,,N,E,I,A,A,H,-,D,D,0,,,Y,,Y,,C,02,1,1,0,0,0,0,0,0,2,"- ","- ",40.611170000000001,-122.45390999999999,SHASTA,UNINCORPORATED,-122.4538874,40.611210659999998
90322113,2016,2016-11-17,9135,2016-11-13,1412,017698,,7,2,9,4500,0,3,5,,2,004,"BALLS FERRY ROAD","RIVERLAND DRIVE",0.00,,Y,A,-,N,,,,,,,,,,Y,2,0,3,2,A,-,09,21801,A,N,D,C,A,A,H,-,A,D,0,,,Y,,Y,,A,07,2,1,0,0,0,0,0,0,2,"- ","- ",,,SHASTA,UNINCORPORATED,-122.25193991,40.444919890000001
90335590,2016,2016-12-02,9135,2016-11-28,1800,016087,,1,2,9,4500,0,3,5,,2,004,"BALLS FERRY RD.","RIVERLAND DR.",1584.00,S,N,A,-,N,,,,,,,,,,N,2,0,1,2,A,-,11,21954,A,N,G,B,E,A,H,-,D,D,0,Y,,,,Y,,N,60,1,0,0,0,1,0,0,0,0,"- ","- ",,,SHASTA,UNINCORPORATED,-122.24774167,40.441982539999998
90346715,2016,2017-01-31,9135,2016-12-02,1610,16461,,5,2,9,4500,0,1,3,,1,201,SR-299E,"OLD ALTURAS RD",3696.00,E,N,A,-,Y,,,299,,,,,,,Y,1,1,1,1,A,-,08,22107,,N,E,I,A,A,H,-,A,D,0,,,,,Y,,A,01,1,0,0,0,0,0,0,0,0,"- ","- ",40.64819,-122.22132999999999,SHASTA,UNINCORPORATED,-122.22137235,40.648230470000001
90362989,2017,2017-01-06,9135,2017-01-01,0155,018890,,7,3,9,4500,0,3,5,,2,003,"DIXIELAND LANE","HAWTHORNE AVENUE",0.00,,Y,B,-,Y,,,,,,,,,,Y,2,0,1,1,A,-,01,23152,A,N,E,I,A,A,H,-,D,D,0,,,,,Y,Y,A,01,1,0,0,0,0,0,0,0,0,"- ","- ",,,SHASTA,UNINCORPORATED,-122.43799991,40.478049919999997
90380324,2016,2017-02-06,9135,2016-12-26,1345,015627,,1,1,9,4500,0,1,3,,1,201,"STATE HIGHWAY 299","OAK RUN ROAD",16949.00,E,N,A,-,Y,,,,,,,,,,Y,2,0,1,2,A,-,03,22350,,N,G,B,E,A,D,-,A,A,0,Y,,,,Y,,A,01,1,0,0,0,1,0,0,0,0,"- ","- ",,,SHASTA,UNINCORPORATED,-121.98785162,40.777946139999997
90410470,2017,2017-03-13,9135,2017-03-04,0125,018890,,6,3,9,4500,0,3,5,,2,004,"DESCHUTES RD","DERSCH RD",0.00,,Y,B,-,N,,,,,,,,,,Y,2,0,1,1,A,-,01,23152,A,N,F,A,A,A,H,-,D,D,0,,,Y,,Y,Y,C,02,1,0,0,0,0,0,0,0,1,"- ","- ",,,SHASTA,UNINCORPORATED,-122.24134994000001,40.476469969999997
90425037,2017,2017-06-29,9135,2017-03-07,1710,018391,,2,2,9,4500,0,1,3,,1,302,"STATE ROUTE 273","SPRING GULCH ROAD",1056.00,N,N,B,-,Y,,,273,,,,,,,Y,1,1,0,1,A,-,08,22107,,N,E,J,A,A,H,-,A,A,0,,,,,Y,,D,22,0,0,0,0,0,0,0,0,0,"- ","- ",40.46969,-122.32989000000001,SHASTA,UNINCORPORATED,-122.32982207000001,40.469789589999998
90456213,2017,2017-05-15,9135,2017-05-10,1445,16461,,3,2,9,4500,0,3,5,,2,004,"BALLS FERRY RD","SHELLY LANE",2200.00,W,N,A,-,N,,,,,,,,,,N,2,0,1,2,A,-,03,22350,,N,B,G,A,A,H,-,A,D,0,,Y,,,Y,,A,08,1,0,0,0,0,0,1,0,0,"- ","- ",,,SHASTA,UNINCORPORATED,-122.27645434,40.453568779999998
90456618,2017,2017-05-16,9135,2017-05-05,0230,018520,,5,3,9,4500,0,3,5,,2,004,"CHURN CREEK RD","HARTMEYER LN",528.00,S,N,A,-,N,,,,,,,,,,Y,2,0,1,1,A,-,01,23152,A,N,E,I,A,A,H,-,D,D,0,,,,,Y,Y,D,22,1,0,0,0,0,0,0,0,0,"- ","- ",,,SHASTA,UNINCORPORATED,-122.34326399,40.535197480000001
90467612,2017,2017-05-31,9135,2017-05-22,1645,014425,,1,2,9,4500,0,1,3,,1,301,SR-299,"WHISKEY CREEK",0.00,,Y,A,-,Y,,,299,,,,,,,Y,2,0,2,2,A,-,09,21802,A,N,D,C,A,A,H,-,A,A,0,,,,Y,Y,Y,A,01,2,0,0,0,0,0,0,0,0,"- ","- ",40.634399999999999,-122.5611,SHASTA,UNINCORPORATED,-122.56111267999999,40.634369399999997
90479341,2017,2017-06-15,9135,2017-06-05,1555,018021,,1,2,9,4500,0,3,5,,2,002,"BEAR MOUNTAIN ROAD","CHIPETA WAY",3432.00,E,N,A,-,N,,,,,,,,,,Y,2,0,1,2,A,-,09,21801,A,N,A,C,A,A,H,-,A,D,0,,,Y,,Y,,A,01,1,0,0,0,0,0,0,0,1,"- ","- ",40.68609,-122.28784,SHASTA,UNINCORPORATED,-122.2880528,40.686005199999997
90487282,2017,2017-06-26,9135,2017-06-17,1935,018520,,6,2,9,4500,0,3,5,,2,003,"1ST ST","SMITH BOTTOM RD",958.00,W,N,A,-,N,,,,,,,,,,Y,2,0,1,1,A,-,01,23152,A,N,E,I,A,A,H,-,A,D,0,,,Y,,Y,Y,C,02,1,0,0,0,0,0,0,0,1,"- ","- ",,,SHASTA,UNINCORPORATED,-122.31068931999999,40.385654950000003
90497195,2017,2017-07-20,9135,2017-05-30,2500,016424,,2,4,9,4500,0,3,5,,2,002,"PHILLIPS ROAD","BULLSKIN RIDGE RD",379.00,S,N,A,-,N,,,,,,,,,,Y,1,1,0,1,A,-,08,22107,,N,E,I,A,A,H,-,D,D,0,,,,,Y,,D,22,0,0,0,0,0,0,0,0,0,"- ","- ",40.736789999999999,-121.95480000000001,SHASTA,UNINCORPORATED,-121.99131791000001,40.716559820000001
90518022,2017,2017-08-07,9135,2017-07-26,1340,017956,,3,1,9,4500,0,1,3,,2,020,SR-299,"SHADY MEADOWS LANE",36.00,W,N,A,-,Y,,,299,,,,,,,Y,2,0,1,1,A,-,01,23152,G,N,E,I,A,A,H,-,A,A,0,,,,,Y,Y,D,22,1,0,0,0,0,0,0,0,0,"- ","- ",40.631720000000001,-122.26732,SHASTA,UNINCORPORATED,-122.26733123,40.631776610000003
90523810,2017,2017-08-15,9135,2017-08-12,0718,16461,,6,1,9,4500,0,1,1,,2,054,"I-5 N/B","KNIGHTON RD",3168.00,N,N,A,-,Y,,,,,,,,,,Y,2,0,2,1,A,-,08,22107,,N,E,A,A,A,H,-,A,A,0,,,,,Y,,D,22,1,1,0,0,0,0,0,0,0,"- ","- ",,,SHASTA,UNINCORPORATED,-122.34280715,40.513325860000002
90528996,2017,2017-08-23,9135,2017-08-13,2036,017428,,7,2,9,4500,0,3,5,,2,003,"CLEAR CREEK RD","CLEAR CREEK BRIDGE",1056.00,E,N,A,-,N,,,,,,,,,,Y,2,0,2,1,C,-,18,,,N,H,H,A,A,H,-,D,D,0,,,Y,,Y,,-,"- ",1,1,0,0,0,0,0,0,2,"- ","- ",40.493899999999996,-122.49061,SHASTA,UNINCORPORATED,-122.54625172999999,40.489757670000003
90534290,2017,2017-09-13,9135,2017-05-12,0540,013331,,5,3,9,4500,0,1,3,,1,302,"SR-273 S/B","JACQUELINE ST",185.00,S,N,A,-,Y,,,,,,,,,,Y,2,0,1,1,A,-,08,22107,,N,E,I,A,A,H,-,B,D,0,,,,,Y,,J,48,1,0,0,0,0,0,0,0,0,"- ","- ",,,SHASTA,UNINCORPORATED,,
90535245,2017,2017-08-28,9135,2017-08-22,0745,018174,,2,1,9,4500,0,1,3,,1,201,SR-299,"BROKEN RIDGE RD",2640.00,W,N,A,-,Y,,,299,,,,,,,Y,2,0,1,1,A,-,08,22107,,N,F,J,A,A,H,-,A,D,0,,,,,Y,,A,08,1,0,0,0,0,0,0,0,0,"- ","- ",40.785380000000004,-121.97450000000001,SHASTA,UNINCORPORATED,-121.97459653999999,40.785468889999997
90537399,2017,2017-08-30,9135,2017-08-20,2155,017428,,7,2,9,4500,0,1,1,,2,055,"I-5 S/B",SR-299,2112.00,N,N,A,-,Y,,,,,,,,,,Y,2,0,1,1,A,-,08,22107,,N,E,I,A,A,H,-,D,D,0,,,,Y,Y,,G,25,1,0,0,0,0,0,0,0,0,"- ","- ",40.617040000000003,-122.36503,SHASTA,UNINCORPORATED,-121.43814,41.007390000000001
90543525,2017,2017-09-08,9135,2017-09-02,2240,019030,,6,3,9,4500,0,3,5,,2,003,"WEST ANDERSON DRIVE","SHOOTING STAR WAY",6336.00,S,N,A,-,N,,,,,,,,,,Y,2,0,1,1,A,-,01,23152,A,N,F,A,A,A,H,-,D,D,0,,,,,Y,Y,A,01,1,0,0,0,0,0,0,0,0,"- ","- ",40.4283,-122.33029999999999,SHASTA,UNINCORPORATED,-122.33011531,40.428626219999998
90551371,2017,2017-09-19,9135,2017-09-12,1355,018174,,2,1,9,4500,0,1,3,,2,402,"SR-44 (31000 BLOCK)","MOBILE PARK DR",0.00,,Y,A,-,Y,,,44,,,,,,,Y,2,0,1,2,A,-,09,21804,A,N,D,C,A,A,H,-,A,D,0,,,,,Y,,A,01,1,0,0,0,0,0,0,0,0,"- ","- ",40.490929999999999,-121.89865,SHASTA,UNINCORPORATED,-121.89858248,40.491004859999997
90562725,2017,2017-10-04,9135,2017-09-29,1155,16461,,5,1,9,4500,0,3,5,,2,001,"LAKE BLVD","PINE GROVE AVE",0.00,,Y,A,-,N,,,,,,,,,,Y,2,0,3,2,A,-,12,22450,A,N,D,C,A,A,H,-,A,A,0,,,,,Y,,D,23,1,2,0,0,0,0,0,0,0,"- ","- ",40.662959999999998,-122.39635,SHASTA,UNINCORPORATED,-122.39638031,40.662745340000001
90598435,2017,2017-11-20,9135,2017-11-11,1820,019030,,6,2,9,4500,0,3,5,,2,001,"KESWICK DAM RD","MENLO WAY",1119.00,W,N,B,-,N,,,,,,,,,,Y,2,0,1,1,C,-,18,,,N,E,H,A,A,H,-,D,D,0,,,Y,,Y,,-,"- ",1,0,0,0,0,0,0,0,1,"- ","- ",40.614989999999999,-122.43611,SHASTA,UNINCORPORATED,-122.43543434999999,40.615001739999997
90602735,2017,2017-11-27,9135,2017-08-29,0040,018469,,2,3,9,4500,0,3,5,,2,004,"DESCHUTES ROAD","JADE LANE",2112.00,S,N,A,-,N,,,,,,,,,,Y,1,1,0,1,C,-,18,,,N,H,H,A,A,H,-,D,D,0,,,Y,,Y,,-,"- ",0,0,0,0,0,0,0,1,0,"- ","- ",40.450130000000001,-122.25467999999999,SHASTA,UNINCORPORATED,-122.25486228,40.450011089999997
90627405,2017,2017-12-27,9135,2017-09-02,1159,013331,,6,1,9,4500,0,1,3,,1,302,SR-273,"RONA LANE",1300.00,N,N,A,-,Y,,,273,,,,,,,Y,1,1,4,2,A,-,08,22107,,N,A,C,A,A,H,-,A,D,0,,,,,Y,,A,07,2,2,0,0,0,0,0,0,0,"- ","- ",40.474269999999997,-122.33614,SHASTA,UNINCORPORATED,-122.33612478000001,40.47429219
90627768,2017,2017-12-27,9135,2017-11-16,1255,012142,,4,1,9,4500,0,3,5,,2,006,"CASSEL FALL RIVER ROAD","SHOSHONI LOOP",6336.00,S,N,B,C,N,,,,,,,,,,Y,1,1,0,1,A,-,08,22107,,N,E,I,A,B,H,-,A,D,0,,,,,Y,,D,22,0,0,0,0,0,0,0,0,0,"- ","- ",40.942909999999998,-121.44062,SHASTA,UNINCORPORATED,-121.44083938,40.944698639999999
90632662,2018,2018-01-04,9135,2018-01-01,0500,014425,,1,3,9,4500,0,3,5,,2,001,"PLACER ROAD","CENTERVILLE OAKS ROAD",358.00,E,N,A,-,N,,,,,,,,,,Y,2,0,1,1,A,-,08,22107,,F,E,I,A,A,H,-,D,D,0,,,,,Y,,A,01,1,0,0,0,0,0,0,0,0,"- ","- ",40.540298461914062,-122.47029876708984,SHASTA,UNINCORPORATED,-122.46844482421875,40.541736602783203
90639124,2018,2018-01-12,9135,2018-01-11,1504,16461,,4,2,5,4502,0,1,1,,2,054,"I-5 S/B","SR-44 W/B",145.00,N,N,B,C,Y,,,,,,,,,,Y,2,0,1,2,A,-,08,22107,,N,A,C,A,B,H,-,A,D,0,,,,Y,Y,,D,22,1,0,0,0,0,0,0,0,0,"- ","- ",,,SHASTA,REDDING,,
90699230,2018,2018-04-05,9135,2018-02-01,2500,018021,,4,4,9,4500,0,1,3,,1,401,SR-44,"STILLWATER ROAD",1255.00,E,N,A,-,Y,,,44,,,,,,,Y,1,1,0,1,A,-,08,22107,,N,E,I,A,A,H,-,D,D,0,,,,,Y,,A,01,0,0,0,0,0,0,0,0,0,"- ","- ",40.559700012207031,-122.27101898193359,SHASTA,UNINCORPORATED,-122.27103424072266,40.559883117675781
90702530,2018,2018-04-10,9135,2018-04-03,0800,016087,,2,1,9,4500,0,3,5,,2,003,"CHINA GULCH RD.","CANYON RD.",1584.00,N,N,A,-,N,,,,,,,,,,Y,2,0,1,1,A,-,03,22350,,N,E,I,A,A,H,-,A,D,0,,,,,Y,,A,01,1,0,0,0,0,0,0,0,0,"- ","- ",40.487369537353516,-122.42494964599609,SHASTA,UNINCORPORATED,-122.39861297607422,40.490497589111328
90702643,2018,2018-04-10,9135,2018-04-03,1605,017698,,2,2,9,4500,0,1,3,,2,040,SR-44,"GILBERT DRIVE",230.00,E,N,A,-,Y,,,44,,,,,,,Y,2,0,1,1,A,-,01,23152,A,N,E,I,A,A,H,-,A,D,0,,,,,Y,Y,A,01,1,0,0,0,0,0,0,0,0,"- ","- ",40.561138153076172,-122.25733184814453,SHASTA,UNINCORPORATED,-122.25732421875,40.561073303222656
90704622,2018,2018-04-12,9135,2018-03-31,1955,019030,,6,2,9,4500,0,3,5,,2,002,"DESCHUTES RD","VALLOTTON LN",171.00,S,N,A,-,N,,,,,,,,,,Y,2,0,2,1,A,-,01,23152,A,N,E,I,A,A,H,-,B,D,0,,,,,Y,Y,A,01,1,1,0,0,0,0,0,0,0,"- ","- ",40.623069763183594,-122.23312377929688,SHASTA,UNINCORPORATED,-122.2330322265625,40.622940063476562
90727518,2018,2018-05-16,9135,2018-05-14,1807,016790,,1,2,9,4500,0,3,5,,2,001,"LAKE BLVD S/B","KENNETT RD",145.00,S,N,A,-,N,,,,,,,,,,Y,2,0,1,1,A,-,08,22107,,N,F,A,A,A,H,-,A,D,0,,,Y,,Y,,C,02,1,0,0,0,0,0,0,0,1,"- ","- ",40.712841033935547,-122.40673065185547,SHASTA,UNINCORPORATED,-122.40674591064453,40.712619781494141
90752180,2018,2018-06-20,9135,2018-06-16,1235,16461,,6,1,9,4500,0,1,3,,1,401,"SR-44 E/B","GILBERT DR",0.00,,Y,A,-,Y,,,,,,,,,,Y,2,0,2,2,A,-,01,23152,A,N,D,C,A,A,H,-,A,A,0,,,,,Y,Y,D,22,1,0,1,0,0,0,0,0,0,"- ","- ",,,SHASTA,UNINCORPORATED,,
90755760,2018,2018-06-26,9135,2018-06-15,1213,016672,,5,1,9,4500,0,1,1,,2,056,"INTERSTATE 5 S/B","BRIDGE BAY RD",3696.00,S,N,A,-,Y,,,,,,,,,,Y,2,0,1,2,A,-,07,21658,A,N,B,C,A,A,H,-,A,D,0,,,,,Y,,-,"- ",1,0,0,0,0,0,0,0,0,"- ","- ",,,SHASTA,UNINCORPORATED,-122.31398010253906,40.742900848388672
90763488,2018,2018-07-05,9135,2018-02-03,1958,013331,,6,2,9,4500,0,1,3,,1,302,"SR-273 S/B","HILL ST",528.00,N,N,A,-,Y,,,273,,,,,,S,Y,1,1,0,2,C,-,18,,,N,G,B,E,A,H,-,D,D,0,Y,,,,Y,,-,"- ",0,0,0,1,0,0,0,0,0,"- ","- ",40.472099304199219,-122.33329772949219,SHASTA,UNINCORPORATED,-122.33326721191406,40.472152709960938
9076969,2019,2020-05-05,4502,2019-09-15,1522,127,,7,5,5,4502,0,0,0,,0,005,"OLD EUREKA WY","WALNUT AV",0.00,,Y,A,-,N,,,,,,,,,,Y,1,1,0,1,A,-,05,21650,,N,E,I,A,A,H,-,A,D,0,,,,,Y,,D,22,0,0,0,0,0,0,0,0,0,"- ","- ",40.585670471191406,-122.40753936767578,SHASTA,REDDING,-122.40778350830078,40.585811614990234
9076989,2019,2020-04-22,4502,2019-09-22,1408,R0539,R05,7,5,5,4502,0,0,0,,0,005,"TEHAMA ST","PINE ST",0.00,,Y,A,-,N,,,,,,,,,,Y,2,0,2,2,A,-,12,21453,A,N,D,C,A,A,H,-,A,A,0,,,,,Y,,D,22,2,0,0,0,0,0,0,0,0,"- ","- ",40.585678100585938,-122.38999938964844,SHASTA,REDDING,-122.39000701904297,40.585670471191406
90773714,2018,2018-08-20,9135,2018-04-17,1910,018391,,2,2,9,4500,0,3,5,,2,001,"STATE ROUTE 151 (SHASTA DAM BOULEVARD)","LAKE BLVD.",7920.00,W,N,A,-,Y,,,151,,,,,,,Y,1,1,1,2,A,-,05,21460,A,N,H,G,A,A,H,-,A,A,0,,Y,Y,,Y,,C,02,1,0,0,0,0,1,0,0,1,"- ","- ",40.693920135498047,-122.42291259765625,SHASTA,UNINCORPORATED,-122.42290496826172,40.693916320800781
90776573,2018,2018-07-25,9135,2018-07-24,1428,16461,,2,2,9,4500,0,3,5,,2,002,"BLACK BLVD","CHAMBERLAIN ST",18.00,E,N,A,-,N,,,,,,,,,,N,2,0,1,2,A,-,09,21804,A,N,D,C,A,A,H,-,A,D,0,,,Y,,Y,,C,02,1,0,0,0,0,0,0,0,1,"- ","- ",40.908039093017578,-122.38262939453125,SHASTA,UNINCORPORATED,-122.38268280029297,40.907947540283203
90793609,2018,2018-08-20,9135,2018-08-16,0925,018174,,4,1,9,4500,0,3,5,,2,003,"GAS POINT RD (20485 BLOCK)","DELLA LN",30.00,E,N,A,-,N,,,,,,,,,,Y,2,0,4,2,A,-,03,22350,,N,C,C,A,A,H,-,A,D,0,,,,,Y,,D,22,1,3,0,0,0,0,0,0,0,"- ","- ",40.389579772949219,-122.29402923583984,SHASTA,UNINCORPORATED,-122.29386138916016,40.389301300048828
90799065,2018,2018-08-27,9135,2018-08-25,0005,018890,,6,3,9,4500,0,3,5,,2,003,SR-36,"WILDWOOD RD",1000.00,E,N,A,-,Y,,,36,,,,,,,N,2,0,1,1,A,-,01,23152,A,N,F,A,A,A,H,-,D,D,0,,,,,Y,Y,A,07,1,0,0,0,0,0,0,0,0,"- ","- ",40.381088256835938,-123.01490020751953,SHASTA,UNINCORPORATED,-123.01490020751953,40.381210327148438
9080493,2019,2020-09-25,4502,2019-11-04,1707,524,R04,1,5,5,4502,0,0,0,,0,004,"RT 273","100TH RD",0.00,,N,A,-,Y,SHA,2,273,-,-,11.740,H,-,N,Y,2,0,3,3,A,-,03,22350,,N,C,C,A,A,H,-,C,A,0,,,,,Y,,A,01,3,0,0,0,0,0,0,0,0,"- ","- ",40.516700744628906,-122.38128662109375,SHASTA,REDDING,-122.38103485107422,40.515464782714844
9080521,2019,2020-04-21,4502,2019-11-12,1157,314,,2,5,5,4502,0,0,0,,0,004,"RAILROAD PARK RD","MILO ST",108.00,S,N,A,-,N,,,,,,,,,,Y,2,0,1,4,A,-,08,22107,,N,D,C,A,A,H,-,A,D,0,,,,,Y,,A,07,1,0,0,0,0,0,0,0,0,"- ","- ",40.568111419677734,-122.39044189453125,SHASTA,REDDING,-122.39038848876953,40.567958831787109
9080549,2019,2020-04-21,4502,2019-11-29,1105,R0141,R03,5,5,5,4502,0,0,0,,0,003,"VICTOR AV","GALAXY WAY",65.00,N,N,A,-,N,,,,,,,,,,N,2,0,1,2,A,-,03,22350,,N,C,C,A,A,H,-,A,D,0,,,,,Y,,D,22,1,0,0,0,0,0,0,0,0,"- ","- ",40.551139831542969,-122.33647155761719,SHASTA,REDDING,-122.33650970458984,40.551265716552734
9080553,2019,2020-04-21,4502,2019-11-30,1747,530,2,6,5,5,4502,0,0,0,,0,,"EAST CYPRESS AV","LARKSPURL LN",180.00,W,N,C,-,N,,,,,,,,,,N,2,0,2,2,A,-,03,22350,,N,C,C,A,B,H,-,C,D,0,,,,,Y,,D,22,2,0,0,0,0,0,0,0,0,"- ","- ",40.570869445800781,-122.35671997070312,SHASTA,REDDING,-122.3560791015625,40.571033477783203
9081604,2019,2020-04-23,4502,2019-12-06,1823,0192,R01,5,5,5,4502,0,0,0,,0,R01,"FRIENDLY DR","DANA DR",0.00,,Y,C,-,N,,,,,,,,,,Y,2,0,4,2,A,-,01,23152,A,N,D,C,A,B,H,-,C,A,0,,,,,Y,Y,D,22,4,0,0,0,0,0,0,0,0,"- ","- ",40.585731506347656,-122.34734344482422,SHASTA,REDDING,-122.34732818603516,40.585750579833984
9082273,2019,2020-07-13,4502,2019-12-16,1556,524,E07,1,5,5,4502,0,0,0,,0,007,"TWIN VIEW BL","TWIM VIEW BL 1045",0.00,,Y,A,-,N,,,,,,,,,,Y,2,0,3,3,A,-,08,22107,,N,D,C,-,A,H,-,B,D,0,Y,,,Y,Y,,A,07,2,1,0,0,1,0,0,0,0,"- ","- ",40.622348785400391,-122.368896484375,SHASTA,REDDING,,