CASE_ID,ACCIDENT_YEAR,PROC_DATE,JURIS,COLLISION_DATE,COLLISION_TIME,OFFICER_ID,REPORTING_DISTRICT,DAY_OF_WEEK,CHP_SHIFT,POPULATION,CNTY_CITY_LOC,SPECIAL_COND,BEAT_TYPE,CHP_BEAT_TYPE,CITY_DIVISION_LAPD,CHP_BEAT_CLASS,BEAT_NUMBER,PRIMARY_RD,SECONDARY_RD,DISTANCE,DIRECTION,INTERSECTION,WEATHER_1,WEATHER_2,STATE_HWY_IND,CALTRANS_COUNTY,CALTRANS_DISTRICT,STATE_ROUTE,ROUTE_SUFFIX,POSTMILE_PREFIX,POSTMILE,LOCATION_TYPE,RAMP_INTERSECTION,SIDE_OF_HWY,TOW_AWAY,COLLISION_SEVERITY,NUMBER_KILLED,NUMBER_INJURED,PARTY_COUNT,PRIMARY_COLL_FACTOR,PCF_CODE_OF_VIOL,PCF_VIOL_CATEGORY,PCF_VIOLATION,PCF_VIOL_SUBSECTION,HIT_AND_RUN,TYPE_OF_COLLISION,MVIW,PED_ACTION,ROAD_SURFACE,ROAD_COND_1,ROAD_COND_2,LIGHTING,CONTROL_DEVICE,CHP_ROAD_TYPE,PEDESTRIAN_ACCIDENT,BICYCLE_ACCIDENT,MOTORCYCLE_ACCIDENT,TRUCK_ACCIDENT,NOT_PRIVATE_PROPERTY,ALCOHOL_INVOLVED,STWD_VEHTYPE_AT_FAULT,CHP_VEHTYPE_AT_FAULT,COUNT_SEVERE_INJ,COUNT_VISIBLE_INJ,COUNT_COMPLAINT_PAIN,COUNT_PED_KILLED,COUNT_PED_INJURED,COUNT_BICYCLIST_KILLED,COUNT_BICYCLIST_INJURED,COUNT_MC_KILLED,COUNT_MC_INJURED,PRIMARY_RAMP,SECONDARY_RAMP,LATITUDE,LONGITUDE,COUNTY,CITY,POINT_X,POINT_Y
90824508,2018,2018-09-28,9135,2018-09-26,1825,16461,,3,2,9,4500,0,3,5,,2,002,"OLD OREGON TRL","COLLEGE VIEW DR",0.00,,Y,A,-,N,,,,,,,,,,N,2,0,1,1,A,-,08,22107,,N,F,A,A,A,H,-,A,A,0,,,Y,,Y,,C,02,1,0,0,0,0,0,0,0,1,"- ","- ",40.619258880615234,-122.31854248046875,SHASTA,UNINCORPORATED,-122.31842041015625,40.619228363037109
90837571,2018,2018-11-08,9135,2018-09-24,1910,012142,,1,2,9,4500,0,1,3,,2,603,"STATE ROUTE 299","MAIN ST.",1056.00,E,N,A,-,Y,,,299,,,,,,,Y,1,1,0,1,A,-,03,22350,,N,E,I,A,A,H,-,B,D,0,,,Y,,Y,,C,02,0,0,0,0,0,0,0,1,0,"- ","- ",41.050689697265625,-121.39521789550781,SHASTA,UNINCORPORATED,-121.39527893066406,41.050792694091797
90848843,2018,2018-10-30,9135,2018-10-21,1100,016087,,7,1,9,4500,0,3,5,,2,004,"WILD CAT RD.","BLACK BUTTE RD.",5280.00,E,N,A,-,N,,,,,,,,,,Y,2,0,1,1,A,-,08,22107,,N,E,I,A,A,H,-,A,D,0,,,Y,,Y,,C,02,1,0,0,0,0,0,0,0,1,"- ","- ",40.442699432373047,-121.99400329589844,SHASTA,UNINCORPORATED,-122.00336456298828,40.445297241210938
90849812,2018,2018-10-31,9135,2018-10-10,1042,014425,,3,1,9,4500,0,1,3,,1,301,SR-299,"LOWER SPRINGS ROAD",0.00,,Y,A,-,Y,,,299,,,,,,,Y,1,1,0,2,A,-,09,21801,A,N,D,C,A,A,H,-,A,D,0,,,Y,,Y,,A,08,0,0,0,0,0,0,0,1,0,"- ","- ",40.5843505859375,-122.44651794433594,SHASTA,UNINCORPORATED,-122.44650268554688,40.584426879882812
90854014,2018,2018-11-06,9135,2018-11-01,1600,018890,,4,2,9,4500,0,3,5,,2,002,"SMITH RD. B-LINE","OAK RUN TO FERN RD.",11088.00,E,N,A,-,N,,,,,,,,,,Y,2,0,1,1,A,-,08,22107,,N,E,I,A,A,H,-,A,D,0,,,,,Y,,D,22,1,0,0,0,0,0,0,0,0,"- ","- ",40.694690704345703,-121.88865661621094,SHASTA,UNINCORPORATED,-121.88867950439453,40.69476318359375
90854104,2018,2018-11-06,9135,2018-09-09,1825,019101,,7,2,9,4500,0,1,3,,2,020,SR-299,"DUSTY OAKS TRL",1584.00,E,N,A,-,Y,,,299,,,,,,,Y,1,1,0,1,A,-,08,22107,,N,F,A,A,A,H,-,A,D,0,,,,,Y,Y,A,01,0,0,0,0,0,0,0,0,0,"- ","- ",40.687191009521484,-122.13639068603516,SHASTA,UNINCORPORATED,-122.13639068603516,40.687198638916016
90886613,2018,2018-12-19,9135,2018-12-12,1340,016960,,3,1,9,4500,0,1,3,,1,201,"STATE ROUTE 299","WOODMAN LANE",0.00,,N,A,-,Y,,,299,,,,,,,Y,2,0,4,2,A,-,06,21751,,N,A,C,A,A,H,-,A,A,0,,,,,Y,,A,07,3,1,0,0,0,0,0,0,0,"- ","- ",40.680160522460938,-122.15836334228516,SHASTA,UNINCORPORATED,-122.15835571289062,40.680141448974609
90889017,2018,2018-12-24,9135,2018-12-23,0940,016480,,7,1,9,4500,0,3,5,,2,004,"AIRPORT RD. N/B","PRAIRIE LN.",138.00,S,N,B,C,N,,,,,,,,,,Y,2,0,7,2,A,-,05,21460,A,N,A,C,A,B,H,-,A,D,0,,,,,Y,,A,01,4,0,3,0,0,0,0,0,0,"- ","- ",40.485000610351562,-122.29329681396484,SHASTA,UNINCORPORATED,-122.29330444335938,40.484951019287109
90906282,2018,2019-01-17,9135,2018-12-19,2035,016960,,3,2,9,4500,0,1,1,,2,054,"I-5 S/B TO KNIGHTON ROAD","KNIGHTON ROAD",538.00,N,N,B,-,Y,,,5,,,,R,,S,Y,1,1,0,2,A,-,08,22107,,N,C,E,A,B,H,-,D,A,0,,,,Y,Y,Y,A,01,0,0,0,0,0,0,0,0,0,"- ","- ",40.507030487060547,-122.33966064453125,SHASTA,UNINCORPORATED,-122.33966064453125,40.507030487060547
90908690,2019,2019-01-25,9135,2019-01-13,2020,019030,,7,2,9,4500,0,1,3,,1,302,"SR-273 S/B","LATONA RD",330.00,S,N,A,-,Y,,,273,,,,,,S,N,2,0,1,2,A,-,11,21954,A,N,G,B,D,A,H,-,D,D,0,Y,,,,Y,,N,60,1,0,0,0,1,0,0,0,0,"- ","- ",40.480449676513672,-122.34548187255859,SHASTA,UNINCORPORATED,-122.345458984375,40.480480194091797
90912919,2018,2019-01-25,9135,2018-12-09,0255,020361,,7,3,9,4500,0,1,1,,2,053,"I-5 S/B TO MAIN STREET","CATTLEMAN DR",1478.00,N,N,A,-,Y,,,5,,,,R,,S,Y,1,1,0,2,A,-,01,23152,A,N,B,C,A,A,H,-,D,D,0,,,,,Y,Y,A,08,0,0,0,0,0,0,0,0,0,"- ","- ",40.404361724853516,-122.28199768066406,SHASTA,UNINCORPORATED,-122.28199768066406,40.404361724853516
90969803,2019,2019-04-17,9146,2019-04-10,1754,020593,,3,2,9,4500,0,1,1,,2,013,"I-5 SOUTHBOUND","CRAG VIEW DR",850.00,S,N,A,-,Y,,,5,,,,,,S,Y,2,0,1,1,A,-,08,22107,,N,E,I,A,A,H,-,A,D,0,,,Y,,Y,,C,02,1,0,0,0,0,0,0,0,1,"- ","- ",41.179958343505859,-122.29251098632812,SHASTA,UNINCORPORATED,-122.29248046875,41.179935455322266
91000806,2019,2019-05-31,9135,2019-05-19,2110,016790,,7,2,9,4500,0,3,5,,2,002,"OAK RUN RD","TERI-RAND LN",113.00,E,N,A,-,N,,,,,,,,,,Y,2,0,2,2,A,-,01,23152,A,N,A,C,A,A,H,-,D,D,0,,,,,Y,Y,D,22,1,1,0,0,0,0,0,0,0,"- ","- ",40.611480712890625,-122.14407348632812,SHASTA,UNINCORPORATED,-122.14405059814453,40.611457824707031
91006268,2019,2019-06-10,9135,2019-05-29,1415,017698,,3,2,5,4502,0,1,3,,2,040,"S/B I-5 TO W/B SR-44",I-5,1500.00,W,N,A,-,Y,,,,,,,,,,Y,2,0,1,1,A,-,08,22107,,N,E,I,A,A,H,-,A,D,0,,,,Y,Y,,F,26,1,0,0,0,0,0,0,0,0,"- ","- ",40.585929870605469,-122.36554718017578,SHASTA,REDDING,,
91012719,2019,2019-06-18,9135,2019-06-13,1500,017157,,4,2,9,4500,0,1,3,,2,402,"LAKE MCCUMBER RD","EMIGRANT TRL",2640.00,N,N,A,-,N,,,,,,,,,,Y,2,0,1,1,A,-,08,22107,,N,E,I,A,A,H,-,A,D,0,,,Y,,Y,,C,02,1,0,0,0,0,0,0,0,1,"- ","- ",40.533779144287109,-121.74156951904297,SHASTA,UNINCORPORATED,-121.74166107177734,40.533611297607422
91039681,2019,2019-07-26,9135,2019-07-21,0008,018174,,7,3,9,4500,0,3,5,,2,002,"OLD 44 DR (23088 BLOCK)","FERNCREST LN",350.00,W,N,A,-,N,,,,,,,,,,Y,2,0,1,1,A,-,01,23152,A,N,E,J,A,A,H,-,A,D,0,,,,,Y,Y,A,01,1,0,0,0,0,0,0,0,0,"- ","- ",40.567729949951172,-122.19846343994141,SHASTA,UNINCORPORATED,-122.19853210449219,40.567714691162109
91047489,2019,2019-08-07,9135,2019-08-03,1630,019680,,6,2,9,4500,0,1,3,,2,601,"HIGHWAY 299     W","TAMARACK AVE",0.00,,Y,A,-,Y,,,,,,,,,,Y,2,0,2,2,A,-,09,21802,B,N,D,C,A,A,H,-,A,D,0,,,,,Y,Y,A,07,1,1,0,0,0,0,0,0,0,"- ","- ",,,SHASTA,UNINCORPORATED,-121.70529174804688,40.874118804931641
91050054,2019,2019-08-12,9135,2019-08-04,1000,014516,,7,1,9,4500,0,1,1,,2,056,"I-5 N/B","ANTLERS SUMMIT BRIDGE #BR-6-158",2218.00,N,N,A,-,Y,,,5,,,,,,N,Y,2,0,1,1,A,-,01,23152,A,N,E,I,A,A,H,-,A,D,0,,,,,Y,Y,A,07,1,0,0,0,0,0,0,0,0,"- ","- ",40.871089935302734,-122.36766052246094,SHASTA,UNINCORPORATED,-122.36765289306641,40.87109375
91076368,2019,2019-09-17,9135,2019-06-29,1832,019030,,6,2,9,4500,0,3,5,,2,001,"TEXAS SPRINGS RD","MONTGOMERY RANCH RD",510.00,S,N,A,-,N,,,,,,,,,,Y,1,1,0,1,A,-,08,22107,,N,E,I,A,A,H,-,A,D,0,,,Y,,Y,,C,02,0,0,0,0,0,0,0,1,0,"- ","- ",40.518650054931641,-122.45751953125,SHASTA,UNINCORPORATED,-122.46101379394531,40.518436431884766
91101468,2019,2019-10-21,9135,2019-10-06,2110,017698,,7,2,9,4500,0,1,1,,2,053,"S/B I-5","GAS POINT ROAD",248.00,N,N,A,-,Y,,,,,,,,,,Y,2,0,1,1,A,-,01,23152,A,N,E,I,A,A,H,-,C,D,0,,,,,Y,Y,D,22,1,0,0,0,0,0,0,0,0,"- ","- ",40.390079498291016,-122.28668212890625,SHASTA,UNINCORPORATED,,
91158917,2019,2020-01-22,9135,2019-09-13,0233,016191,,5,3,9,4500,0,1,1,,2,056,"I-5 N/B","MCCARDLE FLAT RD",444.00,S,N,A,-,Y,,,5,,,,,,N,Y,1,2,1,2,A,-,01,23152,A,N,A,C,A,A,H,-,D,D,0,,,,,Y,Y,D,22,1,0,0,0,0,0,0,0,0,"- ","- ",40.956001281738281,-122.43515777587891,SHASTA,UNINCORPORATED,-122.43515777587891,40.956001281738281
91163122,2019,2020-01-10,9135,2019-12-20,0825,012900,,5,1,9,4500,0,3,5,,2,002,"DRY CREEK RD","MIRROR VALLEY LN",1584.00,N,N,B,C,N,,,,,,,,,,Y,2,0,2,2,A,-,05,21460,A,N,A,C,A,B,H,-,A,D,0,,,,,Y,,A,01,2,0,0,0,0,0,0,0,0,"- ","- ",40.677101135253906,-122.24320220947266,SHASTA,UNINCORPORATED,-122.24301147460938,40.677154541015625
91167140,2019,2020-01-22,9135,2019-08-20,2258,017698,,2,3,9,4500,0,3,5,,2,004,"DESCHUTES ROAD","GREEN ACRES DRIVE",208.00,N,N,A,-,N,,,,,,,,,,Y,1,1,0,1,A,-,01,23152,A,N,E,I,A,A,H,-,C,D,0,,,,,Y,Y,A,01,0,0,0,0,0,0,0,0,0,"- ","- ",40.458721160888672,-122.24462890625,SHASTA,UNINCORPORATED,-122.24485015869141,40.458599090576172
91174532,2020,2020-01-27,9135,2020-01-21,1605,018021,,2,2,9,4500,0,1,3,,2,402,SR-44,"WILSON HILL RD",575.00,E,N,C,E,Y,,,44,,,,,,,Y,2,0,3,2,A,-,01,23152,A,N,A,C,A,B,H,-,A,D,0,,,,,Y,Y,D,22,2,1,0,0,0,0,0,0,0,"- ","- ",40.492740631103516,-121.88511657714844,SHASTA,UNINCORPORATED,-121.88512420654297,40.492763519287109
91190797,2020,2020-02-21,9135,2020-02-13,1711,014788,,4,2,9,4500,0,3,5,,2,004,"TREFOIL LN","LOCUST RD",25.00,E,N,A,-,N,,,,,,,,,,Y,2,0,1,1,A,-,03,22350,,N,E,I,A,A,H,-,A,A,0,,,,,Y,,D,22,1,0,0,0,0,0,0,0,0,"- ","- ",40.396541595458984,-122.27378082275391,SHASTA,UNINCORPORATED,-122.27387237548828,40.396591186523438
91205190,2020,2020-03-10,9135,2020-03-01,0025,016790,,7,3,9,4500,0,1,3,,1,201,"SR-299 W/B","DUBOIS RD",8448.00,W,N,A,-,Y,,,299,,,,,,W,Y,2,0,1,1,A,-,08,22107,,N,F,I,A,A,H,-,D,D,0,,,,,Y,,D,22,1,0,0,0,0,0,0,0,0,"- ","- ",40.746131896972656,-122.06240844726562,SHASTA,UNINCORPORATED,-122.06245422363281,40.746177673339844
91234486,2020,2020-05-06,9135,2020-03-28,1755,019030,,6,2,9,4500,0,1,3,,1,201,SR-299,"SUGAR PINE CAMP RD",9504.00,E,N,B,C,Y,,,,,,,,,,Y,1,1,0,1,A,-,08,22107,,N,E,I,A,B,H,-,A,D,0,,,,,Y,,A,01,0,0,0,0,0,0,0,0,0,"- ","- ",40.435989379882812,-122.04251098632812,SHASTA,UNINCORPORATED,-122.07398223876953,40.732753753662109
91268216,2020,2020-07-14,9135,2020-07-10,1312,020491,,5,1,9,4500,0,3,5,,2,003,"RHONDA ROAD","CREMIA PLACE",70.00,W,N,A,-,N,,,,,,,,,,Y,2,0,3,2,A,-,05,21460,A,N,A,C,A,A,H,-,A,D,0,,,,,Y,,A,01,1,1,1,0,0,0,0,0,0,"- ","- ",40.397701263427734,-122.28440093994141,SHASTA,UNINCORPORATED,-122.284302,40.397709999999996
91274616,2020,2020-07-27,9135,2020-07-24,1020,016480,,5,1,9,4500,0,1,3,,1,201,SR-299,"KERN DR.",291.00,W,N,A,-,Y,,,299,,,,,,,Y,2,0,1,1,A,-,08,22107,,N,E,I,A,A,H,-,A,D,0,,,,,Y,,A,01,1,0,0,0,0,0,0,0,0,"- ","- ",40.6343994140625,-122.25553131103516,SHASTA,UNINCORPORATED,-122.25550079345703,40.634269714355469
91275350,2020,2020-07-28,9135,2020-07-19,2200,017428,,7,3,9,4500,0,3,5,,2,002,"BEAR MOUNTAIN RD.","HIDDEN VALLEY DR.",520.00,S,N,A,-,N,,,,,,,,,,Y,2,0,1,1,A,-,08,22107,,N,E,I,A,A,H,-,D,D,0,,,,,Y,Y,D,22,1,0,0,0,0,0,0,0,0,"- ","- ",40.716949462890625,-122.24179077148438,SHASTA,UNINCORPORATED,-122.24179840087891,40.717063903808594
91275630,2020,2020-12-22,9135,2020-06-24,2300,016960,,3,3,9,4500,0,1,3,,1,301,"STATE ROUTE 299","SOUTH SHORE DRIVE",1700.00,E,N,A,-,Y,,,299,,,,,,,Y,1,1,1,1,A,-,01,23152,A,N,E,I,A,A,H,-,D,A,0,,,,,Y,Y,D,22,1,0,0,0,0,0,0,0,0,"- ","- ",40.650630950927734,-122.62120819091797,SHASTA,UNINCORPORATED,-122.62116241455078,40.650718688964844
91279350,2020,2020-08-03,9135,2020-07-15,1400,019030,,3,2,9,4500,0,3,5,,2,004,"CHURN CREEK RD","DAIRYLAND DR",202.00,S,N,A,-,N,,,,,,,,,,Y,2,0,1,2,A,-,01,23152,A,N,B,C,A,A,H,-,A,D,0,,,,,Y,Y,A,07,1,0,0,0,0,0,0,0,0,"- ","- ",40.495658874511719,-122.31922149658203,SHASTA,UNINCORPORATED,-122.31924438476562,40.49566650390625
91291097,2020,2020-08-24,9135,2020-08-06,2020,017956,,4,2,9,4500,0,1,3,,1,301,SR-299,"J F KENNEDY MEMORIAL DR",2112.00,W,N,A,-,Y,,,,,,,,,,Y,2,0,3,2,A,-,05,21651,A,N,D,C,A,A,H,-,D,A,0,,,,,Y,,A,01,2,1,0,0,0,0,0,0,0,"- ","- ",40.377410888671875,-122.31321716308594,SHASTA,UNINCORPORATED,-122.52547454833984,40.618549346923828
91317292,2020,2020-10-05,9135,2020-09-25,1409,014761,,5,2,9,4500,0,3,5,,2,001,"WONDERLAND BLVD","TUNNEL ROAD",0.00,,N,A,-,N,,,,,,,,,,Y,2,0,1,1,A,-,08,22107,,N,E,I,A,A,H,-,A,D,0,,,,,Y,,A,01,1,0,0,0,0,0,0,0,0,"- ","- ",40.717460632324219,-122.33094024658203,SHASTA,UNINCORPORATED,-122.33061981201172,40.718360900878906
91320750,2020,2020-10-09,9146,2020-10-04,1754,017955,,7,2,9,4500,0,3,5,,2,003,"CRAG VIEW DR.","FINANCIAL AVE.",1056.00,S,N,A,-,N,,,,,,,,,,N,2,0,1,1,A,-,03,22350,,N,F,A,A,A,H,-,A,D,0,,,Y,,Y,,C,02,1,0,0,0,0,0,0,0,1,"- ","- ",41.175151824951172,-122.29483795166016,SHASTA,UNINCORPORATED,-122.29440307617188,41.175434112548828
91321752,2020,2020-10-12,9135,2020-10-07,1820,019680,,3,2,9,4500,0,1,3,,2,605,"STATE HIGHWAY 89","STATE HIGHWAY 44",11088.00,N,N,A,-,Y,,,,,,,,,,Y,2,0,3,1,A,-,08,22107,,N,E,I,A,A,H,-,D,D,0,,,,,Y,,A,07,1,2,0,0,0,0,0,0,0,"- ","- ",,,SHASTA,UNINCORPORATED,-121.57076263427734,40.573318481445312
91328661,2020,2020-11-12,9135,2020-08-14,1435,017956,,5,2,9,4500,0,1,3,,1,301,SR-299,"BUCKHORN SUMMIT",2112.00,E,N,A,-,Y,,,299,,,,,,,Y,1,2,0,2,A,-,05,21651,A,N,A,C,A,A,H,-,A,D,0,,,,,Y,,A,01,0,0,0,0,0,0,0,0,0,"- ","- ",40.641159057617188,-122.72946166992188,SHASTA,UNINCORPORATED,-122.72953033447266,40.641498565673828
9132967,2020,2020-11-25,4501,2020-07-21,1511,225,SHS,2,5,2,4501,0,0,0,,0,A01,"RT 273","PLEASANT HILL DR",0.00,,Y,A,-,Y,SHA,2,273,-,-,4.130,I,5,S,Y,2,0,1,2,A,-,12,21453,A,N,B,C,A,A,H,-,A,A,0,,,,,Y,,A,01,1,0,0,0,0,0,0,0,0,"- ","- ",40.434539794921875,-122.28858947753906,SHASTA,ANDERSON,-122.28755187988281,40.433090209960938
91330862,2020,2020-10-26,9135,2020-10-15,2212,019257,,4,3,5,4502,0,1,1,,2,054,"INTERSTATE 5 NORTHBOUND","S. BONNYVIEW ROAD",1748.00,N,N,A,-,Y,,,,,,,,,,Y,2,0,1,1,A,-,01,23152,A,N,E,I,A,A,H,-,C,D,0,,,,,Y,Y,D,22,1,0,0,0,0,0,0,0,0,"- ","- ",40.323310852050781,-122.21737670898438,SHASTA,REDDING,-122.35228729248047,40.543071746826172
91335509,2020,2020-10-30,9135,2020-10-27,1100,016087,,2,1,9,4500,0,3,5,,2,004,"DESCHUTES RD.","BALLS FERRY RD.",1584.00,S,N,A,-,N,,,,,,,,,,Y,2,0,1,2,A,-,01,23152,A,N,C,C,A,A,H,-,A,D,0,,,Y,,Y,Y,C,02,1,0,0,0,0,0,0,0,1,"- ","- ",40.443618774414062,-122.26264190673828,SHASTA,UNINCORPORATED,-122.26227569580078,40.443912506103516
91341151,2020,2020-11-06,9135,2020-10-09,1438,014761,,5,2,9,4500,0,3,5,,2,003,"SPRING GULCH RD","MISSOURI LANE",0.00,,Y,A,-,N,,,,,,,,,,Y,2,0,1,2,A,-,03,22350,,F,D,C,A,A,H,-,A,A,0,,,,Y,Y,,F,26,1,0,0,0,0,0,0,0,0,"- ","- ",40.462848663330078,-122.33026123046875,SHASTA,UNINCORPORATED,-122.33025360107422,40.462810516357422
91341204,2020,2020-11-06,9135,2020-10-10,2045,019101,,6,2,9,4500,0,1,3,,2,402,SR-44,"SMITH CREEK",414.00,W,N,A,-,Y,,,44,,,,,,,Y,2,0,2,2,A,-,09,21802,A,N,D,C,A,A,H,-,D,A,0,,,,,Y,,D,22,1,0,1,0,0,0,0,0,0,"- ","- ",40.505268096923828,-121.83318328857422,SHASTA,UNINCORPORATED,-121.83316802978516,40.505229949951172
91343312,2020,2020-11-11,9135,2020-11-02,0215,016960,,1,3,5,4502,0,1,1,,2,054,"INTERSTATE 5 SOUTHBOUND","SOUTH BONNYVIEW ROAD",0.00,,N,A,-,Y,,,5,,,,,,S,Y,2,0,1,1,A,-,08,22107,,N,E,I,A,A,H,-,D,A,0,,,,,Y,,A,01,1,0,0,0,0,0,0,0,0,"- ","- ",40.543811798095703,-122.35305023193359,SHASTA,REDDING,-122.35297393798828,40.543834686279297
91352546,2020,2020-11-24,9135,2020-09-18,2028,018133,,5,2,9,4500,0,3,5,,2,002,"BEAR MOUNTAIN ROAD","SCHOLE DR.",27.00,W,N,A,-,N,,,,,,,,,,Y,1,1,0,1,A,-,01,23152,F,N,E,I,A,A,H,-,D,D,0,,,,,Y,,D,22,0,0,0,0,0,0,0,0,0,"- ","- ",40.686088562011719,-122.28793334960938,SHASTA,UNINCORPORATED,-122.28771209716797,40.686119079589844
91375356,2020,2020-12-28,9135,2020-12-16,2310,016960,,3,3,5,4502,0,1,1,,2,055,"INTERSTATE 5 NORTHBOUND","OASIS ROAD",0.00,,N,C,-,Y,,,5,,,,,,N,Y,2,0,1,1,A,-,03,22350,,N,E,I,A,B,H,-,D,A,0,,,,,Y,,A,01,1,0,0,0,0,0,0,0,0,"- ","- ",40.637371063232422,-122.36650848388672,SHASTA,REDDING,-122.36641693115234,40.637336730957031
91409214,2020,2021-02-16,9135,2020-11-29,1505,019111,,7,2,9,4500,0,1,3,,2,402,"STATE ROUTE 44","BOULDER RIDGE TRAIL",130.00,E,N,A,-,Y,,,,,,,,,,Y,1,1,0,1,A,-,01,23152,G,N,E,I,A,A,H,-,A,D,0,,,,,Y,Y,A,07,0,0,0,0,0,0,0,0,0,"- ","- ",40.505958557128906,-121.95657348632812,SHASTA,UNINCORPORATED,-121.95583343505859,40.509742736816406
91413978,2020,2021-02-23,9135,2020-12-31,2350,017428,,4,3,9,4500,0,3,5,,2,002,"BEAR MOUNTAIN ROAD","HIDDEN VALLEY TRAIL",100.00,S,N,A,-,N,,,,,,,,,,Y,1,1,0,1,A,-,01,23152,F,N,F,A,A,A,H,-,D,D,0,,,Y,,Y,,C,02,0,0,0,0,0,0,0,1,0,"- ","- ",40.717960357666016,-122.24124145507812,SHASTA,UNINCORPORATED,-122.24114227294922,40.718090057373047
91420481,2021,2021-03-04,9135,2021-02-25,2500,020491,,4,4,9,4500,0,3,5,,2,002,"PORTERO DR","MARIA DRIVE",200.00,W,N,A,-,N,,,,,,,,,,N,2,0,1,2,A,-,06,21750,,N,B,C,A,A,H,-,D,D,0,,,Y,,Y,,B,07,1,0,0,0,0,0,0,0,1,"- ","- ",40.651199340820312,-122.31108856201172,SHASTA,UNINCORPORATED,-122.31116485595703,40.651283264160156
91424220,2021,2021-03-10,9135,2021-02-18,1355,017956,,4,1,9,4500,0,1,3,,1,302,SR-273,"WHITE HOUSE DRIVE",0.00,,Y,B,-,Y,,,273,,,,,,,Y,2,0,2,2,A,-,09,21801,A,N,D,C,A,B,H,-,A,A,0,,,,,Y,,A,07,1,1,0,0,0,0,0,0,0,"- ","- ",40.497920989990234,-122.37100219726562,SHASTA,UNINCORPORATED,-122.37100219726562,40.497917175292969
91439169,2021,2021-03-30,9135,2021-03-25,1130,018890,,4,1,9,4500,0,3,5,,2,002,"ZOGG MINE ROAD","HORSE CANYON ROAD",326.00,S,N,A,-,N,,,,,,,,,,N,2,0,1,1,A,-,08,22107,,N,F,A,A,A,H,-,A,D,0,,,Y,,Y,,C,02,1,0,0,0,0,0,0,0,1,"- ","- ",40.541969299316406,-122.57028961181641,SHASTA,UNINCORPORATED,-122.57073974609375,40.542522430419922
91441638,2021,2021-05-24,9135,2021-03-28,1830,018866,,7,2,9,4500,0,3,5,,2,006,"MCARTHUR RD","ALFALFA WAY",55.00,W,N,A,-,N,,,,,,,,,,Y,2,0,1,1,C,-,18,,,N,H,H,A,A,H,-,A,D,0,,,Y,,Y,,-,"- ",1,0,0,0,0,0,0,0,1,"- ","- ",41.061458587646484,-121.48538970947266,SHASTA,UNINCORPORATED,-121.48555755615234,41.061622619628906
91447957,2021,2021-04-12,9135,2021-04-05,0030,019101,,1,3,9,4500,0,3,5,,2,002,"OLD OREGON TRL","HARLEY LEIGHTON RD",700.00,S,N,A,-,N,,,,,,,,,,Y,2,0,2,1,A,-,01,23152,A,N,E,I,A,A,H,-,D,D,0,,,,,Y,Y,A,01,1,1,0,0,0,0,0,0,0,"- ","- ",40.584648132324219,-122.3070068359375,SHASTA,UNINCORPORATED,-122.30697631835938,40.584312438964844
91451110,2021,2021-04-15,9135,2021-04-02,1340,017698,,5,1,9,4500,0,3,5,,2,003,"RIVERLAND DRIVE","KNIGHTON ROAD",4752.00,S,N,A,-,N,,,,,,,,,,Y,2,0,2,2,A,-,06,21750,,N,B,C,A,A,H,-,A,D,0,,,,,Y,,A,01,1,0,1,0,0,0,0,0,0,"- ","- ",40.494480133056641,-122.33119201660156,SHASTA,UNINCORPORATED,-122.33143615722656,40.494773864746094
91452588,2021,2021-04-19,9135,2021-04-07,1918,019030,,3,2,9,4500,0,3,5,,2,001,"IRON MOUNTAIN RD","ROCK CREEK",254.00,S,N,A,-,N,,,,,,,,,,Y,2,0,2,2,A,-,09,21801,A,N,D,C,A,A,H,-,A,D,0,,,Y,,Y,Y,M,47,2,0,0,0,0,0,0,0,2,"- ","- ",40.612678527832031,-122.4593505859375,SHASTA,UNINCORPORATED,-122.466064453125,40.623710632324219
91471052,2021,2021-05-27,9135,2021-04-30,0540,019111,,5,3,9,4500,0,1,3,,1,301,SR-299,"WHISKEY CREEK",200.00,W,N,A,-,Y,,,299,,,,,,,Y,2,0,1,1,A,-,08,22107,,N,E,I,A,A,H,-,B,D,0,,,,,Y,,A,01,1,0,0,0,0,0,0,0,0,"- ","- ",40.634628295898438,-122.56182861328125,SHASTA,UNINCORPORATED,-122.56180572509766,40.634685516357422