CASE_ID,ACCIDENT_YEAR,PROC_DATE,JURIS,COLLISION_DATE,COLLISION_TIME,OFFICER_ID,REPORTING_DISTRICT,DAY_OF_WEEK,CHP_SHIFT,POPULATION,CNTY_CITY_LOC,SPECIAL_COND,BEAT_TYPE,CHP_BEAT_TYPE,CITY_DIVISION_LAPD,CHP_BEAT_CLASS,BEAT_NUMBER,PRIMARY_RD,SECONDARY_RD,DISTANCE,DIRECTION,INTERSECTION,WEATHER_1,WEATHER_2,STATE_HWY_IND,CALTRANS_COUNTY,CALTRANS_DISTRICT,STATE_ROUTE,ROUTE_SUFFIX,POSTMILE_PREFIX,POSTMILE,LOCATION_TYPE,RAMP_INTERSECTION,SIDE_OF_HWY,TOW_AWAY,COLLISION_SEVERITY,NUMBER_KILLED,NUMBER_INJURED,PARTY_COUNT,PRIMARY_COLL_FACTOR,PCF_CODE_OF_VIOL,PCF_VIOL_CATEGORY,PCF_VIOLATION,PCF_VIOL_SUBSECTION,HIT_AND_RUN,TYPE_OF_COLLISION,MVIW,PED_ACTION,ROAD_SURFACE,ROAD_COND_1,ROAD_COND_2,LIGHTING,CONTROL_DEVICE,CHP_ROAD_TYPE,PEDESTRIAN_ACCIDENT,BICYCLE_ACCIDENT,MOTORCYCLE_ACCIDENT,TRUCK_ACCIDENT,NOT_PRIVATE_PROPERTY,ALCOHOL_INVOLVED,STWD_VEHTYPE_AT_FAULT,CHP_VEHTYPE_AT_FAULT,COUNT_SEVERE_INJ,COUNT_VISIBLE_INJ,COUNT_COMPLAINT_PAIN,COUNT_PED_KILLED,COUNT_PED_INJURED,COUNT_BICYCLIST_KILLED,COUNT_BICYCLIST_INJURED,COUNT_MC_KILLED,COUNT_MC_INJURED,PRIMARY_RAMP,SECONDARY_RAMP,LATITUDE,LONGITUDE,COUNTY,CITY,POINT_X,POINT_Y
9147362,2020,2020-09-24,4501,2020-07-29,0800,236,A02,3,5,2,4501,0,0,0,,0,002,"RIVERSIDE AV","ALEXANDER AV",0.00,,Y,A,-,N,,,,,,,,,,N,2,0,1,1,A,-,03,22350,,N,E,I,A,A,H,-,A,D,0,,,Y,,Y,,C,02,1,0,0,0,0,0,0,0,1,"- ","- ",,,SHASTA,ANDERSON,-122.30494689941406,40.469551086425781
91474757,2021,2021-05-27,9135,2021-05-12,0647,016461,,3,1,9,4500,0,1,1,,2,056,"I-5 S/B","OBRIEN ROAD",0.30,N,N,A,-,Y,,,,,,,,,,Y,2,0,1,1,A,-,08,22107,,N,E,I,A,A,H,-,A,D,0,,,,Y,Y,,G,25,1,0,0,0,0,0,0,0,0,"- ","- ",,,SHASTA,UNINCORPORATED,,
91476632,2021,2021-05-27,9135,2021-05-14,1312,018777,,5,1,9,4500,0,1,3,,2,604,SR-44,SR-89,5618.00,E,N,A,-,Y,,,44,,,,,,,Y,2,0,4,1,A,-,08,22107,,N,E,I,A,A,H,-,A,D,0,,,,,Y,,A,07,1,3,0,0,0,0,0,0,0,"- ","- ",40.677158355712891,-121.40113067626953,SHASTA,UNINCORPORATED,-121.401123046875,40.677154541015625
91491141,2021,2021-06-07,9135,2021-05-21,1720,017698,,5,2,9,4500,0,1,3,,1,302,"SR-273 S/B","WHITEHOUSE DRIVE",1584.00,N,N,A,G,Y,,,273,,,,,,S,Y,2,0,1,1,C,-,18,,,N,F,A,A,A,H,-,A,D,0,,,Y,,Y,,-,"- ",1,0,0,0,0,0,0,0,1,"- ","- ",40.501701354980469,-122.37619781494141,SHASTA,UNINCORPORATED,-122.37628173828125,40.501613616943359
91498726,2021,2021-06-16,9135,2021-06-01,1333,019030,,2,1,9,4500,0,1,3,,2,402,SR-44,"INWOOD RD",1143.00,E,N,A,-,N,,,44,,,,,,,Y,2,0,1,3,A,-,05,21460,A,N,D,C,A,A,H,-,A,D,0,,,Y,,Y,,C,03,1,0,0,0,0,0,0,0,1,"- ","- ",40.503860473632812,-121.99939727783203,SHASTA,UNINCORPORATED,-121.99938201904297,40.503871917724609
91501407,2021,2021-06-21,9135,2021-06-18,1620,019680,,5,2,9,4500,0,1,3,,2,602,"BLACK RANCH RD.","RT 299",19008.00,N,N,A,-,N,,,,,,,,,,N,2,0,1,1,A,-,03,22350,,N,E,I,A,A,H,-,A,D,0,,,Y,,Y,,C,02,1,0,0,0,0,0,0,0,1,"- ","- ",40.533298492431641,-121.38559722900391,SHASTA,UNINCORPORATED,-121.64546203613281,40.943454742431641
91513327,2021,2021-08-20,9135,2021-06-28,1147,018433,,1,1,9,4500,0,3,5,,2,004,"BLACK BUTTE ROAD","WILD CAT ROAD",535.00,N,N,A,-,N,,,,,,,,,,Y,1,1,5,2,A,-,01,23152,A,N,A,C,A,A,H,-,A,D,0,,,,,Y,Y,A,07,2,3,0,0,0,0,0,0,0,"- ","- ",40.273059844970703,-122.00167846679688,SHASTA,UNINCORPORATED,-122.00609588623047,40.45709228515625
91513980,2021,2021-07-06,9135,2021-07-03,2215,018552,,6,3,9,4500,0,1,3,,1,101,SR-151,"LAKE BLVD",7920.00,W,N,A,-,Y,,,151,,,,,,,N,2,0,1,1,A,-,08,22107,,N,F,A,A,A,H,-,D,D,0,,,Y,,Y,,C,02,1,0,0,0,0,0,0,0,1,"- ","- ",40.694709777832031,-122.42234039306641,SHASTA,UNINCORPORATED,-122.42230224609375,40.694660186767578
91519840,2021,2021-07-14,9135,2021-07-03,0938,018777,,6,1,9,4500,0,1,3,,2,602,"STATE ROUTE 299","BLACK RANCH ROAD",310.00,E,N,A,-,Y,,,,,,,,,,Y,2,0,2,1,A,-,08,22107,,N,E,I,A,A,H,-,A,D,0,,,,,Y,,D,22,1,1,0,0,0,0,0,0,0,"- ","- ",40.893409729003906,-121.54952239990234,SHASTA,UNINCORPORATED,-121.64963531494141,40.893463134765625
91525680,2021,2021-07-21,9135,2021-07-06,1300,016960,,2,1,2,4501,0,1,1,,2,053,"INTERSTATE 5 SOUTHBOUND","STATE HIGHWAY 273 ON RAMP",1320.00,S,N,A,-,Y,,,5,,,,,,S,Y,2,0,3,2,C,-,18,,,N,C,C,A,A,H,-,A,A,0,,,,,Y,,-,"- ",2,1,0,0,0,0,0,0,0,"- ","- ",40.424831390380859,-122.28298950195312,SHASTA,ANDERSON,-122.28307342529297,40.424816131591797
91526559,2021,2022-07-29,9135,2021-04-30,1930,019680,,5,2,9,4500,0,1,3,,1,606,"STATE HIGHWAY 89","LORENZ RD",19800.00,N,N,A,-,Y,,,,,,,,,,Y,1,1,5,1,A,-,08,22107,,N,E,I,A,A,H,-,A,D,0,,,,,Y,Y,A,07,4,1,0,0,0,0,0,0,0,"- ","- ",40.790958404541016,-121.40599822998047,SHASTA,UNINCORPORATED,-121.62165069580078,41.017433166503906
91531998,2021,2021-10-25,9135,2021-07-27,1100,016424,,2,1,9,4500,0,1,3,,1,201,"STATE ROUTE 299","SUGAR PINE CAMP ROAD",7920.00,E,N,B,C,Y,,,299,,,,,,,Y,2,0,6,2,A,-,05,21460,A,N,B,C,A,B,H,-,A,D,0,,,,,Y,,D,22,4,2,0,0,0,0,0,0,0,"- ","- ",40.729061126708984,-122.07613372802734,SHASTA,UNINCORPORATED,-122.07617950439453,40.72906494140625
91551052,2021,2021-08-23,9135,2021-08-09,2105,020361,,1,2,9,4500,0,1,3,,2,402,SR-44,"AUNTIE BO'S WAY",225.00,E,N,A,-,N,,,,,,,,,,N,2,0,1,2,A,-,08,22107,,F,D,G,A,A,H,-,D,D,0,,Y,,,Y,,-,99,1,0,0,0,0,0,1,0,0,"- ","- ",40.500148773193359,-122.84844207763672,SHASTA,UNINCORPORATED,-121.84870910644531,40.500095367431641
91559632,2021,2021-09-02,9135,2021-08-20,2100,016790,,5,2,9,4500,0,1,3,,1,201,SR-299,"DESCHUTES RD",1200.00,E,N,A,-,Y,,,299,,,,,,,Y,2,0,3,2,A,-,09,21804,A,N,D,2,A,A,H,-,D,D,0,,,,,Y,,A,07,1,2,0,0,0,0,0,0,0,"- ","- ",40.639080047607422,-122.23789215087891,SHASTA,UNINCORPORATED,-122.23789215087891,40.639087677001953
91567205,2021,2021-09-10,9135,2021-08-29,1035,017428,,7,1,9,4500,0,3,5,,2,002,"BEAR MOUNTAIN RD.","DRIFTWOOD TR.",2112.00,E,N,A,-,N,,,,,,,,,,Y,2,0,1,1,A,-,08,22107,,N,E,I,A,A,H,-,A,D,0,,,,,Y,,A,07,1,0,0,0,0,0,0,0,0,"- ","- ",40.568271636962891,-122.1947021484375,SHASTA,UNINCORPORATED,-122.25568389892578,40.708488464355469
91579389,2021,2021-09-24,9135,2021-09-21,1745,018837,,2,2,9,4500,0,3,5,,2,003,"CANYON RD","VALLEY VIEW RD",1523.00,W,N,A,-,N,,,,,,,,,,Y,2,0,1,1,A,-,08,22107,,N,F,A,A,A,H,-,A,A,0,,,Y,,Y,,C,02,1,0,0,0,0,0,0,0,1,"- ","- ",40.497310638427734,-122.38700103759766,SHASTA,UNINCORPORATED,-122.38643646240234,40.494838714599609
91617172,2021,2021-11-11,9135,2021-10-24,1318,017428,,7,1,9,4500,0,1,1,,2,054,"I-5 S/B","STATTON RD.",1056.00,N,N,B,C,Y,,,5,,,,,,S,N,2,0,1,3,A,-,07,21658,A,F,G,B,E,B,H,-,A,D,0,Y,,,,Y,,-,99,1,0,0,0,1,0,0,0,0,"- ","- ",40.853328704833984,-122.34205627441406,SHASTA,UNINCORPORATED,-122.34214782714844,40.853309631347656
91618530,2021,2021-11-08,9135,2021-10-29,2225,020361,,5,3,9,4500,0,3,5,,2,001,"WHITE HOUSE DRIVE","HAPPY VALLEY ROAD",294.00,N,N,B,-,N,,,,,,,,,,N,2,0,2,3,A,-,08,22107,,F,G,B,E,A,H,-,D,D,0,Y,,,,Y,,-,99,1,1,0,0,2,0,0,0,0,"- ","- ",40.494651794433594,-122.36721038818359,SHASTA,UNINCORPORATED,-122.36716461181641,40.494670867919922
91620036,2021,2021-11-09,9135,2021-10-25,1250,016087,,1,1,9,4500,0,3,5,,2,004,"CANYON RD.","CHINA GULCH DR.",846.00,W,N,B,-,N,,,,,,,,,,Y,1,1,1,1,A,-,03,22350,,N,E,I,A,A,H,-,A,D,0,,,,,Y,,A,01,1,0,0,0,0,0,0,0,0,"- ","- ",40.486831665039062,-122.39389038085938,SHASTA,UNINCORPORATED,-122.39366149902344,40.488620758056641
91624848,2021,2022-01-05,9135,2021-10-05,0315,015627,,2,3,9,4500,0,1,3,,1,606,SR-89,"LAKE ROAD",1056.00,S,N,A,-,Y,,,89,,,,,,,Y,1,1,0,1,A,-,01,23152,A,N,E,I,A,A,H,-,D,D,0,,,,,Y,Y,A,01,0,0,0,0,0,0,0,0,0,"- ","- ",41.008609771728516,-121.64601135253906,SHASTA,UNINCORPORATED,-121.64599609375,41.008644104003906
91633133,2021,2021-11-23,9135,2021-11-22,1544,018829,,1,2,9,4500,0,3,5,,2,002,"SHASTA CAVERNS ROAD","LAKEVIEW DR",650.00,E,N,A,-,N,,,,,,,,,,Y,2,0,1,2,A,-,05,21460,A,N,A,C,A,A,H,-,A,D,0,,,Y,,Y,,C,02,1,0,0,0,0,0,0,0,1,"- ","- ",40.805488586425781,-122.31922912597656,SHASTA,UNINCORPORATED,-122.32093811035156,40.806598663330078
91637375,2021,2021-11-29,9135,2021-11-10,1905,019111,,3,2,9,4500,0,3,5,,2,002,"OAK RUN RD","TERI-RAND LN.",1162.00,E,N,B,-,N,,,,,,,,,,Y,2,0,1,1,A,-,01,23152,A,N,E,I,A,A,H,-,D,D,0,,,,,Y,Y,A,01,1,0,0,0,0,0,0,0,0,"- ","- ",40.364459991455078,-122.08255004882812,SHASTA,UNINCORPORATED,-122.14047241210938,40.612361907958984
91639642,2021,2021-12-01,9135,2021-11-08,1100,016087,,1,1,9,4500,0,3,5,,2,003,"SR-273 N/B","THOMAS RD.",575.00,N,N,A,-,Y,,,273,,,,,,N,Y,2,0,1,1,A,-,01,23152,G,N,E,I,A,A,H,-,A,D,0,,,,,Y,Y,A,01,1,0,0,0,0,0,0,0,0,"- ","- ",40.493480682373047,-122.36361694335938,SHASTA,UNINCORPORATED,-122.36380767822266,40.493206024169922
91654577,2021,2021-12-16,9135,2021-08-01,2019,018866,,7,2,9,4500,0,3,5,,2,006,"FOREST ROUTE 11","FOREST ROUTE 38N11D",1007.00,W,N,A,-,N,,,,,,,,,,Y,1,1,1,1,A,-,08,22107,,N,E,I,A,A,A,B,B,D,0,,,,,Y,Y,A,07,0,1,0,0,0,0,0,0,0,"- ","- ",41.060451507568359,-121.94660186767578,SHASTA,UNINCORPORATED,-122.39353942871094,40.878711700439453
91689415,2022,2022-01-31,9135,2022-01-26,1415,019680,,3,2,5,4502,0,1,3,,2,602,"STATE HIGHWAY 299","SIERRA CENTER DR.",235.00,E,N,A,-,Y,,,,,,,,,,Y,2,0,1,2,A,-,01,23152,A,N,D,C,A,A,H,-,A,D,0,,,,,Y,Y,A,01,1,0,0,0,0,0,0,0,0,"- ","- ",41.568790435791016,-121.56874084472656,SHASTA,REDDING,-121.42161560058594,41.027400970458984
91694738,2022,2022-02-07,9135,2022-02-05,0752,016480,,6,1,9,4500,0,1,3,,1,401,SR-44,"DESCHUTES RD",1675.00,E,N,A,-,Y,SHA,,44,,R,4.288,H,,R,Y,2,0,2,1,A,-,08,22107,,N,E,I,A,A,H,-,A,D,0,,,,,Y,,A,07,1,1,0,0,0,0,0,0,0,"- ","- ",40.558200836181641,-122.28898620605469,SHASTA,UNINCORPORATED,-122.28900909423828,40.558326721191406
9170809,2020,2021-01-21,4501,2020-10-02,0856,228,A01,5,5,2,4501,0,0,0,,0,001,"RT 273","PINON AV",0.00,,Y,A,-,Y,SHA,2,273,-,-,4.522,I,5,S,Y,2,0,3,2,A,-,12,21453,A,N,A,C,A,A,H,-,A,A,0,,,,,Y,,A,01,2,1,0,0,0,0,0,0,0,"- ","- ",,,SHASTA,ANDERSON,-122.29212951660156,40.439624786376953
91716642,2022,2022-03-07,9135,2022-02-21,0907,017428,,1,1,9,4500,0,1,1,,2,054,"I-5 S/B","KNIGHTON RD.",3696.00,N,N,A,-,Y,SHA,,5,,R,10.350,H,,L,Y,2,0,2,2,A,-,08,22107,,F,B,C,A,A,H,-,A,D,0,,,,,Y,,-,99,2,0,0,0,0,0,0,0,0,"- ","- ",40.513080596923828,-122.34308624267578,SHASTA,UNINCORPORATED,-122.34310150146484,40.513076782226562
91718088,2022,2023-02-08,9135,2022-01-14,0105,018174,,5,3,5,4502,0,1,1,,2,054,"I-5 S/B","BONNYVIEW RD",1056.00,N,N,A,-,Y,SHA,,5,,R,12.383,H,,L,Y,1,1,2,2,A,-,05,21651,B,N,A,2,A,A,H,-,D,A,0,,,,Y,Y,Y,A,01,0,2,0,0,0,0,0,0,0,"- ","- ",40.541728973388672,-122.35218048095703,SHASTA,REDDING,-122.35230255126953,40.541706085205078
91720763,2022,2022-03-11,9135,2022-02-17,1810,018021,,4,2,9,4500,0,3,5,,2,002,"OLD 44","CEDRO LN",10.00,E,N,A,-,N,,,,,,,,,,Y,2,0,2,2,A,-,03,22350,,N,E,I,A,A,H,-,D,D,0,,,Y,,Y,,C,02,1,1,0,0,0,0,0,0,2,"- ","- ",40.56378173828125,-122.23390960693359,SHASTA,UNINCORPORATED,-122.23398590087891,40.563831329345703
91728836,2022,2022-03-22,9135,2022-03-13,2310,018388,,7,3,9,4500,0,3,5,,2,001,"DRY CREEK","ARGONAUT TRL",2640.00,S,N,A,-,N,,,,,,,,,,Y,2,0,1,1,A,-,01,23152,A,N,E,I,A,A,H,-,D,D,0,,,,,Y,Y,D,22,1,0,0,0,0,0,0,0,0,"- ","- ",40.702358245849609,-122.24665069580078,SHASTA,UNINCORPORATED,-122.24649047851562,40.702190399169922
91740066,2022,2022-04-04,9135,2022-03-17,1431,018021,,4,2,9,4500,0,3,5,,2,002,"UNION SCHOOL RD","MOONLITE LANE",0.00,,Y,A,-,N,,,,,,,,,,Y,2,0,1,2,A,-,09,21804,A,N,D,C,A,A,H,-,A,D,0,,,Y,,Y,,D,22,1,0,0,0,0,0,0,0,1,"- ","- ",40.688491821289062,-122.32325744628906,SHASTA,UNINCORPORATED,-122.32319641113281,40.688514709472656
91740205,2022,2022-04-04,9135,2022-03-22,0748,017428,,2,1,9,4500,0,1,1,,2,056,"SR-44 E/B","CONTINENTAL ST. U/C",157.00,E,N,A,-,Y,SHA,,44,,L,0.501,H,,R,Y,2,0,1,2,A,-,03,22350,,N,B,C,A,A,H,-,A,D,0,,,Y,,Y,,C,02,1,0,0,0,0,0,0,0,1,"- ","- ",40.586380004882812,-122.38516998291016,SHASTA,UNINCORPORATED,-122.38516998291016,40.58636474609375
91743039,2022,2022-04-07,9135,2022-03-28,0140,016960,,1,3,9,4500,0,3,5,,2,006,"LAKE BOULEVARD","IRISH ROAD",21.00,S,N,B,-,N,,,,,,,,,,Y,2,0,1,1,A,-,08,22107,,N,E,I,A,A,H,-,D,A,0,,,,,Y,,D,22,1,0,0,0,0,0,0,0,0,"- ","- ",40.64324951171875,-122.39727020263672,SHASTA,UNINCORPORATED,-122.39734649658203,40.643352508544922
91743587,2021,2022-04-07,9135,2021-12-26,2055,019257,,7,2,9,4500,0,1,3,,1,302,"STATE ROUTE 273 N/B","JESSIE ROAD",150.00,S,N,C,-,Y,,,,,,,,,,Y,1,1,0,2,A,-,03,22350,,F,G,B,E,B,H,-,D,D,0,Y,,,,Y,,A,01,0,0,0,1,0,0,0,0,0,"- ","- ",40.291221618652344,-122.2115478515625,SHASTA,UNINCORPORATED,-122.35479736328125,40.486949920654297
91756643,2022,2022-04-26,9135,2022-04-15,1844,018777,,5,2,9,4500,0,1,3,,2,603,SR-299,"GLENBURN ROAD",2851.00,W,N,C,-,Y,SHA,,299,,,90.398,H,,R,Y,2,0,2,1,A,-,08,22107,,N,E,I,A,B,H,-,A,D,0,,,,,Y,,D,22,1,1,0,0,0,0,0,0,0,"- ","- ",40.996841430664062,-121.45922088623047,SHASTA,UNINCORPORATED,-121.45916748046875,40.996761322021484
91757624,2022,2022-04-27,9135,2022-04-14,1950,018829,,4,2,9,4500,0,3,5,,2,002,"OLD OREGON TRAIL","TARCY WAY",530.00,S,N,B,-,N,,,,,,,,,,Y,2,0,1,1,A,-,08,22107,,N,E,I,A,B,H,-,D,D,0,,,,,Y,,A,01,1,0,0,0,0,0,0,0,0,"- ","- ",40.647518157958984,-122.32875061035156,SHASTA,UNINCORPORATED,-122.32886505126953,40.647499084472656
91769489,2022,2022-05-11,9135,2022-04-22,2223,019683,,5,3,5,4502,0,3,5,,2,007,"QUARTZ HILL RD","CLARK LANE",150.00,N,N,A,-,N,,,,,,,,,,N,2,0,3,1,A,-,01,23152,A,N,E,I,A,A,H,-,D,D,0,,,,,Y,Y,A,01,1,1,1,0,0,0,0,0,0,"- ","- ",40.615329742431641,-122.42182159423828,SHASTA,REDDING,-122.42149353027344,40.615055084228516
91781667,2021,2022-05-26,9135,2021-09-29,2025,018021,,3,2,9,4500,0,1,1,,2,056,"I-5 N/B","STATTON RD",3138.00,N,N,A,-,Y,,,5,,,,,,N,Y,1,1,0,1,A,-,00,22530,,N,E,I,A,A,H,-,D,D,0,,,,,Y,,A,01,0,0,0,0,0,0,0,0,0,"- ","- ",40.85797119140625,-122.34661865234375,SHASTA,UNINCORPORATED,-122.34654235839844,40.858062744140625
91786843,2022,2022-06-02,9135,2022-05-21,2205,019493,,6,3,9,4500,0,1,3,,2,020,"STATE ROUTE 299","DESCHUTES RD",1056.00,W,N,A,-,Y,,,,,,,,,,Y,2,0,2,1,A,-,01,23152,A,N,E,I,A,A,H,-,D,A,0,,,,,Y,Y,D,22,1,1,0,0,0,0,0,0,0,"- ","- ",,,SHASTA,UNINCORPORATED,-122.24610900878906,40.637893676757812
9180007,2020,2020-11-25,4501,2020-10-07,1511,225,A01,3,5,2,4501,0,0,0,,0,A01,"RT 273","BRIGGS ST",0.00,,Y,A,-,Y,SHA,2,273,-,-,5.830,I,5,N,Y,2,0,2,1,A,-,01,23152,A,N,E,I,A,A,H,-,A,A,0,,,,,Y,Y,A,01,1,1,0,0,0,0,0,0,0,"- ","- ",,,SHASTA,ANDERSON,-122.30699157714844,40.454341888427734
91807190,2022,2022-06-30,9135,2022-06-20,1805,017698,,1,2,9,4500,0,1,3,,1,302,"SR-273 S/B","HAPPY VALLEY ROAD",38.00,N,N,A,-,Y,SHA,,273,,,9.991,H,,L,Y,2,0,1,1,A,-,08,22107,,N,E,I,A,A,H,-,A,D,0,,,,,Y,,D,22,1,0,0,0,0,0,0,0,0,"- ","- ",40.494449615478516,-122.36605834960938,SHASTA,UNINCORPORATED,-122.36601257324219,40.494491577148438
91810132,2022,2022-07-05,9135,2022-06-23,1205,018890,,4,1,2,4501,0,1,1,,2,053,"I-5 N/B TO SR-273","I-5 S/B",90.00,W,N,A,-,Y,SHA,,273,,,3.852,H,,R,Y,2,0,1,2,A,-,07,21658,A,F,C,C,A,A,H,-,A,D,0,,,Y,,Y,,-,99,1,0,0,0,0,0,0,0,1,"- ","- ",40.431400299072266,-122.28518676757812,SHASTA,ANDERSON,-122.28523254394531,40.431354522705078
91810215,2022,2022-07-05,9135,2022-06-28,2350,019493,,2,3,9,4500,0,3,5,,2,004,"WILSON HILL RD","MANTON PONDEROSA WAY",60.00,S,N,A,-,N,,,,,,,,,,Y,2,0,3,1,A,-,08,22107,,N,E,I,A,A,H,-,D,D,0,,,,,Y,,A,07,1,2,0,0,0,0,0,0,0,"- ","- ",40.482551574707031,-121.8765869140625,SHASTA,UNINCORPORATED,-121.876708984375,40.482574462890625
91811477,2022,2022-07-06,9135,2022-06-22,1145,018021,,3,1,9,4500,0,3,5,,2,003,"PLACER STREET","TAYLOR LANE",0.00,,Y,A,-,N,,,,,,,,,,Y,2,0,1,2,A,-,05,21752,D,N,D,C,A,A,H,-,A,D,0,,,Y,,Y,,C,02,1,0,0,0,0,0,0,0,1,"- ","- ",40.522281646728516,-122.47752380371094,SHASTA,UNINCORPORATED,-122.47842407226562,40.521259307861328
91814311,2022,2022-07-11,9135,2022-07-06,2234,019493,,3,3,9,4500,0,3,5,,2,004,"SKYWAY STREET","AIRPORT ROAD",366.00,N,N,A,-,N,,,,,,,,,,Y,2,0,1,1,A,-,01,23152,A,N,E,I,A,A,H,-,C,D,0,,,,,Y,Y,D,22,1,0,0,0,0,0,0,0,0,"- ","- ",40.490180969238281,-122.29402160644531,SHASTA,UNINCORPORATED,-122.29336547851562,40.489650726318359
91846947,2022,2022-08-23,9135,2022-08-20,1958,018837,,6,2,9,4500,0,1,3,,1,302,SR-273,"WHITEHOUSE DRIVE",0.00,,Y,A,-,Y,SHA,,273,,,10.353,H,,R,N,2,0,1,1,A,-,03,22350,,N,F,A,A,A,H,-,C,D,0,,,Y,,Y,Y,C,02,1,0,0,0,0,0,0,0,1,"- ","- ",40.497940063476562,-122.37104034423828,SHASTA,UNINCORPORATED,-122.37090301513672,40.498054504394531
91865202,2022,2022-09-15,9135,2022-09-05,1555,018837,,1,2,9,4500,0,1,1,,2,053,"I-5 S/B","GAS POINT RD",1410.00,N,N,A,-,Y,SHA,,5,,,1.166,H,,L,Y,2,0,1,2,A,-,07,21658,A,F,E,I,A,A,H,-,A,D,0,,,,,Y,,D,22,1,0,0,0,0,0,0,0,0,"- ","- ",40.393119812011719,-122.28529357910156,SHASTA,UNINCORPORATED,-122.28511047363281,40.393085479736328
91884338,2022,2022-10-06,9135,2022-10-01,1935,019257,,6,2,5,4502,0,1,3,,2,040,"INTERSTATE 5 S/B FROM E/B STATE ROUTE 44","STATE ROUTE 44 E/B",395.00,S,N,A,-,Y,,,,,,,,,,N,1,1,1,1,A,-,08,22107,,N,E,I,A,A,H,-,C,D,0,,,,,Y,,A,01,0,1,0,0,0,0,0,0,0,"- ","- ",40.350379943847656,-122.21463012695312,SHASTA,REDDING,-122.360595703125,40.585281372070312
91920416,2022,2022-11-17,9135,2022-11-09,2222,019710,,3,3,9,4500,0,3,5,,2,004,"DERSCH ROAD","STATE ROUTE 44",0.00,,Y,B,-,Y,SHA,,44,,R,19.015,H,,R,Y,2,0,1,1,A,-,01,23152,A,N,E,I,A,B,H,-,D,A,0,,,,,Y,Y,A,01,1,0,0,0,0,0,0,0,0,"- ","- ",40.514190673828125,-122.03157806396484,SHASTA,UNINCORPORATED,-122.03158569335938,40.514133453369141
91953087,2022,2022-12-27,9135,2022-12-19,0430,019683,,1,3,9,4500,0,3,5,,2,004,"WILDCAT RD","BATTLE CREEK BOTTOM RD",1440.00,N,N,A,-,N,,,,,,,,,,N,2,0,1,1,A,-,03,22350,,N,F,A,A,A,H,-,D,D,0,,,,Y,Y,,G,25,1,0,0,0,0,0,0,0,0,"- ","- ",40.43505859375,-121.97987365722656,SHASTA,UNINCORPORATED,-121.98004150390625,40.435089111328125
92012433,2022,2023-03-08,9135,2022-11-24,1736,019257,,4,2,2,4501,0,1,1,,2,053,"INTERSTATE 5 N/B","BALLS FERRY ROAD U/C",56.00,N,N,A,-,Y,SHA,,5,,R,5.288,H,,R,Y,1,2,0,3,A,-,03,22350,,N,G,B,E,A,H,-,D,D,0,Y,,,,Y,,A,01,0,0,0,2,0,0,0,0,0,"- ","- ",40.451530456542969,-122.29126739501953,SHASTA,ANDERSON,-122.29116058349609,40.451576232910156
92045469,2023,2023-04-14,9135,2023-03-28,"17  ",019683,,2,3,9,4500,0,1,1,,2,056,"NORTHBOUND INTERSTATE 5","FAWNDALE RD OVERCROSSING",1354.00,S,N,C,-,Y,SHA,,5," ",R,25.776,H,,R,N,2,0,2,2,A,-,01,23152,A,N,C,C,A,B,H,-,C,D,0,,,,Y,Y,Y,A,01,2,0,0,0,0,0,0,0,0,"- ","- ",40.727558135986328,-122.32221221923828,SHASTA,UNINCORPORATED,-122.32217407226562,40.727546691894531
92063974,2023,2023-05-08,9135,2023-05-02,"105 ",020004,,2,3,5,4502,0,2,S,,2,901,"ATHENS AVENUE","PARK MARINA DR",103.00,S,N,B,C,N,,,,,,,,,,N,2,0,1,1,A,-,03,22350,,N,E,8,A,B,H,-,C,D,0,,,Y,,Y,,C,02,1,0,0,0,0,0,0,0,1,"- ","- ",40.583950042724609,-122.37461853027344,SHASTA,REDDING,-122.37442016601562,40.583847045898438
92066832,2023,2023-05-11,9135,2023-05-10,1135,019065,,3,1,9,4500,0,2,S,,2,822,"DRY CREEK ROAD","ELK TRAIL WEST",0.00,,Y,A,-,N,,,,,,,,,,N,2,0,2,2,A,-,09,21802,A,N,D,C,A,A,H,-,A,A,0,,,,,Y,,A,01,1,1,0,0,0,0,0,0,0,"- ","- ",40.692520141601562,-122.24513244628906,SHASTA,UNINCORPORATED,-122.24510192871094,40.692508697509766
92096833,2023,2023-06-19,9135,2023-06-13,1045,016087,,2,1,9,4500,0,3,5,,2,003,"PLATINA RD.","BULLY CHOOP RD.",1056.00,E,N,A,-,N,,,,,,,,,,Y,2,0,1,1,A,-,08,22107,,N,F,A,A,A,H,-,A,D,0,,,,,Y,,D,22,1,0,0,0,0,0,0,0,0,"- ","- ",40.424640655517578,-122.75894165039062,SHASTA,UNINCORPORATED,-122.75815582275391,40.424823760986328