CASE_ID,ACCIDENT_YEAR,PROC_DATE,JURIS,COLLISION_DATE,COLLISION_TIME,OFFICER_ID,REPORTING_DISTRICT,DAY_OF_WEEK,CHP_SHIFT,POPULATION,CNTY_CITY_LOC,SPECIAL_COND,BEAT_TYPE,CHP_BEAT_TYPE,CITY_DIVISION_LAPD,CHP_BEAT_CLASS,BEAT_NUMBER,PRIMARY_RD,SECONDARY_RD,DISTANCE,DIRECTION,INTERSECTION,WEATHER_1,WEATHER_2,STATE_HWY_IND,CALTRANS_COUNTY,CALTRANS_DISTRICT,STATE_ROUTE,ROUTE_SUFFIX,POSTMILE_PREFIX,POSTMILE,LOCATION_TYPE,RAMP_INTERSECTION,SIDE_OF_HWY,TOW_AWAY,COLLISION_SEVERITY,NUMBER_KILLED,NUMBER_INJURED,PARTY_COUNT,PRIMARY_COLL_FACTOR,PCF_CODE_OF_VIOL,PCF_VIOL_CATEGORY,PCF_VIOLATION,PCF_VIOL_SUBSECTION,HIT_AND_RUN,TYPE_OF_COLLISION,MVIW,PED_ACTION,ROAD_SURFACE,ROAD_COND_1,ROAD_COND_2,LIGHTING,CONTROL_DEVICE,CHP_ROAD_TYPE,PEDESTRIAN_ACCIDENT,BICYCLE_ACCIDENT,MOTORCYCLE_ACCIDENT,TRUCK_ACCIDENT,NOT_PRIVATE_PROPERTY,ALCOHOL_INVOLVED,STWD_VEHTYPE_AT_FAULT,CHP_VEHTYPE_AT_FAULT,COUNT_SEVERE_INJ,COUNT_VISIBLE_INJ,COUNT_COMPLAINT_PAIN,COUNT_PED_KILLED,COUNT_PED_INJURED,COUNT_BICYCLIST_KILLED,COUNT_BICYCLIST_INJURED,COUNT_MC_KILLED,COUNT_MC_INJURED,PRIMARY_RAMP,SECONDARY_RAMP,LATITUDE,LONGITUDE,COUNTY,CITY,POINT_X,POINT_Y
9211627,2020,2022-06-14,4502,2020-12-20,1858,R0158,R06,7,5,5,4502,0,0,0,,0,006,"RT 299","SUNSET DR",0.00,,Y,A,-,Y,SHA,2,299,-,-,22.390,I,5,W,Y,1,1,0,2,A,-,09,21801,A,N,D,C,A,A,H,-,C,D,0,,,Y,,Y,,A,01,0,0,0,0,0,0,0,1,0,"- ","- ",40.584438323974609,-122.42371368408203,SHASTA,REDDING,-122.42385864257812,40.584423065185547
92122933,2023,2023-07-21,9135,2023-07-06,1244,018829,,4,1,9,4500,0,3,5,,2,001,"RANDOLPH ROAD","MARTIN WAY",66.00,N,N,A,-,N,,,,,,,,,,N,2,0,1,2,A,-,09,21804,A,N,D,C,A,A,H,-,A,D,0,,,Y,,Y,,C,02,1,0,0,0,0,0,0,0,1,"- ","- ",40.641941070556641,-122.37509155273438,SHASTA,UNINCORPORATED,-122.37503814697266,40.641929626464844
92124195,2023,2023-07-24,9135,2023-07-14,"0   ",020224,,5,3,9,4500,0,1,3,,2,604,"RT 89","RT 299",8184.00,S,N,A,-,Y,SHA,,89," "," ",20.147,H,,R,Y,2,0,1,1,A,-,01,23152,A,N,E,I,A,A,H,-,D,D,0,,,,,Y,Y,A,01,1,0,0,0,0,0,0,0,0,"- ","- ",40.917659759521484,-121.59367370605469,SHASTA,UNINCORPORATED,-121.59362030029297,40.917682647705078
92124618,2023,2023-07-24,9135,2023-07-03,2103,021571,,1,2,9,4500,0,1,3,,2,602,SR-299,"ROCKY RIDGE ROAD (EAST JUNCTURE)",69.00,W,N,A,-,Y,SHA,,299," "," ",78.968,H,,R,Y,1,1,1,2,A,-,08,22107,,N,C,G,A,A,H,-,D,D,0,,Y,,,Y,,A,07,0,0,1,0,0,1,0,0,0,"- ","- ",40.925460815429688,-121.61984252929688,SHASTA,UNINCORPORATED,-121.619873046875,40.92547607421875
92204738,2023,2023-11-13,9135,2023-10-15,2235,020363,,7,3,5,4502,0,1,1,,2,054,"SR-44 W/B FROM DANA DR.","FRIENDLY RD",500.00,W,N,B,-,Y,SHA,,44," ",R,0.564,H,,L,N,1,1,0,2,A,-,11,21954,A,N,G,B,E,A,H,-,D,D,0,Y,,,,Y,Y,N,60,0,0,0,1,0,0,0,0,0,"- ","- ",40.584648132324219,-122.34983825683594,SHASTA,REDDING,-122.34986114501953,40.584583282470703
92205752,2023,2023-12-20,9135,2023-10-12,1125,017428,,4,1,9,4500,0,3,5,,2,001,"TRINITY MOUNTAIN RD.","DRUNKEN GULCH RD.",1667.00,S,N,A,-,N,,,,,,,,,,N,2,0,1,2,A,-,05,21460,A,N,D,C,A,A,H,-,A,D,0,,,Y,,Y,,C,06,1,0,0,0,0,0,0,0,1,"- ","- ",40.742069244384766,-122.62538146972656,SHASTA,UNINCORPORATED,-122.62543487548828,40.742168426513672
92209234,2023,2023-10-26,9135,2023-10-20,"55  ",020004,,5,3,9,4500,0,3,5,,2,001,SR-151,"MONTEGO RD.",2640.00,W,N,A,-,Y,SHA,,151," "," ",2.993,H,,R,Y,2,0,2,1,A,-,01,23152,A,N,E,I,A,A,H,-,D,D,0,,,Y,,Y,Y,C,02,2,0,0,0,0,0,0,0,2,"- ","- ",40.690460205078125,-122.41504669189453,SHASTA,UNINCORPORATED,-122.41503143310547,40.690402984619141
92224167,2023,2023-12-12,9135,2023-10-25,1400,019493,,3,2,9,4500,0,1,3,,1,201,"STATE ROUTE 299","LEWIS LN",0.00,,Y,B,-,Y,SHA,,299," "," ",28.961,H,,R,Y,2,0,5,2,A,-,08,22107,,N,D,C,A,A,H,-,A,D,0,,,,,Y,,A,07,1,0,4,0,0,0,0,0,0,"- ","- ",40.627628326416016,-122.28721618652344,SHASTA,UNINCORPORATED,-122.28720855712891,40.627605438232422
92230171,2023,2023-11-07,9135,2023-10-31,"300 ",017698,,2,3,9,4500,0,1,3,,1,201,SR-299,"OAK RUN ROAD",1425.00,W,N,A,-,Y,SHA,,299," "," ",46.559,H,,R,Y,2,0,2,1,A,-,08,22107,,N,F,A,A,A,H,-,D,D,0,,,,,Y,,A,01,1,0,1,0,0,0,0,0,0,"- ","- ",40.755298614501953,-122.02932739257812,SHASTA,UNINCORPORATED,-122.02930450439453,40.755256652832031
92236815,2023,2023-11-15,9135,2023-11-08,1632,020696,,3,2,9,4500,0,3,5,,2,004,"AIRPORT RD","PICKFORD WAY.",37.50,S,N,A,-,Y,,,,,,,,,,Y,2,0,1,2,A,-,09,21801,A,N,D,C,A,A,H,-,A,D,0,,,Y,Y,Y,,G,26,1,0,0,0,0,0,0,0,1,"- ","- ",40.547088623046875,-122.30281829833984,SHASTA,UNINCORPORATED,-122.30284881591797,40.547016143798828
9225335,2020,2021-02-17,4502,2020-03-08,1744,530,,7,5,5,4502,0,0,0,,0,007,"LITTLE DEER LN","NEENAH TRL",0.00,,Y,B,-,N,,,,,,,,,,N,2,0,1,1,A,-,03,22350,,N,H,J,A,A,A,-,A,A,0,,,Y,,Y,,C,03,1,0,0,0,0,0,0,0,1,"- ","- ",40.615768432617188,-122.38539123535156,SHASTA,REDDING,-122.38535308837891,40.615760803222656
92322978,2024,2024-05-06,9135,2024-02-15,1723,020696,,4,2,9,4500,0,3,5,,2,003,"CHURN CREEK RD","SEA LN.",2.00,N,N,B,C,Y,,,,,,,,,,Y,2,0,2,2,A,-,06,21750,A,N,D,C,A,B,H,-,B,D,0,,,,,Y,Y,A,01,1,1,0,0,0,0,0,0,0,"- ","- ",40.525478363037109,-122.33370971679688,SHASTA,UNINCORPORATED,-122.33368682861328,40.525547027587891
92344586,2024,2024-03-22,9135,2024-02-24,1200,017698,,6,1,9,4500,0,3,5,,2,003,"CHINA GULCH DRIVE","RICHARDS WAY",100.00,W,N,A,-,N,,,,,,,,,,Y,2,0,2,1,C,-,18,,,N,E,I,A,A,H,-,A,D,0,,,,,Y,,-,"- ",1,1,0,0,0,0,0,0,0,"- ","- ",40.489479064941406,-122.41120910644531,SHASTA,UNINCORPORATED,-122.41065216064453,40.489730834960938
92346486,2024,2024-03-25,9135,2024-01-27,1316,017428,,6,1,9,4500,0,3,5,,2,002,"DRY CREEK ROAD","SAGEBRUSH TRAIL",2112.00,N,N,B,-,N,,,,,,,,,,Y,1,1,0,1,A,-,01,23152,F,N,F,A,A,A,H,-,A,D,0,,,Y,,Y,,C,02,0,0,0,0,0,0,0,1,0,"- ","- ",40.687461853027344,-122.24642944335938,SHASTA,UNINCORPORATED,-122.246337890625,40.687770843505859
92347315,2024,2024-03-26,9135,2024-03-18,1903,019485,,1,2,9,4500,0,3,5,,2,002,"IRON MOUNTAIN ROAD","STARVATION FLAT RD",528.00,S,N,A,-,N,,,,,,,,,,Y,2,0,1,2,A,-,05,21460,A,F,B,C,A,A,H,-,A,D,0,,,Y,,Y,Y,E,22,1,0,0,0,0,0,0,0,1,"- ","- ",40.608280181884766,-122.46202087402344,SHASTA,UNINCORPORATED,-122.46228790283203,40.607704162597656
92358416,2024,2024-04-08,9135,2024-03-23,1951,019710,,6,2,9,4500,0,3,5,,2,004,"DESCHUTES ROAD","BALLS FERRY ROAD",1550.00,S,N,B,-,N,,,,,,,,,,Y,2,0,1,2,A,-,01,23152,A,N,A,C,A,C,H,-,D,D,0,,,,,Y,Y,A,07,1,0,0,0,0,0,0,0,0,"- ","- ",40.443950653076172,-122.26220703125,SHASTA,UNINCORPORATED,-122.26219177246094,40.443981170654297
92385743,2024,2024-05-09,9135,2024-05-04,"155 ",021265,,6,3,9,4500,0,1,3,,2,601,"SR-299 W/B","IVEN MARX RD",6336.00,W,N,A,-,Y,SHA,,299," "," ",70.845,H,,L,Y,2,0,1,1,A,-,08,22107,,N,E,I,A,A,H,-,D,D,0,,,,,Y,,-,"- ",1,0,0,0,0,0,0,0,0,"- ","- ",40.876911163330078,-121.74018096923828,SHASTA,UNINCORPORATED,-121.74007415771484,40.876811981201172
92394053,2024,2024-05-20,9135,2024-04-19,1825,020224,,5,2,9,4500,0,3,5,,2,006,"DAY RD","IRIS RD",5610.00,N,N,A,-,N,,,,,,,,,,Y,1,1,0,1,A,-,08,22107,,N,E,I,A,A,H,-,A,D,0,,,,,Y,,D,22,0,0,0,0,0,0,0,0,0,"- ","- ",,,SHASTA,UNINCORPORATED,-121.35369110107422,41.151710510253906
92394153,2024,2024-05-20,9135,2024-05-11,1135,017698,,6,1,9,4500,0,3,5,,2,003,"GAS POINT ROAD","BLACK PINE ROAD",4224.00,E,N,A,-,N,,,,,,,,,,N,2,0,1,1,A,-,08,22107,,N,E,I,A,A,H,-,A,D,0,,,Y,,Y,,C,02,1,0,0,0,0,0,0,0,1,"- ","- ",40.391860961914062,-122.50282287597656,SHASTA,UNINCORPORATED,-122.50283813476562,40.391845703125
92395459,2024,2024-05-21,9135,2024-04-15,1420,019257,,1,2,9,4500,0,1,3,,2,604,"STATE ROUTE 44","MILE POST MARKER 44 SHA 67.89",821.00,W,N,A,-,Y,SHA,,44," "," ",67.728,H,,R,Y,1,1,0,1,A,-,08,22107,,N,E,I,A,A,H,-,A,D,0,,,,,Y,,A,07,0,0,0,0,0,0,0,0,0,"- ","- ",40.684539794921875,-121.37526702880859,SHASTA,UNINCORPORATED,-121.37531280517578,40.68450927734375
92400358,2024,2024-05-28,9135,2024-05-20,"550 ",019257,,1,3,9,4500,0,1,3,,2,604,"STATE ROUTE 44","ESKIMO HILL PARKING LOT ROAD",200.00,E,N,A,-,Y,SHA,,44," "," ",50.566,H,,R,Y,2,0,3,2,A,-,08,22107,,N,A,C,A,A,H,-,A,D,0,,,,Y,Y,,D,22,1,1,1,0,0,0,0,0,0,"- ","- ",40.563148498535156,-121.57556915283203,SHASTA,UNINCORPORATED,-121.57561492919922,40.563159942626953
92400391,2024,2024-05-28,9135,2024-05-23,1645,020361,,4,2,9,4500,0,3,5,,2,003,"SWASEY DRIVE","DELANO DRIVE",2236.00,N,N,A,-,N,,,,,,,,,,Y,2,0,1,1,A,-,08,22107,,N,F,A,A,A,H,-,A,D,0,,,Y,,Y,,C,02,1,0,0,0,0,0,0,0,1,"- ","- ",40.560909271240234,-122.47406768798828,SHASTA,UNINCORPORATED,-122.47346496582031,40.557918548583984
92409985,2024,2024-06-10,9135,2024-05-28,1035,023792,,2,1,9,4500,0,3,5,,2,003,"OLINDA RD","PETER PAN GULCH RD",528.00,W,N,A,-,N,,,,,,,,,,Y,2,0,2,2,A,-,09,21804,A,N,D,C,A,A,H,-,A,D,0,,,Y,,Y,,A,01,1,1,0,0,0,0,0,0,1,"- ","- ",40.441471099853516,-122.32524108886719,SHASTA,UNINCORPORATED,-122.32032775878906,40.441429138183594
92414192,2024,2024-06-25,9146,2024-03-22,"520 ",021049,,5,3,9,4500,0,1,1,,2,013,"INTERSTATE 5 NORTHBOUND","SODA CREEK ROAD",2492.00,N,N,B,-,Y,SHA,,5," "," ",65.875,H,,R,Y,1,1,16,1,A,-,08,22107,,F,E,I,A,A,H,-,D,D,0,,,,,Y,,I,12,4,10,2,0,0,0,0,0,0,"- ","- ",41.169139862060547,-122.29759979248047,SHASTA,UNINCORPORATED,-122.29773712158203,41.169136047363281
92442530,2024,2024-07-18,9135,2024-07-15,1240,019801,,1,1,9,4500,0,3,5,,2,004,"DERSCH RD","LARDANEL LN",84.00,W,N,A,-,N,,,,,,,,,,Y,2,0,1,1,A,-,08,22107,,N,E,I,A,A,H,-,A,D,0,,,,,Y,,A,07,1,0,0,0,0,0,0,0,0,"- ","- ",40.476478576660156,-122.24822235107422,SHASTA,UNINCORPORATED,-122.24815368652344,40.476551055908203
9256487,2021,2021-08-12,4502,2021-02-24,1827,R0158,R02,3,5,5,4502,0,0,0,,0,002,"HARTNELL AV","VICTOR AV",386.00,W,N,A,G,N,,,,,,,,,,Y,1,1,0,2,A,-,11,21954,A,N,G,B,D,A,H,-,C,D,0,Y,,,,Y,,N,60,0,0,0,1,0,0,0,0,0,"- ","- ",40.563728332519531,-122.3394775390625,SHASTA,REDDING,-122.34088897705078,40.563751220703125
9271918,2020,2021-06-18,4502,2020-11-03,1027,R0078,TRF,2,5,5,4502,0,0,0,,0,002,"EAST CYPRESS AV","CHURN CREEK RD",645.00,E,N,A,-,N,,,,,,,,,,Y,2,0,1,2,A,-,09,21804,A,N,D,C,A,A,H,-,A,A,0,,,Y,,Y,,D,22,1,0,0,0,0,0,0,0,1,"- ","- ",40.571399688720703,-122.3509521484375,SHASTA,REDDING,-122.35077667236328,40.571052551269531
9273026,2020,2021-06-28,4502,2020-08-05,1041,R0026,,3,5,5,4502,0,0,0,,0,004,"SOUTH BONNYVIEW RD","RENO LN",132.00,W,N,A,-,N,,,,,,,,,,Y,2,0,1,2,A,-,05,21650,,N,H,G,A,A,H,-,A,D,0,,Y,,,Y,,L,04,1,0,0,0,0,0,1,0,0,"- ","- ",40.530990600585938,-122.37645721435547,SHASTA,REDDING,-122.37685394287109,40.530963897705078
9273027,2020,2021-06-16,4502,2020-08-22,1657,R523,R07,6,5,5,4502,0,0,0,,0,007,"LAKE BL","ST MARKS ST",0.00,,Y,A,-,N,,,,,,,,,,N,2,0,2,2,A,-,03,22350,,N,D,C,A,A,H,-,A,D,0,,,Y,,Y,,C,02,1,0,1,0,0,0,0,0,1,"- ","- ",40.616348266601562,-122.39222717285156,SHASTA,REDDING,-122.39218902587891,40.616340637207031
9273031,2020,2021-06-16,4502,2020-08-31,1414,524,R02,1,5,5,4502,0,0,0,,0,002,"PRESIDIO ST","CHURN CREEK RD",16.00,S,N,A,-,N,,,,,,,,,,N,2,0,1,2,A,-,11,21954,A,N,G,B,E,A,H,-,A,A,0,Y,,,,Y,,N,60,1,0,0,0,1,0,0,0,0,"- ","- ",40.582099914550781,-122.35424041748047,SHASTA,REDDING,-122.35428619384766,40.582088470458984
9277842,2020,2021-06-28,4502,2020-10-12,1224,R526,R02,1,5,5,4502,0,0,0,,0,002,"HILLTOP DR","PRESIDIO ST",418.00,S,N,A,-,N,,,,,,,,,,Y,2,0,1,2,A,-,09,21801,A,N,D,C,A,A,H,-,A,D,0,,,Y,,Y,,A,01,1,0,0,0,0,0,0,0,1,"- ","- ",40.581871032714844,-122.35777282714844,SHASTA,REDDING,-122.35779571533203,40.580673217773438
9279261,2021,2021-06-28,4501,2021-05-28,1837,225,AO1,5,5,2,4501,0,0,0,,0,AO1,"RHONDA RD","PLEASANT HILL DR",0.00,,N,A,-,N,,,,,,,,,,Y,2,0,2,2,A,-,09,21802,A,N,D,C,A,A,H,-,A,-,0,,,,,Y,,A,01,1,1,0,0,0,0,0,0,0,"- ","- ",40.43218994140625,-122.28723907470703,SHASTA,ANDERSON,-122.28988647460938,40.433544158935547
9320200,2021,2021-12-27,4502,2021-06-28,1403,338,R05,1,5,5,4502,0,0,0,,0,005,"RT 273","YUBA ST",26.00,N,N,A,-,Y,SHA,2,273,-,R,16.600,H,-,S,N,1,1,0,2,A,-,17,21657,,N,G,B,F,A,H,-,A,A,0,Y,,,,Y,,A,01,0,0,0,1,0,0,0,0,0,"- ","- ",40.583049774169922,-122.39176177978516,SHASTA,REDDING,-122.39179229736328,40.583221435546875
9320249,2021,2023-06-20,4502,2021-04-13,0710,192,R07,2,5,5,4502,0,0,0,,0,007,"RT 273","REDWOOD BL",1320.00,N,N,A,-,Y,SHA,2,273,-,-,19.170,H,-,S,Y,1,1,1,2,A,-,11,21956,,N,G,B,E,A,H,-,D,D,0,Y,,,,Y,,N,60,0,1,0,1,0,0,0,0,0,"- ","- ",,,SHASTA,REDDING,-122.37422180175781,40.61700439453125
9355902,2021,2021-11-15,4501,2021-10-04,0831,A238,A01,1,5,2,4501,0,0,0,,0,A01,"RT 273","PINON AV",0.00,,Y,A,-,Y,SHA,2,273,-,-,4.440,I,5,N,Y,2,0,2,2,A,-,01,23152,F,N,A,C,A,A,H,-,A,A,0,,,,,Y,,A,01,1,1,0,0,0,0,0,0,0,"- ","- ",,,SHASTA,ANDERSON,-122.29123687744141,40.438629150390625
9367586,2021,2022-01-05,4501,2021-11-10,1859,228,A01,3,5,2,4501,0,0,0,,0,,"SOUTH ST","WEST CENTER ST",55.00,W,N,A,-,N,,,,,,,,,,N,2,0,1,2,C,-,18,,,N,C,C,A,A,H,-,C,D,0,,,,Y,Y,,-,"- ",1,0,0,0,0,0,0,0,0,"- ","- ",,,SHASTA,ANDERSON,-122.29848480224609,40.447902679443359
9409254,2022,2022-03-03,4501,2022-02-12,0755,A0069,A01,6,5,2,4501,0,0,0,,0,001,"SPRUCE ST","PINON AV",622.00,S,N,A,-,N,,,,,,,,,,Y,2,0,1,2,A,-,08,22107,,N,A,C,A,A,H,-,A,D,0,,,,,Y,,A,01,1,0,0,0,0,0,0,0,0,"- ","- ",,,SHASTA,ANDERSON,-122.29273223876953,40.436504364013672
9409866,2021,2022-03-07,4501,2021-12-27,2152,235,A01,1,5,2,4501,0,0,0,,0,A01,"PINON AV",LODGEPOLE,97.00,E,N,C,-,N,,,,,,,,,,Y,2,0,1,2,A,-,01,23152,A,F,C,E,A,B,H,-,D,D,0,,,,,Y,Y,A,01,1,0,0,0,0,0,0,0,0,"- ","- ",,,SHASTA,ANDERSON,-122.29597473144531,40.43927001953125
9424495,2022,2022-04-04,4501,2022-02-23,1913,222,A01,3,5,2,4501,0,0,0,,0,A01,"PINON AV","PONDEROSA WY",0.00,,Y,A,-,N,,,,,,,,,,N,2,0,1,2,A,-,07,21658,A,N,C,G,A,A,H,-,C,D,0,,Y,,,Y,Y,A,01,1,0,0,0,0,0,1,0,0,"- ","- ",,,SHASTA,ANDERSON,-122.291748046875,40.438358306884766
9435917,2021,2022-04-25,4502,2021-07-01,2106,R0259,R01,4,5,5,4502,0,0,0,,0,R01,"RIVER TRAIL HILLTOP DR","RIVER BEND RD",980.00,W,N,A,-,N,,,,,,,,,,N,2,0,1,1,B,-,22,,,N,E,I,A,A,H,-,B,D,0,,,,,Y,,M,94,1,0,0,0,0,0,0,0,0,"- ","- ",40.596408843994141,-122.36788940429688,SHASTA,REDDING,-122.36894226074219,40.597209930419922
94359503,2024,2024-08-19,9135,2024-08-04,"121 ",023834,,7,3,5,4502,0,2,S,,2,901,"PARK MARINA DR","SEQUOIA ST",278.00,E,N,A,-,N,,,,,,,,,,Y,2,0,1,1,A,-,01,23152,F,N,E,I,A,A,H,-,C,D,0,,,Y,,Y,,C,02,1,0,0,0,0,0,0,0,1,"- ","- ",40.586650848388672,-122.38143920898438,SHASTA,REDDING,,
94389620,2024,2024-09-11,9135,2024-08-17,"610 ",017428,,6,1,9,4500,0,3,5,,2,002,"DESCHUTES RD","RUSTIC OAK LN.",160.00,S,N,A,-,N,,,,,,,,,,Y,2,0,2,1,A,-,01,23152,F,N,F,A,A,A,H,-,A,D,0,,,,,Y,,A,01,1,1,0,0,0,0,0,0,0,"- ","- ",40.610820770263672,-122.23478698730469,SHASTA,UNINCORPORATED,-122.23474884033203,40.611312866210938
94389621,2024,2024-09-11,9135,2024-08-23,1127,017428,,5,1,9,4500,0,3,5,,2,002,"FERN RD.","MILLER MOUNTAIN ROAD",60.00,N,N,A,-,N,,,,,,,,,,Y,2,0,1,1,C,-,18,,,N,H,H,A,A,H,-,A,D,0,,,,,Y,,-,"- ",1,0,0,0,0,0,0,0,0,"- ","- ",40.662101745605469,-121.88265228271484,SHASTA,UNINCORPORATED,-121.88249969482422,40.662017822265625
94396043,2024,2024-09-16,9135,2024-09-08,1305,023943,,7,1,9,4500,0,1,1,,2,056,"I-5 S/B","PACKERS BAY ON RAMP",437.50,N,N,A,-,Y,SHA,,5," ",R,30.629,H,,L,Y,2,0,3,1,A,-,01,23152,A,N,E,I,A,A,H,-,A,D,0,,,,,Y,Y,A,07,2,0,1,0,0,0,0,0,0,"- ","- ",40.789039611816406,-122.323486328125,SHASTA,UNINCORPORATED,-122.32340240478516,40.789047241210938
94489058,2024,2024-12-02,9135,2024-11-22,2129,021168,,5,2,9,4500,0,1,3,,2,040,"EASTBOUND SR 44","OLD OREGON TRAIL",600.00,W,N,C,-,Y,,,,,,,,,,Y,2,0,2,1,A,-,01,23153,A,N,E,8,A,B,H,-,D,D,0,,,,,Y,Y,D,22,2,0,0,0,0,0,0,0,0,"- ","- ",40.561019897460938,-122.30166625976562,SHASTA,UNINCORPORATED,-122.30329895019531,40.562568664550781
94519428,2024,2024-12-30,9146,2024-12-18,1610,018398,,3,2,9,4500,0,1,1,,2,013,"I-5 S/B","CASTELLA LOOP ROAD",130.00,N,N,A,-,Y,SHA,,5," "," ",63.337,H,,L,Y,2,0,1,1,A,-,08,22107,,N,E,I,A,A,H,-,A,D,0,,,,,Y,,D,22,1,0,0,0,0,0,0,0,0,"- ","- ",41.145118713378906,-122.31771850585938,SHASTA,UNINCORPORATED,-122.31777954101562,41.145122528076172
94535311,2025,2025-01-13,9135,2025-01-03,1953,024111,,5,2,9,4500,0,1,3,,1,301,SR-299,"GRIZZLY GULCH ROAD",6864.00,W,N,B,-,Y,SHA,,299," "," ",10.072,H,,R,Y,2,0,1,1,A,-,01,23152,A,N,E,8,A,B,H,-,D,D,0,,,,,Y,Y,A,07,1,0,0,0,0,0,0,0,0,"- ","- ",40.650531768798828,-122.62055206298828,SHASTA,UNINCORPORATED,-122.62056732177734,40.650489807128906
94582288,2025,2025-02-18,9135,2025-02-05,1627,019710,,3,2,9,4500,0,3,5,,2,003,"HAPPY VALLEY RD","NEWCASTLE DRIVE",0.00,,Y,B,-,N,,,,,,,,,,N,2,0,1,2,A,-,03,22350,,N,A,C,A,A,B,-,A,D,0,,,Y,,Y,,C,02,1,0,0,0,0,0,0,0,1,"- ","- ",40.449520111083984,-122.40760803222656,SHASTA,UNINCORPORATED,-122.40770721435547,40.449436187744141
9464732,2022,2022-11-29,4500,2022-09-30,1909,331,S3B,5,5,2,4580,0,0,0,,0,S3B,"LAKE BL","TOYON AV",0.00,,Y,A,-,N,,,,,,,,,,Y,2,0,1,1,A,-,01,23152,F,N,A,I,A,A,H,-,B,D,0,,,,,Y,,A,01,1,0,0,0,0,0,0,0,0,"- ","- ",40.685951232910156,-122.40299224853516,SHASTA,"SHASTA LAKE",-122.40303039550781,40.685920715332031
94666213,2025,2025-04-28,9135,2025-04-19,2001,024334,,6,2,5,4502,0,1,1,,2,054,"I-5 S/B FROM SR-299",SR-299,1056.00,S,N,A,-,Y,SHA,,5," ",R,17.083,H,,L,Y,2,0,1,1,A,-,08,22107,,N,F,A,A,A,H,-,B,D,0,,,Y,,Y,,C,02,1,0,0,0,0,0,0,0,1,"- ","- ",40.608890533447266,-122.36258697509766,SHASTA,REDDING,-122.36241912841797,40.608921051025391
94738053,2025,2025-06-24,9135,2025-05-31,2205,021466,,6,3,9,4500,0,3,5,,2,003,"GAS POINT ROAD","PARK DRIVE",0.00,,Y,A,-,N,,,,,,,,,,N,1,1,0,2,A,-,12,21453,A,N,D,C,A,A,H,-,C,A,0,,,,,Y,Y,M,94,0,0,0,0,0,0,0,0,0,"- ","- ",40.389331817626953,-122.29036712646484,SHASTA,UNINCORPORATED,-122.29025268554688,40.389301300048828
9504138,2022,2022-10-25,4502,2022-03-08,0549,193,R03,2,5,5,4502,0,0,0,,0,003,"CHURN CREEK RD","DOUGLAS DR",300.00,S,N,A,-,N,,,,,,,,,,Y,1,1,0,1,C,-,18,,,N,E,A,A,A,H,-,A,D,0,,,,,Y,,-,"- ",0,0,0,0,0,0,0,0,0,"- ","- ",,,SHASTA,REDDING,,
9513350,2021,2022-11-01,4502,2021-11-11,1328,526,R03,4,5,5,4502,0,0,0,,0,003,"AIRPORT RD","FLIGHT AV",0.00,,Y,A,-,N,,,,,,,,,,Y,2,0,1,2,A,-,05,21460,A,N,B,C,A,A,H,-,A,D,0,,,Y,,Y,,C,02,1,0,0,0,0,0,0,0,1,"- ","- ",40.509418487548828,-122.30275726318359,SHASTA,REDDING,-122.30276489257812,40.509422302246094
9514208,2021,2022-11-04,4502,2021-11-18,2047,112,,4,5,5,4502,0,0,0,,0,002,"CHURN CREEK RD","MISTLETOE LN",160.00,S,N,B,C,N,,,,,,,,,,Y,2,0,1,3,A,-,11,21955,,N,G,B,D,B,H,-,C,D,0,Y,,,,Y,,N,60,1,0,0,0,1,0,0,0,0,"- ","- ",40.578441619873047,-122.35369110107422,SHASTA,REDDING,-122.35356140136719,40.578022003173828
9515115,2023,2024-03-05,4500,2023-12-04,1838,311,,1,5,2,4580,0,0,0,,0,,"SHASTA DAM BL","SHASTA WAY",0.00,,Y,A,-,Y,SHA,2,151,-,-,6.720,I,5,W,Y,2,0,1,1,A,-,01,23152,B,F,E,J,A,A,H,-,C,A,0,,,,,Y,Y,A,07,1,0,0,0,0,0,0,0,0,"- ","- ",,,SHASTA,"SHASTA LAKE",-122.35219573974609,40.680313110351562
9515332,2022,2022-12-06,4502,2022-03-06,1236,525,R07,7,5,5,4502,0,0,0,,0,007,"LAKE BL","SAINT MARKS ST",341.00,W,N,A,-,N,,,,,,,,,,Y,2,0,1,2,A,-,05,21202,A,N,D,G,A,A,H,-,A,D,0,,Y,,,Y,,L,04,1,0,0,0,0,0,1,0,0,"- ","- ",40.617198944091797,-122.39363861083984,SHASTA,REDDING,-122.39319610595703,40.616878509521484