CASE_ID,ACCIDENT_YEAR,PROC_DATE,JURIS,COLLISION_DATE,COLLISION_TIME,OFFICER_ID,REPORTING_DISTRICT,DAY_OF_WEEK,CHP_SHIFT,POPULATION,CNTY_CITY_LOC,SPECIAL_COND,BEAT_TYPE,CHP_BEAT_TYPE,CITY_DIVISION_LAPD,CHP_BEAT_CLASS,BEAT_NUMBER,PRIMARY_RD,SECONDARY_RD,DISTANCE,DIRECTION,INTERSECTION,WEATHER_1,WEATHER_2,STATE_HWY_IND,CALTRANS_COUNTY,CALTRANS_DISTRICT,STATE_ROUTE,ROUTE_SUFFIX,POSTMILE_PREFIX,POSTMILE,LOCATION_TYPE,RAMP_INTERSECTION,SIDE_OF_HWY,TOW_AWAY,COLLISION_SEVERITY,NUMBER_KILLED,NUMBER_INJURED,PARTY_COUNT,PRIMARY_COLL_FACTOR,PCF_CODE_OF_VIOL,PCF_VIOL_CATEGORY,PCF_VIOLATION,PCF_VIOL_SUBSECTION,HIT_AND_RUN,TYPE_OF_COLLISION,MVIW,PED_ACTION,ROAD_SURFACE,ROAD_COND_1,ROAD_COND_2,LIGHTING,CONTROL_DEVICE,CHP_ROAD_TYPE,PEDESTRIAN_ACCIDENT,BICYCLE_ACCIDENT,MOTORCYCLE_ACCIDENT,TRUCK_ACCIDENT,NOT_PRIVATE_PROPERTY,ALCOHOL_INVOLVED,STWD_VEHTYPE_AT_FAULT,CHP_VEHTYPE_AT_FAULT,COUNT_SEVERE_INJ,COUNT_VISIBLE_INJ,COUNT_COMPLAINT_PAIN,COUNT_PED_KILLED,COUNT_PED_INJURED,COUNT_BICYCLIST_KILLED,COUNT_BICYCLIST_INJURED,COUNT_MC_KILLED,COUNT_MC_INJURED,PRIMARY_RAMP,SECONDARY_RAMP,LATITUDE,LONGITUDE,COUNTY,CITY,POINT_X,POINT_Y
9520366,2022,2023-02-07,4502,2022-11-17,1835,R154,R04,4,5,5,4502,0,0,0,,0,R04,"PARKVIEW AV","AKARD AV",12.00,E,N,B,-,N,,,,,,,,,,Y,1,1,0,2,A,-,11,21954,A,N,G,B,D,A,H,-,C,D,0,Y,,,,Y,,N,60,0,0,0,1,0,0,0,0,0,"- ","- ",,,SHASTA,REDDING,-122.38330078125,40.572284698486328
9640689,2023,2025-06-28,4502,2023-09-07,2020,185,,4,5,5,4502,0,0,0,,0,R04,"RT 273","CANYON RD",306.00,N,N,A,-,Y,SHA,2,273,-,-,11.150,H,-,S,Y,1,1,0,2,A,-,11,21954,A,N,G,B,E,A,H,-,D,D,0,Y,,,,Y,,N,60,0,0,0,1,0,0,0,0,0,"- ","- ",,,SHASTA,REDDING,-122.37976837158203,40.507247924804688
9642158,2023,2023-12-19,4500,2023-11-06,"749 ",335,,1,5,2,4580,0,0,0,,0,S3B,"MUSSEL SHOALS AV","MAIN ST",0.00,,Y,B,-,N,,,,,,,,,,N,2,0,1,2,A,-,12,22450,A,N,G,B,E,B,H,-,A,A,0,Y,,,,Y,,N,60,1,0,0,0,1,0,0,0,0,"- ","- ",,,SHASTA,"SHASTA LAKE",-122.35834503173828,40.682041168212891
9751511,2023,2025-02-27,4501,2023-06-05,"937 ",228,,1,5,2,4501,0,0,0,,0,A01,"RT 273","PINON AV",0.00,,Y,A,-,Y,SHA,2,273,-,-,4.440,I,5,S,Y,1,1,1,2,A,-,01,23153,F,N,D,C,A,A,H,-,A,A,0,,,,,Y,,-,,0,1,0,0,0,0,0,0,0,"- ","- ",,,SHASTA,ANDERSON,-122.29140472412109,40.438587188720703
6290042,2014,2015-12-21,9135,2014-01-08,2000,16339,,3,2,9,4500,0,1,3,,1,201,"RT 299","SUGAR PINE CAMP RD",16368.00,E,N,B,-,Y,SHA,2,299,-,-,44.660,H,-,E,Y,1,1,0,1,A,-,01,23152,A,N,E,I,A,A,H,-,D,D,0,,,,,Y,Y,A,01,0,0,0,0,0,0,0,0,0,"- ","- ",40.746650000000002,-122.06057,SHASTA,UNINCORPORATED,-122.06242424,40.746205379999999
6290482,2014,2014-11-25,9135,2014-04-10,1825,12142,,4,2,9,4500,0,1,3,,2,602,"RT 299","MARQUETTE ST",0.00,,Y,A,-,Y,SHA,2,299,-,-,75.410,H,-,W,N,1,1,0,2,-,-,"- ",,,N,G,B,B,A,H,-,A,A,0,Y,,,Y,Y,,-,"- ",0,0,0,1,0,0,0,0,0,"- ","- ",,,SHASTA,UNINCORPORATED,-121.65936920999999,40.883387220000003
6290498,2014,2015-12-23,9135,2014-03-24,2045,15418,,1,2,9,4500,0,3,5,,2,003,"PALM AV","PINE ST",196.00,E,N,A,-,N,,,,,,,,,,Y,1,1,0,2,A,-,01,23152,A,N,D,C,A,A,H,-,D,D,0,,,Y,,Y,Y,D,22,0,0,0,0,0,0,0,1,0,"- ","- ",,,SHASTA,UNINCORPORATED,-122.42008554,40.446460000000002
6291422,2014,2014-10-30,9146,2014-08-13,1800,016245,,3,2,9,4500,0,1,1,,2,014,"RT 5","GIBSON RD",2376.00,N,N,A,-,Y,SHA,2,5,-,-,53.770,H,-,S,Y,1,1,0,1,A,-,08,22107,,N,E,I,A,A,H,-,A,D,1,,,,,Y,Y,A,01,0,0,0,0,0,0,0,0,0,"- ","- ",41.0319,-122.39749999999999,SHASTA,UNINCORPORATED,-122.39758603,41.032129220000002
6291485,2014,2014-10-30,9135,2014-08-10,1130,12864,,7,1,9,4500,0,1,1,,2,054,"RT 5","HARTNELL AV",1013.00,S,N,A,-,Y,SHA,2,5,-,R,13.760,H,-,S,Y,1,1,2,3,A,-,08,22107,,N,B,C,A,A,H,-,A,D,1,,,Y,Y,Y,,G,25,1,0,1,0,0,0,0,1,1,"- ","- ",40.561010000000003,-122.35845,SHASTA,UNINCORPORATED,-122.35842128,40.561084399999999
6292477,2015,2017-03-29,9135,2015-06-28,0250,15667,,7,3,9,4500,0,1,3,,1,201,"RT 299","KERN RD",1584.00,E,N,B,-,Y,SHA,2,299,-,-,31.050,H,-,E,Y,1,1,0,1,A,-,03,22350,,N,E,J,A,A,H,-,D,D,0,,,,,Y,Y,A,01,0,0,0,0,0,0,0,0,0,"- ","- ",,,SHASTA,UNINCORPORATED,-122.24945015999999,40.636134939999998
6292529,2015,2017-04-04,4500,2015-05-14,0351,142,,4,5,2,4580,0,0,0,,0,S3B,"PARK PL","ROSE AV",0.00,,Y,B,C,N,,,,,,,,,,Y,1,1,0,1,A,-,03,22350,,N,E,I,A,B,H,-,C,D,0,,,,,Y,Y,A,01,0,0,0,0,0,0,0,0,0,"- ","- ",,,SHASTA,"SHASTA LAKE",-122.40165994,40.68779988
6361811,2014,2014-06-12,9135,2014-01-25,1538,15793,,6,2,9,4500,0,3,5,,2,003,"GAS POINT RD","SHIRLEY DR",667.00,E,N,A,-,N,,,,,,,,,,Y,2,0,2,2,A,-,05,21460,A,N,A,C,A,A,H,-,A,D,0,,,,,Y,,A,01,1,0,1,0,0,0,0,0,0,"- ","- ",,,SHASTA,UNINCORPORATED,-122.30963486,40.38927632
6387796,2014,2015-02-10,9135,2014-02-10,0945,015627,,1,1,9,4500,0,3,5,,2,003,"OLINDA RD","HAMMER LN",458.00,E,N,A,-,N,,,,,,,,,,Y,2,0,1,1,A,-,01,23152,E,N,E,I,A,A,H,-,A,D,0,,,,,Y,,A,01,1,0,0,0,0,0,0,0,0,"- ","- ",,,SHASTA,UNINCORPORATED,-122.38623631,40.43904182
6398631,2014,2014-06-11,9135,2014-01-08,1530,15627,,3,2,9,4500,0,3,5,,2,004,"FIG TREE LN","SKYWAY ST",151.00,E,N,A,-,N,,,,,,,,,,Y,2,0,1,1,A,-,01,23152,A,N,F,A,A,A,H,-,A,D,0,,,Y,,Y,Y,C,02,1,0,0,0,0,0,0,0,1,"- ","- ",,,SHASTA,UNINCORPORATED,-122.29277705,40.491221150000001
6419252,2014,2015-11-14,9135,2014-03-25,1716,015363,,2,2,9,4500,0,1,3,,1,401,"RT 44","PONDEROSA WY",528.00,E,N,C,-,Y,SHA,2,44,-,R,24.660,H,-,W,Y,2,0,2,2,A,-,01,23152,A,N,A,C,A,B,H,-,A,D,0,,,,,Y,Y,A,01,2,0,0,0,0,0,0,0,0,"- ","- ",,,SHASTA,UNINCORPORATED,-121.93564065,40.509246269999998
6426632,2014,2015-11-14,9135,2014-03-04,1151,013553,,2,1,9,4500,0,1,3,,2,603,"RT 299","CASSEL RD",2270.00,W,N,B,-,Y,SHA,2,299,-,-,81.920,H,-,W,Y,2,0,1,1,A,-,05,21650,,N,E,I,A,A,H,-,A,D,0,,,,,Y,,A,07,1,0,0,0,0,0,0,0,0,"- ","- ",40.957500000000003,-121.58399,SHASTA,UNINCORPORATED,-121.58334902999999,40.95824794
6427360,2014,2015-11-14,4501,2014-02-15,1700,403,,6,5,2,4501,0,0,0,,0,002,"MCMURRY DR","NORTH ST",0.00,,Y,A,-,Y,SHA,2,5,-,R,5.832,R,4,N,N,2,0,1,2,A,-,05,21650,1,N,D,G,A,A,H,-,A,A,0,,Y,,,Y,,L,04,1,0,0,0,0,0,1,0,0,"- ","- ",,,SHASTA,ANDERSON,-122.29723289,40.457952300000002
6471768,2014,2014-07-22,4501,2014-04-17,1917,A413,4501,4,5,2,4501,0,0,0,,0,TWO,"BALLS FERRY RD","GATEWAY DR",0.00,,Y,B,-,N,,,,,,,,,,N,2,0,1,1,C,-,18,,,N,H,A,A,A,H,-,A,A,0,,,,,Y,,-,"- ",1,0,0,0,0,0,0,0,0,"- ","- ",,,SHASTA,ANDERSON,-122.28973992,40.453199920000003
6488653,2014,2015-11-20,9135,2014-05-16,1415,15667,,5,2,5,4502,0,1,1,,2,054,"RT 5","RT 44",200.00,N,N,A,-,Y,SHA,2,5,-,R,15.630,H,-,S,Y,2,0,2,2,A,-,17,23114,A,N,H,C,A,A,H,-,A,D,1,,,,,Y,,A,07,1,1,0,0,0,0,0,0,0,"- ",FR,,,SHASTA,REDDING,-122.36076479,40.588016019999998
6495189,2014,2014-07-24,9135,2014-05-09,1540,015667,,5,2,9,4500,0,3,5,,2,003,"OAK ST","RENEE CT",187.00,S,N,A,-,N,,,,,,,,,,Y,2,0,1,1,A,-,01,23152,A,N,E,I,A,A,H,-,A,D,0,,,,,Y,Y,D,22,1,0,0,0,0,0,0,0,0,"- ","- ",,,SHASTA,UNINCORPORATED,-122.454596,40.464276529999999
6511120,2014,2014-08-08,9135,2014-05-04,1545,13861,,7,2,9,4500,0,3,5,,2,001,"QUARTZ HILL RD","WHITE SAIL DR",845.00,N,N,B,-,N,,,,,,,,,,N,2,0,1,1,A,-,01,23152,A,N,F,A,A,A,H,-,A,A,0,,,Y,,Y,Y,C,02,1,0,0,0,0,0,0,0,1,"- ","- ",40.61544,-122.4222,SHASTA,UNINCORPORATED,-122.42223322,40.615334939999997
6515831,2014,2015-11-19,9135,2014-06-30,1850,012978,,1,2,9,4500,0,1,3,,1,301,"RT 299","TRINITY MOUNTAIN RD",13200.00,W,N,A,-,Y,SHA,2,299,-,-,6.300,H,-,W,Y,2,0,1,1,A,-,08,22107,,N,E,I,A,A,H,-,A,D,0,,,Y,,Y,,C,02,1,0,0,0,0,0,0,0,1,"- ","- ",,,SHASTA,UNINCORPORATED,-122.67468777000001,40.673238779999998
6532003,2014,2014-07-10,9135,2014-06-12,2210,18026,,4,3,9,4500,0,3,5,,2,006,"GLENBURN RD","RT 299",13728.00,N,N,A,-,N,,,,,,,,,,Y,2,0,1,1,A,-,08,22107,,N,E,I,A,A,H,-,A,D,0,,,,,Y,,D,22,1,0,0,0,0,0,0,0,0,"- ","- ",,,SHASTA,UNINCORPORATED,-121.47841805,41.026535789999997
6536990,2014,2015-11-20,9135,2014-06-05,0821,017428,,4,1,9,4500,0,1,1,,2,053,"RT 5","SACRAMENTO RIVER BRIDGE",4224.00,N,N,A,-,Y,SHA,2,5,-,R,7.960,H,-,N,Y,2,0,3,3,A,-,03,22350,,N,C,C,A,A,H,-,A,A,1,,,,,Y,,A,07,1,1,1,0,0,0,0,0,0,"- ","- ",,,SHASTA,UNINCORPORATED,-122.32108992000001,40.482365299999998
6536994,2014,2015-11-20,9135,2014-06-06,1918,16461,,5,2,9,4500,0,1,1,,2,053,"RT 5","KNIGHTON RD",1056.00,S,N,A,-,Y,SHA,2,5,-,R,9.570,H,-,N,Y,2,0,1,1,A,-,08,22107,,N,E,I,A,A,H,-,A,D,1,,,,,Y,,A,01,1,0,0,0,0,0,0,0,0,"- ","- ",,,SHASTA,UNINCORPORATED,-122.33606207,40.50287617
6537024,2014,2015-11-19,9135,2014-06-10,1435,12978,,2,2,9,4500,0,1,3,,1,302,"RT 299","RED BLUFF RD",176.00,W,N,A,-,Y,SHA,2,299,-,-,18.650,H,-,E,Y,2,0,1,2,A,-,03,22350,,N,C,C,A,A,H,-,A,D,0,,,Y,,Y,,C,02,1,0,0,0,0,0,0,0,1,"- ","- ",,,SHASTA,UNINCORPORATED,-122.48841964,40.596510049999999
6537350,2014,2014-08-20,9135,2014-06-11,0920,017428,,3,1,9,4500,0,3,5,,2,003,"CLOVERDALE RD","HIDING PL",1056.00,E,N,A,-,N,,,,,,,,,,Y,2,0,2,1,A,-,03,22350,,N,E,I,A,A,H,-,A,D,0,,,,,Y,,A,01,1,1,0,0,0,0,0,0,0,"- ","- ",,,SHASTA,UNINCORPORATED,-122.47768488,40.473637830000001
6542161,2014,2016-05-09,9146,2014-06-24,1428,16245,,2,2,9,4500,0,1,1,,2,014,"RT 5","SIMS RD",8976.00,S,N,A,-,Y,SHA,2,5,-,R,55.720,H,-,N,Y,2,0,1,1,A,-,08,22107,,N,E,I,A,A,H,-,A,D,1,,,Y,,Y,,C,02,1,0,0,0,0,0,0,0,1,"- ","- ",41.054870000000001,-122.3783,SHASTA,UNINCORPORATED,-122.3786003,41.054628200000003
6548247,2014,2014-08-13,9135,2014-06-29,1252,015363,,7,1,9,4500,0,3,5,,2,004,"MAIN ST","TREFOIL LN",634.00,N,N,A,-,N,,,,,,,,,,Y,2,0,1,1,A,-,05,21650,,N,E,I,A,A,H,-,A,D,0,,,,,Y,,D,22,1,0,0,0,0,0,0,0,0,"- ","- ",,,SHASTA,UNINCORPORATED,-122.28074518,40.398160869999998
6551716,2014,2015-04-21,4502,2014-12-04,2026,156,,4,5,5,4502,0,0,0,,0,007,"LAKE BL","QUARTZ HILL RD",0.00,,Y,B,C,N,,,,,,,,,,Y,1,1,0,2,A,-,11,21954,A,N,G,B,D,B,H,-,C,D,0,Y,,,,Y,,N,60,0,0,0,1,0,0,0,0,0,"- ","- ",,,SHASTA,REDDING,-122.40503998,40.631979940000001
6563559,2014,2016-04-25,9135,2014-07-11,1519,017428,,5,2,9,4500,0,1,1,,2,056,"RT 5","RIVERVIEW DR",3345.00,N,N,A,-,Y,SHA,2,5,-,R,42.970,H,-,N,Y,2,0,6,3,A,-,03,22350,,N,C,C,A,A,H,-,A,D,1,,,,,Y,,D,22,2,1,3,0,0,0,0,0,0,"- ","- ",,,SHASTA,UNINCORPORATED,-122.39442926,40.916859539999997
6568905,2014,2014-08-23,9135,2014-07-10,2135,16424,,4,2,9,4500,0,3,5,,2,002,"OLD OREGON TRL","COYOTE CANYON RD",162.00,W,N,A,-,N,,,,,,,,,,Y,2,0,2,2,A,-,05,21460,A,N,A,G,A,A,H,-,D,D,0,,Y,Y,,Y,,C,02,2,0,0,0,0,0,1,0,1,"- ","- ",,,SHASTA,UNINCORPORATED,-122.32337108,40.702414320000003
6596581,2014,2016-04-27,9135,2014-07-28,1745,016087,,1,2,5,4502,0,1,3,,2,040,"RT 44","SACRAMENTO RIVER BRIDGE",183.00,W,N,A,-,Y,SHA,2,44,-,L,81.450,H,-,E,Y,2,0,1,1,A,-,07,21658,A,N,E,I,A,A,H,-,A,D,0,,,,,Y,,A,01,1,0,0,0,0,0,0,0,0,"- ","- ",,,SHASTA,REDDING,,
6605044,2014,2014-09-06,4501,2014-08-01,2227,419,1,5,5,2,4501,0,0,0,,0,,"OX YOKE RD","RIVERSIDE AV",0.00,,Y,A,-,N,,,,,,,,,,Y,2,0,1,1,A,-,03,22350,,N,E,I,A,A,H,-,C,D,0,,,Y,,Y,Y,C,02,1,0,0,0,0,0,0,0,1,"- ","- ",,,SHASTA,ANDERSON,-122.31683999000001,40.468539999999997
6606083,2014,2014-09-22,9135,2014-05-17,1547,16191,,6,2,9,4500,0,1,3,,1,201,"RT 299","OAK RUN RD",1159.00,E,N,A,-,Y,SHA,2,299,-,-,46.960,H,-,E,Y,1,2,0,1,A,-,08,22107,,N,F,I,A,A,H,-,A,D,0,,,Y,,Y,Y,C,02,0,0,0,0,0,0,0,2,0,"- ","- ",,,SHASTA,UNINCORPORATED,-122.02192580000001,40.754598340000001
6619582,2014,2016-04-25,9135,2014-09-05,1515,013331,,5,2,9,4500,0,1,1,,2,053,"RT 5","KNIGHTON RD",8976.00,S,N,A,-,Y,SHA,2,5,-,R,8.070,H,-,S,Y,2,0,1,1,A,-,08,22107,,N,F,A,A,A,H,-,A,D,1,,,,,Y,,D,22,1,0,0,0,0,0,0,0,0,"- ","- ",,,SHASTA,UNINCORPORATED,-122.32266730000001,40.483580330000002
6640402,2014,2016-04-25,9135,2014-09-24,0429,013331,,3,3,9,4500,0,1,1,,2,053,"RT 5","KNIGHTON RD",1584.00,S,N,A,-,Y,SHA,2,5,-,R,9.480,H,-,S,Y,2,0,2,2,A,-,03,22350,,N,C,C,A,A,H,-,D,D,1,,,,,Y,,A,01,1,0,1,0,0,0,0,0,0,"- ","- ",,,SHASTA,UNINCORPORATED,-122.33569321,40.501685190000003
6661933,2014,2014-12-11,9135,2014-10-10,1818,16191,,5,2,9,4500,0,3,5,,2,002,"OLD OREGON TRAIL","OLD ALTURAS RD",2112.00,N,N,A,-,N,,,,,,,,,,N,2,0,2,2,A,-,03,22350,,N,B,C,A,A,H,-,A,D,0,,,Y,,Y,,C,02,1,0,1,0,0,0,0,0,2,"- ","- ",,,SHASTA,UNINCORPORATED,-122.30972447000001,40.593581270000001
6678285,2014,2014-11-04,9135,2014-09-05,2215,16461,,5,3,2,4501,0,1,1,,2,053,"RT 5","DESCHUTES RD",0.00,N,N,A,-,Y,SHA,2,5,-,R,4.510,H,-,S,Y,1,2,0,1,A,-,01,23152,A,N,E,I,A,A,H,-,D,D,1,,,,,Y,Y,A,08,0,0,0,0,0,0,0,0,0,"- ","- ",,,SHASTA,ANDERSON,-122.28797307000001,40.440684490000002
6691610,2014,2016-06-16,9135,2014-10-25,1346,013331,,6,1,9,4500,0,1,1,,2,053,"RT 5","RIVERSIDE AV",7392.00,N,N,B,F,Y,SHA,2,5,-,R,8.340,H,-,S,Y,2,0,1,1,A,-,08,22107,,N,F,A,A,A,H,-,A,D,1,,,,,Y,,D,22,1,0,0,0,0,0,0,0,0,"- ","- ",,,SHASTA,UNINCORPORATED,-122.32565405,40.48668267
6710927,2014,2015-01-12,9135,2014-11-08,1550,014516,,6,2,9,4500,0,3,5,,2,002,"HARLEY LEIGHTON RD","OLD OREGON TRL",180.00,E,N,A,-,N,,,,,,,,,,Y,2,0,1,1,A,-,08,22107,,N,E,I,A,A,H,-,A,D,0,,,,,Y,,A,01,1,0,0,0,0,0,0,0,0,"- ","- ",40.586060000000003,-122.30625000000001,SHASTA,UNINCORPORATED,-122.30618118,40.58590298
6716360,2014,2016-06-14,9135,2014-10-16,1613,15627,,4,2,9,4500,0,1,3,,1,301,"RT 299","CRYSTAL CREEK RD",29304.00,W,N,A,-,Y,SHA,2,299,-,-,2.510,H,-,W,Y,2,0,1,1,A,-,03,22350,,N,E,I,A,A,H,-,A,D,0,,,Y,,Y,,C,02,1,0,0,0,0,0,0,0,1,"- ","- ",,,SHASTA,UNINCORPORATED,-122.70705312,40.649222629999997
6718392,2015,2015-03-16,9135,2015-01-17,2025,15667,,6,2,9,4500,0,3,5,,2,002,"SILVERTHORN RD","BEAR MOUNTAIN RD",6336.00,W,N,B,C,N,,,,,,,,,,N,1,1,0,1,A,-,01,23152,A,N,F,A,A,B,H,-,D,D,0,,,Y,,Y,Y,C,06,0,0,0,0,0,0,0,1,0,"- ","- ",40.736190000000001,-122.24063,SHASTA,UNINCORPORATED,-122.23705,40.729520000000001
6718640,2017,2018-03-01,4502,2017-11-03,0035,160,,5,5,5,4502,0,0,0,,0,002,"CHURN CREEK RD","HARTNELL RD",0.00,,Y,B,-,N,,,,,,,,,,Y,1,2,4,2,A,-,01,23153,A,N,C,C,A,A,H,-,C,A,0,,,,,Y,Y,A,07,1,1,2,0,0,0,0,0,0,"- ","- ",,,SHASTA,REDDING,-122.35311996,40.563819979999998
6718696,2017,2018-03-08,4501,2017-07-04,0446,405,,2,5,2,4501,0,0,0,,0,001,"RT 273","SOUTH ST",384.00,S,N,A,-,Y,SHA,2,273,-,-,5.130,H,-,S,Y,1,1,0,1,A,-,03,22348,B,N,E,I,A,A,H,-,A,A,0,,,Y,,Y,Y,C,02,0,0,0,0,0,0,0,1,0,"- ","- ",40.447369999999999,-122.29724,SHASTA,ANDERSON,-122.29744958000001,40.447302190000002
6742122,2014,2014-12-31,4501,2014-11-22,1729,A420,4501,6,5,2,4501,0,0,0,,0,A01,"FAIRGROUNDS DR","2ND ST",0.00,,Y,A,-,N,,,,,,,,,,N,2,0,1,2,A,-,11,21956,A,N,G,B,E,A,H,-,D,D,0,Y,,,,Y,,N,60,1,0,0,0,1,0,0,0,0,"- ","- ",,,SHASTA,ANDERSON,-122.31252993,40.45329993
6744460,2014,2015-02-03,9135,2014-12-04,1709,16461,,4,2,9,4500,0,3,5,,2,004,"MAIN ST","OLIVE ST",0.00,,Y,B,C,N,,,,,,,,,,Y,2,0,1,2,A,-,09,21802,A,N,D,C,A,B,H,-,D,A,0,,,,,Y,,A,08,1,0,0,0,0,0,0,0,0,"- ","- ",,,SHASTA,UNINCORPORATED,-122.28102996,40.388569940000004
6781592,2015,2016-09-07,9135,2015-01-02,2005,16424,,5,2,9,4500,0,1,3,,1,301,"RT 299","CRYSTAL CREEK RD",8976.00,W,N,A,-,Y,SHA,2,299,-,-,6.320,H,-,E,Y,2,0,1,1,A,-,01,23152,A,N,F,I,A,A,H,-,D,D,0,,,,,Y,Y,D,22,1,0,0,0,0,0,0,0,0,"- ","- ",,,SHASTA,UNINCORPORATED,-122.67433482,40.67319182
6781676,2015,2015-02-25,9135,2015-01-01,1741,018133,,4,2,5,4502,0,3,5,,2,004,"AIRPORT RD","TERRY LN",45.00,S,N,A,-,N,,,,,,,,,,N,2,0,1,2,A,-,03,22350,,N,C,G,A,A,H,-,D,D,0,,Y,,,Y,,L,04,1,0,0,0,0,0,1,0,0,"- ","- ",40.482959999999999,-122.29326,SHASTA,REDDING,-122.29327807,40.482896449999998
6798068,2015,2015-02-23,9135,2015-01-15,0033,017956,,4,3,9,4500,0,3,5,,2,001,"HAPPY VALLEY RD","MAJESTIC VIEW DR",2112.00,N,N,A,-,N,,,,,,,,,,Y,2,0,2,1,A,-,03,22350,,F,E,I,A,A,H,-,D,D,0,,,,,Y,,A,01,2,0,0,0,0,0,0,0,0,"- ","- ",,,SHASTA,UNINCORPORATED,-122.37465413,40.488766689999999
6799963,2015,2016-09-07,9135,2015-01-23,2100,017956,,5,2,9,4500,0,1,3,,1,302,"RT 273","WHITE HOUSE DR",0.00,,Y,A,-,Y,SHA,2,273,-,-,10.350,I,5,S,Y,2,0,2,2,A,-,09,21802,A,N,D,C,A,A,H,-,C,A,0,,,,,Y,,A,01,1,0,1,0,0,0,0,0,0,"- ","- ",,,SHASTA,UNINCORPORATED,-122.37103172,40.497938509999997
6823115,2015,2015-03-04,9135,2015-02-10,2225,016672,,2,3,9,4500,0,3,5,,2,004,"ASH CREEK RD","DERSCH RD",24552.00,S,N,A,-,N,,,,,,,,,,Y,2,0,1,1,A,-,01,23152,A,N,E,I,A,A,H,-,D,D,0,,,,,Y,Y,A,07,1,0,0,0,0,0,0,0,0,"- ","- ",,,SHASTA,UNINCORPORATED,-122.13718084,40.440013800000003
6854338,2014,2015-04-21,4501,2014-10-15,2042,A409,4501,3,5,2,4501,0,0,0,,0,0II,"RIVERSIDE DR","ODLE LN",15.00,W,N,A,-,N,,,,,,,,,,N,1,1,0,1,D,-,00,,,N,A,J,A,A,H,-,D,D,0,,,,,Y,,-,"- ",0,0,0,0,0,0,0,0,0,"- ","- ",,,SHASTA,ANDERSON,-122.30117315,40.469096960000002
6854492,2014,2015-07-02,4502,2014-06-07,2000,321,,6,5,5,4502,0,0,0,,0,003,"HARTNELL AV","ARGYLE RD",719.00,E,N,A,-,N,,,,,,,,,,Y,1,1,3,1,A,-,01,23152,B,N,E,I,A,A,H,-,A,A,0,,,,,Y,Y,A,01,0,2,1,0,0,0,0,0,0,"- ","- ",,,SHASTA,REDDING,-122.30712517000001,40.563765760000003
6854632,2015,2015-06-01,9135,2015-05-02,1715,18133,,6,2,9,4500,0,3,5,,2,003,"OLINDA RD","PAULINA LN",200.00,E,N,A,-,N,,,,,,,,,,N,1,1,1,1,A,-,01,23152,A,N,E,I,A,A,H,-,A,D,0,,,Y,,Y,Y,C,02,1,0,0,0,0,0,0,1,1,"- ","- ",40.440199999999997,-122.34059000000001,SHASTA,UNINCORPORATED,-122.34088862999999,40.440379880000002
6854713,2015,2015-07-15,9135,2015-05-13,0810,12264,,3,1,9,4500,0,1,3,,1,201,"RT 299","BUZZARD ROOST RD",7920.00,W,N,A,-,Y,SHA,2,299,-,-,50.810,H,-,W,Y,1,1,1,2,A,-,05,21460,A,N,E,I,A,A,H,-,A,A,0,,,,Y,Y,,G,25,0,1,0,0,0,0,0,0,0,"- ","- ",40.781059999999997,-121.97526999999999,SHASTA,UNINCORPORATED,-121.97539078,40.78086278
6878061,2015,2015-04-11,4502,2015-02-28,1645,,,6,5,5,4502,0,0,0,,0,,"KESWICK DAM RD","LAKE BL",2640.00,W,N,A,-,N,,,,,,,,,,Y,2,0,1,1,A,-,01,23152,A,N,E,I,A,A,H,-,A,D,0,,,,,Y,Y,D,22,1,0,0,0,0,0,0,0,0,"- ","- ",,,SHASTA,REDDING,-122.41454783,40.62598852
6881390,2015,2015-04-24,9135,2015-03-31,1725,16461,,2,2,9,4500,0,3,5,,2,004,"BALLS FERRY RD","SHELLY LN",2298.00,W,N,A,-,N,,,,,,,,,,Y,2,0,2,1,A,-,01,23152,A,N,F,A,A,A,H,-,A,D,0,,,Y,,Y,Y,C,02,2,0,0,0,0,0,0,0,2,"- ","- ",,,SHASTA,UNINCORPORATED,-122.27670042,40.453376380000002
6895506,2015,2015-05-14,9135,2015-03-14,1945,017428,,6,2,9,4500,0,3,5,,2,003,"OLINDA RD","AUDREY LN",445.00,W,N,B,-,N,,,,,,,,,,Y,2,0,1,2,A,-,17,21200,,N,B,G,A,A,H,-,D,D,0,,Y,,,Y,Y,L,04,1,0,0,0,0,0,1,0,0,"- ","- ",,,SHASTA,UNINCORPORATED,-122.39569867,40.439162369999998
6895734,2015,2015-05-05,9135,2015-04-16,1055,16461,,4,1,9,4500,0,3,5,,2,002,"SILVERTHORN RD","RESORT RD",2640.00,N,N,A,-,N,,,,,,,,,,Y,2,0,1,1,C,-,18,,,N,F,A,A,A,H,-,A,D,0,,,,,Y,,-,"- ",1,0,0,0,0,0,0,0,0,"- ","- ",,,SHASTA,UNINCORPORATED,-122.25212999999999,40.752659999999999
6899123,2015,2016-09-02,9135,2015-03-27,2213,016424,,5,3,9,4500,0,1,1,,2,054,"RT 5","HARTNELL AV",145.00,N,N,A,-,Y,SHA,2,5,-,R,13.990,H,-,S,Y,2,0,14,3,A,-,01,23152,A,N,E,I,A,A,H,-,D,D,1,,,,,Y,Y,A,01,4,6,4,0,0,0,0,0,0,"- ","- ",40.563830000000003,-122.35888,SHASTA,UNINCORPORATED,-122.35944015,40.564323600000002
6899761,2015,2015-06-03,9135,2015-04-21,1850,16424,,2,2,9,4500,0,3,5,,2,002,"OAK RUN TO FERN RD","VOLBRECHT WY",141.00,E,N,A,-,N,,,,,,,,,,Y,2,0,1,1,A,-,01,23152,A,N,E,I,A,A,H,-,A,D,0,,,,,Y,Y,D,22,1,0,0,0,0,0,0,0,0,TO,"- ",40.684930000000001,-122.03876,SHASTA,UNINCORPORATED,-122.03875333000001,40.684909429999998