CASE_ID,ACCIDENT_YEAR,PROC_DATE,JURIS,COLLISION_DATE,COLLISION_TIME,OFFICER_ID,REPORTING_DISTRICT,DAY_OF_WEEK,CHP_SHIFT,POPULATION,CNTY_CITY_LOC,SPECIAL_COND,BEAT_TYPE,CHP_BEAT_TYPE,CITY_DIVISION_LAPD,CHP_BEAT_CLASS,BEAT_NUMBER,PRIMARY_RD,SECONDARY_RD,DISTANCE,DIRECTION,INTERSECTION,WEATHER_1,WEATHER_2,STATE_HWY_IND,CALTRANS_COUNTY,CALTRANS_DISTRICT,STATE_ROUTE,ROUTE_SUFFIX,POSTMILE_PREFIX,POSTMILE,LOCATION_TYPE,RAMP_INTERSECTION,SIDE_OF_HWY,TOW_AWAY,COLLISION_SEVERITY,NUMBER_KILLED,NUMBER_INJURED,PARTY_COUNT,PRIMARY_COLL_FACTOR,PCF_CODE_OF_VIOL,PCF_VIOL_CATEGORY,PCF_VIOLATION,PCF_VIOL_SUBSECTION,HIT_AND_RUN,TYPE_OF_COLLISION,MVIW,PED_ACTION,ROAD_SURFACE,ROAD_COND_1,ROAD_COND_2,LIGHTING,CONTROL_DEVICE,CHP_ROAD_TYPE,PEDESTRIAN_ACCIDENT,BICYCLE_ACCIDENT,MOTORCYCLE_ACCIDENT,TRUCK_ACCIDENT,NOT_PRIVATE_PROPERTY,ALCOHOL_INVOLVED,STWD_VEHTYPE_AT_FAULT,CHP_VEHTYPE_AT_FAULT,COUNT_SEVERE_INJ,COUNT_VISIBLE_INJ,COUNT_COMPLAINT_PAIN,COUNT_PED_KILLED,COUNT_PED_INJURED,COUNT_BICYCLIST_KILLED,COUNT_BICYCLIST_INJURED,COUNT_MC_KILLED,COUNT_MC_INJURED,PRIMARY_RAMP,SECONDARY_RAMP,LATITUDE,LONGITUDE,COUNTY,CITY,POINT_X,POINT_Y
6910065,2015,2016-11-03,9135,2015-04-21,0243,13145,,2,3,9,4500,0,1,3,,2,605,"RT 89","RT 44",5808.00,N,N,A,-,Y,SHA,2,89,-,-,1.060,H,-,N,Y,2,0,2,1,A,-,01,23152,A,N,F,A,A,A,H,-,D,D,0,,,,,Y,Y,A,01,2,0,0,0,0,0,0,0,0,"- ","- ",,,SHASTA,UNINCORPORATED,-121.41812143999999,40.696898709999999
6916917,2015,2016-11-02,9135,2015-05-01,1035,012421,,5,1,9,4500,0,1,3,,2,601,"RT 299","BUNCH GRASS LOOKOUT RD",528.00,W,N,A,-,Y,SHA,2,299,-,-,68.100,H,-,E,N,2,0,1,1,C,-,18,,,N,H,H,A,A,H,-,A,D,0,,,Y,,Y,,-,"- ",1,0,0,0,0,0,0,0,1,"- ","- ",,,SHASTA,UNINCORPORATED,-121.76377705,40.852302379999998
6921913,2015,2016-11-03,9135,2015-04-30,2232,018133,,4,3,9,4500,0,1,1,,2,053,"RT 5","GAS POINT RD",792.00,N,N,A,-,Y,SHA,2,5,-,-,1.098,R,3,S,Y,2,0,1,1,A,-,01,23152,A,N,F,A,A,A,H,-,D,D,1,,,,,Y,Y,A,01,1,0,0,0,0,0,0,0,0,"- ","- ",40.391359999999999,-122.28577,SHASTA,UNINCORPORATED,-122.28542194000001,40.39199326
6950457,2015,2016-11-03,9135,2015-05-08,1635,016191,,5,2,9,4500,0,1,1,,2,056,"RT 5","VOLLMERS RD",7920.00,N,N,A,-,Y,SHA,2,5,-,R,47.350,H,-,S,Y,2,0,1,1,C,-,18,,,N,E,I,A,A,H,-,A,D,1,,,,Y,Y,,-,"- ",1,0,0,0,0,0,0,0,0,"- ","- ",,,SHASTA,UNINCORPORATED,-122.43558985999999,40.9574736
6950657,2015,2016-11-03,9135,2015-05-02,0205,016191,,6,3,9,4500,0,1,1,,2,056,"RT 5","TURNTABLE BAY",7920.00,N,N,A,-,Y,SHA,2,5,-,R,30.870,H,-,N,Y,2,0,1,1,A,-,01,23152,A,N,E,I,A,A,H,-,D,D,1,,,,,Y,Y,A,01,1,0,0,0,0,0,0,0,0,"- ","- ",,,SHASTA,UNINCORPORATED,-122.31416406,40.791173209999997
6950734,2015,2015-06-18,9135,2015-05-24,1557,15627,,7,2,9,4500,0,3,5,,2,003,"CLEAR CREEK RD","CLOVERDALE RD",1584.00,W,N,A,-,N,,,,,,,,,,Y,2,0,1,1,A,-,08,22107,,N,F,A,A,A,H,-,A,D,0,,,,,Y,,A,01,1,0,0,0,0,0,0,0,0,"- ","- ",,,SHASTA,UNINCORPORATED,-122.51674761,40.488494860000003
6978888,2015,2016-11-03,9135,2015-06-21,0905,016339,,7,1,9,4500,0,1,1,,2,056,"RT 5","OBRIEN INLET RD",6336.00,N,N,A,-,Y,SHA,2,5,-,R,33.380,H,-,N,Y,2,0,1,1,A,-,08,22107,,N,E,I,A,A,H,-,A,D,1,,,Y,,Y,,C,02,1,0,0,0,0,0,0,0,1,"- ","- ",,,SHASTA,UNINCORPORATED,-122.32464428999999,40.824957140000002
6984175,2015,2017-01-14,9135,2015-07-04,1515,16461,,6,2,9,4500,0,1,3,,1,301,"RT 299","OAK BOTTOM",4575.00,W,N,A,-,Y,SHA,2,299,-,-,10.810,H,-,W,Y,2,0,1,3,A,-,01,23152,A,N,D,C,A,A,H,-,A,D,0,,,,,Y,Y,A,01,1,0,0,0,0,0,0,0,0,"- ","- ",,,SHASTA,UNINCORPORATED,-122.60696034999999,40.649130939999999
7006050,2015,2015-07-29,4501,2015-07-07,0445,A415,,2,5,2,4501,0,0,0,,0,001,"RT 273","ANDERSON CREEK BR",0.00,N,N,A,-,Y,SHA,2,273,-,-,5.110,H,-,N,Y,1,1,0,2,A,-,11,21956,A,N,G,B,E,A,H,-,D,D,0,Y,,,,Y,,N,60,0,0,0,1,0,0,0,0,0,"- ","- ",,,SHASTA,ANDERSON,-122.29716154,40.447131159999998
7006562,2015,2017-03-29,4502,2015-11-01,2139,145,RPD,7,5,5,4502,0,0,0,,0,004,"RT 273","BUENAVENTURA BL",0.00,N,N,A,-,Y,SHA,2,273,-,-,14.480,H,-,N,Y,1,1,0,2,A,-,11,21954,A,N,G,B,D,B,H,-,C,A,0,Y,,,,Y,,N,60,0,0,0,1,0,0,0,0,0,"- ","- ",,,SHASTA,REDDING,-122.38796999,40.554723719999998
7006717,2015,2016-04-15,4502,2015-10-21,1020,147,,3,5,5,4502,0,0,0,,0,006,"CONTINENTAL ST","BUTTE ST",0.00,,Y,A,-,N,,,,,,,,,,Y,1,1,0,2,A,-,17,21451,A,N,A,G,A,A,H,-,A,A,0,,Y,,,Y,,L,04,0,0,0,0,0,1,0,0,0,"- ","- ",,,SHASTA,REDDING,-122.38561999,40.5856499
7006718,2015,2016-04-15,4502,2015-09-29,0551,126,SHAST,2,5,5,4502,0,0,0,,0,004,"RT 273","KENYON DR",1648.00,S,N,A,-,Y,SHA,2,273,-,-,13.410,H,-,N,Y,1,1,1,1,A,-,01,23152,A,N,E,I,A,A,H,-,B,D,0,,,,,Y,Y,A,01,1,0,0,0,0,0,0,0,0,"- ","- ",,,SHASTA,REDDING,-122.38529581,40.53963152
7038779,2015,2015-09-04,4501,2015-08-08,1830,A415,,6,5,2,4501,0,0,0,,0,002,"BALLS FERRY RD","TOYON ST",85.00,W,N,A,-,N,,,,,,,,,,Y,2,0,6,1,A,-,05,21650,,N,E,I,A,A,H,-,A,D,0,,,,,Y,,A,07,5,1,0,0,0,0,0,0,0,"- ","- ",,,SHASTA,ANDERSON,-122.28629501,40.45615694
7139561,2014,2016-01-09,4502,2014-11-04,1526,137,4502,2,5,5,4502,0,0,0,,0,007,"AKRICH ST","MOODY CREEK DR",257.00,S,-,A,-,N,,,,,,,,,,Y,2,0,1,1,A,-,05,21650,,N,E,I,A,A,H,-,A,D,0,,,,,Y,Y,-,"- ",1,0,0,0,0,0,0,0,0,"- ","- ",,,SHASTA,REDDING,-122.34321196,40.66420986
7153773,2014,2016-02-20,4502,2014-01-24,1124,180,,5,5,5,4502,0,0,0,,0,006,"RT 299","MAGNOLIA AV",36.00,E,N,A,-,Y,SHA,2,299,-,-,23.470,H,-,W,Y,2,0,1,2,C,-,18,,,N,D,B,E,A,C,-,A,A,0,Y,,,,Y,,-,"- ",1,0,0,0,1,0,0,0,0,"- ","- ",,,SHASTA,REDDING,-122.40326416000001,40.586621809999997
7153822,2014,2016-01-11,4502,2014-03-31,1821,180,,1,5,5,4502,0,0,0,,0,007,"OASIS RD","GOLD HILLS RD",1357.00,E,N,C,-,N,,,,,,,,,,Y,2,0,1,2,A,-,07,21658,A,N,A,G,A,B,H,-,A,A,0,,Y,,,Y,,D,22,1,0,0,0,0,0,1,0,0,"- ","- ",,,SHASTA,REDDING,-122.35143744,40.645411019999997
7154339,2014,2016-01-08,4502,2014-06-18,0814,150,SAME,3,5,5,4502,0,0,0,,0,004,"COURT ST","SONOMA ST",0.00,,Y,A,-,N,,,,,,,,,,Y,2,0,1,2,A,-,09,21802,A,N,D,C,A,A,H,-,A,A,0,,,,,Y,,A,01,1,0,0,0,0,0,0,0,0,"- ","- ",,,SHASTA,REDDING,-122.39264992,40.575649970000001
7190366,2016,2018-09-27,4502,2016-03-19,2248,147,,6,5,5,4502,0,0,0,,0,,"RT 273","SOUTH BONNYVIEW RD",526.00,N,N,A,-,Y,SHA,2,273,-,-,12.780,H,-,S,N,1,1,0,2,A,-,11,21954,A,N,G,B,D,A,H,-,D,A,0,Y,,,,Y,,N,60,0,0,0,1,0,0,0,0,0,"- ","- ",,,SHASTA,REDDING,-122.38387281999999,40.530430590000002
7199537,2015,2016-04-29,4502,2015-07-13,1325,180,,1,5,5,4502,0,0,0,,0,002,"BECHELLI LN","BEAGLE LN",129.00,S,N,A,-,N,,,,,,,,,,Y,1,1,0,2,A,-,11,21954,A,N,G,B,D,A,H,-,A,A,0,Y,,,,Y,,N,60,0,0,0,1,0,0,0,0,0,"- ","- ",,,SHASTA,REDDING,-122.36269712000001,40.566885800000001
7199543,2015,2016-05-05,4502,2015-12-11,1132,166,,5,5,5,4502,0,0,0,,0,006,"DELTA ST","SANTA FE",0.00,,Y,B,C,N,,,,,,,,,,Y,1,1,1,2,A,-,09,21802,A,N,D,C,A,B,H,-,A,D,0,,,,,Y,,A,01,0,0,1,0,0,0,0,0,0,"- ","- ",,,SHASTA,REDDING,-122.38989998,40.598709990000003
7199592,2016,2017-05-30,4502,2016-11-10,1658,145,,4,5,5,4502,0,0,0,,0,006,"BUENA VENTURA BL","LAKESIDE DR",23.00,S,N,A,-,N,,,,,,,,,,Y,1,1,1,3,A,-,09,21802,,N,D,C,A,A,H,-,B,A,0,,,,,Y,,A,01,0,0,1,0,0,0,0,0,0,"- ","- ",,,SHASTA,REDDING,-122.42516964000001,40.580251240000003
7199594,2016,2018-09-24,4502,2016-12-19,1815,166,,1,5,5,4502,0,0,0,,0,001,"HILLTOP DR","PEPPERTREE LN",1062.00,N,N,A,-,N,,,,,,,,,,Y,1,1,0,2,A,-,11,21954,A,N,G,B,D,A,H,-,C,D,0,Y,,,,Y,Y,N,60,0,0,0,1,0,0,0,0,0,"- ","- ",,,SHASTA,REDDING,-122.37499858,40.60338488
8006255,2015,2016-04-06,4502,2015-04-03,1155,116,4502,5,5,5,4502,0,0,0,,0,001,"CHURN CREEK RD","BODENHAMER BL",84.00,W,N,A,-,N,,,,,,,,,,Y,2,0,1,2,A,-,03,22350,,N,C,C,A,A,H,-,A,A,0,,,Y,,Y,,C,02,1,0,0,0,0,0,0,0,1,"- ","- ",,,SHASTA,REDDING,-122.34909068,40.59938288
8006405,2015,2016-04-05,4502,2015-01-14,1352,105,,3,5,5,4502,0,0,0,,0,002,"HENDERSON RD","PARKVIEW AV",1297.00,S,N,B,-,N,,,,,,,,,,Y,2,0,1,1,D,-,00,,,N,H,J,A,A,H,-,A,D,0,,,Y,,Y,,-,"- ",1,0,0,0,0,0,0,0,1,"- ","- ",,,SHASTA,REDDING,-122.37125847,40.564645290000001
8006449,2015,2016-04-05,4502,2015-02-02,1133,143,,1,5,5,4502,0,0,0,,0,007,"OASIS RD","DAUT RD",6.00,W,N,B,-,N,,,,,,,,,,Y,2,0,4,2,A,-,03,22350,,N,C,C,A,B,H,-,A,D,0,,,,,Y,,-,,1,2,1,0,0,0,0,0,0,"- ","- ",,,SHASTA,REDDING,-122.38674097000001,40.63513597
8006498,2015,2016-04-06,4502,2015-04-09,1613,166,,4,5,5,4502,0,0,0,,0,004,"CEDARS RD","CONCORD LN",0.00,,Y,A,-,N,,,,,,,,,,Y,2,0,1,2,A,-,09,21802,A,N,D,C,A,A,H,-,A,D,0,,,Y,,Y,,A,01,1,0,0,0,0,0,0,0,1,"- ","- ",,,SHASTA,REDDING,-122.38697988,40.531029969999999
8006505,2015,2016-04-06,4502,2015-03-20,0216,182,4502,5,5,5,4502,0,0,0,,0,001,"HILLTOP DR","MISTLETOE LN",493.00,N,N,A,-,N,,,,,,,,,,N,2,0,1,2,C,-,18,,,N,G,B,D,A,H,-,C,A,0,Y,,,,Y,Y,-,"- ",1,0,0,0,1,0,0,0,0,"- ","- ",,,SHASTA,REDDING,-122.35782379,40.579792730000001
8006542,2015,2016-04-06,4502,2015-04-23,1844,106,,4,5,5,4502,0,0,0,,0,002,"HARTNELL AV","GOODWATER AV",1056.00,E,N,A,-,N,,,,,,,,,,Y,2,0,2,2,A,-,01,23152,A,N,B,C,A,A,H,-,A,D,0,,,,,Y,Y,A,01,1,0,1,0,0,0,0,0,0,"- ","- ",,,SHASTA,REDDING,-122.31098821,40.563836700000003
8019049,2015,2016-05-04,4502,2015-11-09,0851,131,,1,5,5,4502,0,0,0,,0,003,"BECHELLI LN","SOUTH BONNYVIEW RD",438.00,N,N,C,-,N,,,,,,,,,,Y,2,0,1,1,A,-,03,22350,,N,E,I,A,B,H,-,A,D,0,,,,Y,Y,,F,26,1,0,0,0,0,0,0,0,0,"- ","- ",,,SHASTA,REDDING,-122.35491672000001,40.540105230000002
8032029,2015,2017-12-06,4502,2015-11-12,2249,153,,4,5,5,4502,0,0,0,,0,,"MARKET ST","HILL ST",33.00,N,N,A,-,Y,SHA,2,273,-,-,16.060,H,-,S,N,1,1,0,2,A,-,11,21954,A,N,G,B,D,A,H,-,C,A,0,Y,,,,Y,,N,60,0,0,0,1,0,0,0,0,0,"- ","- ",,,SHASTA,REDDING,-122.38795231,40.577461329999998
8032032,2015,2016-05-02,4502,2015-07-07,1109,105,4502,2,5,5,4502,0,0,0,,0,002,"BECHELLI LN","PARSONS DR",112.00,N,N,A,-,N,,,,,,,,,,Y,2,0,1,1,A,-,03,22350,,N,F,A,A,A,H,-,A,D,0,,,Y,,Y,,C,02,1,0,0,0,0,0,0,0,1,"- ","- ",,,SHASTA,REDDING,-122.36266999999999,40.565037529999998
8032043,2015,2016-04-29,4502,2015-12-03,1715,142,,4,5,5,4502,0,0,0,,0,002,"SHASTA VIEW DR","HAWN AV",0.00,,Y,C,-,N,,,,,,,,,,N,2,0,1,2,A,-,09,21802,A,N,H,J,A,B,H,-,C,D,0,,,Y,,Y,,-,,1,0,0,0,0,0,0,0,1,"- ","- ",,,SHASTA,REDDING,-122.32554997,40.565189959999998
8104992,2016,2016-08-24,4502,2016-04-02,1602,146,,6,5,5,4502,0,0,0,,0,001,"CHURN CREEK RD","OLD ALTURAS RD",0.00,,Y,A,-,N,,,,,,,,,,N,2,0,1,2,A,-,12,21453,A,F,D,C,A,A,H,-,A,A,0,,,,,Y,,A,01,1,0,0,0,0,0,0,0,0,"- ","- ",,,SHASTA,REDDING,-122.35106996,40.588419889999997
8105298,2016,2016-08-24,4502,2016-02-11,1707,182,4502,4,5,5,4502,0,0,0,,0,002,"CHURN CREEK RD","HARTNELL AV",141.00,N,N,A,-,N,,,,,,,,,,Y,2,0,1,2,A,-,11,21954,A,N,G,B,D,A,H,-,A,A,0,Y,,,,Y,,N,60,1,0,0,0,1,0,0,0,0,"- ","- ",,,SHASTA,REDDING,-122.35312,40.564207160000002
8105356,2016,2016-08-26,4502,2016-01-02,1403,151,,6,5,5,4502,0,0,0,,0,003,"RANCHO RD","PERSISTANCE LN",24.00,W,N,B,-,N,,,,,,,,,,Y,2,0,3,2,A,-,05,21460,A,F,A,C,A,A,H,-,A,D,0,,,,,Y,,A,01,2,1,0,0,0,0,0,0,0,"- ","- ",,,SHASTA,REDDING,-122.30827637,40.53473949
8141395,2016,2017-02-27,4501,2016-09-05,2015,A411,4501,1,5,2,4501,0,0,0,,0,001,"RT 273","SOUTH ST",0.00,,Y,A,-,Y,SHA,2,273,-,-,5.206,I,5,N,N,2,0,1,2,A,-,11,21456,B,N,G,B,B,A,H,-,C,A,0,Y,,,,Y,Y,N,60,1,0,0,0,1,0,0,0,0,"- ","- ",,,SHASTA,ANDERSON,-122.29806847,40.448227760000002
8152553,2016,2017-02-27,4501,2016-09-27,0938,403,SHAST,2,5,2,4501,0,0,0,,0,002,"RIVERSIDE AV","RT 5",0.00,,Y,A,-,Y,SHA,2,5,-,R,6.526,R,4,N,N,2,0,1,2,D,-,00,,,N,G,G,A,A,H,-,A,D,0,,Y,,,Y,,-,"- ",1,0,0,0,0,0,1,0,0,"- ",NF,,,SHASTA,ANDERSON,-122.30509413,40.465993159999996
8280769,2016,2017-04-04,4500,2016-12-07,1716,0140,REDDI,3,5,2,4580,0,0,0,,0,03B,"FRONT ST","LOCUST ST",0.00,,Y,C,D,Y,SHA,2,151,-,R,5.830,I,5,W,N,2,0,1,2,A,-,10,21950,A,N,B,B,B,B,H,-,C,A,0,Y,,,,Y,,D,22,1,0,0,0,1,0,0,0,0,"- ","- ",,,SHASTA,"SHASTA LAKE",-122.36896900000001,40.681030999999997
8350134,2016,2017-04-26,4502,2016-07-29,2239,156,4502,5,5,5,4502,0,0,0,,0,002,"HARTNELL AV","ARCADE WY",222.00,E,N,A,-,N,,,,,,,,,,Y,2,0,1,2,A,-,11,21954,A,N,G,B,D,A,H,-,C,D,0,Y,,,,Y,Y,N,60,1,0,0,0,1,0,0,0,0,"- ","- ",,,SHASTA,REDDING,-122.34959071,40.563789999999997
8355526,2016,2017-04-28,4502,2016-11-06,0459,198,,7,5,5,4502,0,0,0,,0,004,"SOUTH BONNYVIEW RD","E BONNYVIEW RD",2640.00,E,N,C,-,N,,,,,,,,,,Y,2,0,2,1,A,-,05,21650,,N,E,I,A,B,H,-,C,D,0,,,,,Y,,A,01,1,0,1,0,0,0,0,0,0,"- ","- ",,,SHASTA,REDDING,-122.36550695,40.534516060000001
8357802,2016,2017-05-05,4502,2016-12-21,1625,156,,3,5,5,4502,0,0,0,,0,001,"CHURN CREEK RD","DANA DR",200.00,N,N,A,-,N,,,,,,,,,,Y,2,0,1,2,A,-,01,21200,5,N,D,G,A,A,H,-,A,D,0,,Y,,,Y,,L,04,1,0,0,0,0,0,1,0,0,"- ","- ",,,SHASTA,REDDING,-122.35100386000001,40.586555369999999
8367947,2017,2017-05-23,4502,2017-01-30,1225,148,,1,5,5,4502,0,0,0,,0,,"CHURN CREEK RD","LANCERS LN",0.00,,Y,A,-,N,,,,,,,,,,Y,2,0,2,2,A,-,12,21453,A,N,D,C,A,A,H,-,A,A,0,,,,,Y,,A,01,1,0,1,0,0,0,0,0,0,"- ","- ",,,SHASTA,REDDING,-122.35133989000001,40.590679950000002
8375087,2017,2017-06-05,4502,2017-03-28,2035,145,,2,5,5,4502,0,0,0,,0,002,"HILLTOP DR","INDUSTRIAL ST",16.00,N,N,A,-,N,,,,,,,,,,Y,2,0,1,2,A,-,08,22107,,N,D,C,A,A,H,-,C,D,0,,,Y,,Y,,A,01,1,0,0,0,0,0,0,0,1,"- ","- ",,,SHASTA,REDDING,-122.35795,40.575433930000003
8375107,2017,2017-06-05,4502,2017-03-27,1041,105,,1,5,5,4502,0,0,0,,0,004,"EASTSIDE RD","PROGRESS DR",256.00,N,N,A,-,N,,,,,,,,,,Y,2,0,1,2,A,-,05,21650,,N,E,I,A,A,H,-,A,D,0,,,,,Y,,A,01,1,0,0,0,0,0,0,0,0,"- ","- ",,,SHASTA,REDDING,-122.38785077999999,40.557228549999998
8375683,2017,2017-06-09,4502,2017-04-28,2121,147,,5,5,5,4502,0,0,0,,0,002,"HILLTOP DR","MISTLETOE LN",494.00,N,N,A,-,N,,,,,,,,,,N,2,0,1,2,A,-,11,21954,A,N,G,B,D,A,H,-,C,D,0,Y,,,,Y,,N,60,1,0,0,0,1,0,0,0,0,"- ","- ",,,SHASTA,REDDING,-122.35782369,40.579795470000001
8413844,2017,2017-08-09,4502,2017-05-11,1750,166,,4,5,5,4502,0,0,0,,0,007,"OASIS RD","BELTLINE RD",1885.00,W,N,A,-,N,,,,,,,,,,Y,2,0,1,2,A,-,11,21954,A,N,G,B,D,A,H,-,A,D,0,Y,,,,Y,,N,60,1,0,0,0,1,0,0,0,0,"- ","- ",,,SHASTA,REDDING,-122.39699405,40.631230109999997
8419541,2017,2017-08-07,4502,2017-05-30,0736,105,,2,5,5,4502,0,0,0,,0,004,"N BONNYVIEW","BIDWELL RD",75.00,W,N,A,-,N,,,,,,,,,,N,2,0,1,2,A,-,09,21804,A,N,D,G,A,A,H,-,A,D,0,,Y,,,Y,,L,04,1,0,0,0,0,0,1,0,0,"- ","- ",,,SHASTA,REDDING,-122.37817736,40.54184755
8431531,2017,2017-09-22,4501,2017-08-09,2048,A404,4501,3,5,2,4501,0,0,0,,0,001,"RHONDA RD","PLEASANT HILLS RD",0.00,,Y,A,-,N,,,,,,,,,,N,2,0,1,1,A,-,03,22350,,N,F,A,A,A,H,-,C,D,0,,,Y,,Y,,C,02,1,0,0,0,0,0,0,0,1,"- ","- ",,,SHASTA,ANDERSON,-122.28981985999999,40.433519910000001
8444973,2017,2017-11-09,4502,2017-06-20,0311,140,,2,5,5,4502,0,0,0,,0,007,"LAKE BL","CLAY ST",277.00,W,N,A,-,N,,,,,,,,,,N,2,0,1,2,A,-,08,22107,,F,A,G,A,A,H,-,C,D,0,,Y,,,Y,,L,04,1,0,0,0,0,0,1,0,0,"- ","- ",,,SHASTA,REDDING,-122.38650584,40.614327070000002
8465595,2018,2019-02-12,4502,2018-10-02,2110,145,,2,5,5,4502,0,0,0,,0,004,"RT 273","CEDARS RD",27.00,S,N,A,-,Y,SHA,2,273,-,-,12.670,H,-,S,Y,1,1,0,2,A,-,11,21954,A,N,G,B,D,A,H,-,C,A,0,Y,,,,Y,,N,60,0,0,0,1,0,0,0,0,0,"- ","- ",,,SHASTA,REDDING,-122.38359069824219,40.528854370117188
84729053,2025,2025-06-17,4502,2025-05-29,1400,541,,4,5,5,4502,0,0,0,,0,R04,"EAST ST","PINE ST",13.00,E,N,A,-,N,,,,,,,,,,N,2,0,1,2,A,-,17,21208,B,N,B,G,A,A,H,-,A,D,0,,Y,,,Y,,L,04,1,0,0,0,0,0,1,0,0,"- ","- ",,,SHASTA,REDDING,-122.38655853271484,40.577613830566406
84757122,2023,2025-07-10,4502,2023-05-16,2218,208,,2,5,5,4502,0,0,0,,0,R04,"WESTSIDE RD","WESTSIDE DR",127.00,S,N,A,-,N,,,,,,,,,,Y,2,0,1,1,A,-,07,21658,A,N,H,J,A,A,H,-,D,D,0,,,Y,,Y,,C,02,1,0,0,0,0,0,0,0,1,"- ","- ",,,SHASTA,REDDING,-122.38770294189453,40.550765991210938
84757124,2023,2025-07-10,4502,2023-05-18,1710,541,,4,5,5,4502,0,0,0,,0,,5/18/23,"SANTA ROSA WAY",7.00,E,N,A,-,N,,,,,,,,,,N,2,0,2,2,A,-,09,21800,B,N,A,C,A,A,H,-,A,D,0,,,Y,,Y,,A,01,1,0,1,0,0,0,0,0,1,"- ","- ",,,SHASTA,REDDING,,
84757204,2023,2025-07-10,4502,2023-06-30,1340,151,,5,5,5,4502,0,0,0,,0,R01,"DANA DRIVE","FRIENDLY ROAD",0.00,,Y,A,-,N,,,,,,,,,,N,2,0,1,2,A,-,05,21650,,N,D,G,A,A,H,-,A,A,0,,Y,,,Y,,L,04,1,0,0,0,0,0,1,0,0,"- ","- ",,,SHASTA,REDDING,-122.34732818603516,40.585750579833984
84761097,2024,2025-07-14,4502,2024-02-02,1815,541,,5,5,5,4502,0,0,0,,0,R04,"SR 273 S/B","BRANSTETTER LANE",90.00,S,N,A,-,Y,,,,,,,,,,Y,2,0,1,1,A,-,07,21658,A,N,F,I,A,B,H,-,C,D,0,,,,,Y,,A,07,1,0,0,0,0,0,0,0,0,"- ","- ",,,SHASTA,REDDING,-122.38472747802734,40.535163879394531
84763741,2024,2025-07-16,4502,2024-03-19,1609,158,,2,5,5,4502,0,0,0,,0,R03,"RANCHO ROAD","SHEENA LANE",72.00,W,N,A,-,N,,,,,,,,,,Y,2,0,3,3,A,-,03,22350,,N,C,C,A,A,H,-,A,D,0,,,,,Y,,-,31,1,2,0,0,0,0,0,0,0,"- ","- ",,,SHASTA,REDDING,-122.31014251708984,40.53472900390625
84766584,2024,2025-07-17,4502,2024-04-24,"400 ",124,,3,5,5,4502,0,0,0,,0,R03,"4140 CHURN CREEK","LEDELL DRIVE",0.00,,Y,A,-,N,,,,,,,,,,N,2,0,1,2,A,-,05,21650,,F,A,G,A,A,H,-,C,D,0,,Y,,,Y,Y,L,04,1,0,0,0,0,0,1,0,0,"- ","- ",,,SHASTA,REDDING,-122.35295867919922,40.547824859619141
84767122,2024,2025-07-17,4502,2024-06-22,2136,141,,6,5,5,4502,0,0,0,,0,,"PLACER RD","MARKET ST",0.00,,Y,A,-,N,,,,,,,,,,Y,2,0,1,2,A,-,01,23152,A,F,A,C,A,A,H,-,C,A,0,,,,,Y,Y,A,07,1,0,0,0,0,0,0,0,0,"- ","- ",,,SHASTA,REDDING,-122.39000701904297,40.582386016845703
84768765,2024,2025-07-18,4502,2024-09-19,2120,109,,4,5,5,4502,0,0,0,,0,R04,"4' N OF SCL OF MEADOWBROOK DR & 25' E OF WCPL OF L","LEONARD DRIVE",0.00,,Y,A,-,N,,,,,,,,,,Y,2,0,2,1,A,-,01,23153,A,F,F,-,A,A,H,-,C,D,0,,,Y,,Y,Y,C,06,1,0,1,0,0,0,0,0,2,"- ","- ",,,SHASTA,REDDING,,
84768775,2024,2025-07-18,4502,2024-09-26,1027,154,,4,5,5,4502,0,0,0,,0,,"PLACER STREET","PINE STREET",0.00,,Y,A,-,Y,,,,,,,,,,Y,2,0,1,2,A,-,01,23153,A,N,G,B,B,A,H,-,A,A,0,Y,,,,Y,,D,22,1,0,0,0,1,0,0,0,0,"- ","- ",,,SHASTA,REDDING,-122.38877105712891,40.58270263671875
84771102,2024,2025-07-21,4502,2024-10-14,1540,514,,1,5,5,4502,0,0,0,,0,R07,"CLAY ST","OF THE S PCL LITTLE DEER LN",35.00,S,N,A,-,N,,,,,,,,,,N,2,0,1,2,B,-,22,,,N,D,G,A,A,H,-,A,D,0,,Y,,,Y,,-,"- ",1,0,0,0,0,0,1,0,0,"- ","- ",,,SHASTA,REDDING,-122.38516235351562,40.614154815673828
84772695,2024,2025-07-22,4502,2024-12-09,2320,154,,1,5,5,4502,0,0,0,,0,R02,"CANBY ROAD","PINELAND DRIVE",215.00,N,N,A,-,N,,,,,,,,,,Y,1,1,0,2,A,-,01,23153,A,F,G,B,E,A,H,-,C,D,0,Y,,,,Y,Y,A,01,0,0,0,1,0,0,0,0,0,"- ","- ",,,SHASTA,REDDING,-122.35301971435547,40.5802001953125
84773011,2025,2025-07-22,4502,2025-01-09,1307,539,,4,5,5,4502,0,0,0,,0,R05,"SOUTH MARKET ST","HILL ST",16.00,S,N,A,-,Y,,,,,,,,,,Y,2,0,1,2,A,-,11,21954,A,N,F,J,E,A,H,-,A,D,0,Y,,Y,,Y,,N,60,1,0,0,0,0,0,0,0,1,"- ","- ",,,SHASTA,REDDING,-122.38787078857422,40.577266693115234
84774200,2025,2025-07-23,4502,2025-02-19,"654 ",107,,3,5,5,4502,0,0,0,,0,R02,"CHURN CREEK ROAD","PRESIDIO STREET",590.00,N,N,B,-,N,,,,,,,,,,Y,1,1,0,2,A,-,03,22350,,N,A,C,A,B,H,-,A,D,0,,,Y,Y,Y,,C,02,0,0,0,0,0,0,0,1,0,"- ","- ",,,SHASTA,REDDING,-122.354248046875,40.583724975585938
84774571,2025,2025-07-23,4502,2025-03-10,1119,151,,1,5,5,4502,0,0,0,,0,R05,"MARKET STREET / SR 273","GOLD STREET",85.00,S,N,A,-,Y,,,,,,,,,,N,2,0,1,1,A,-,03,22350,,N,F,-,A,A,H,-,A,A,0,,,Y,,Y,,C,03,1,0,0,0,0,0,0,0,1,"- ","- ",,,SHASTA,REDDING,-122.3902587890625,40.579498291015625