CASE_ID,ACCIDENT_YEAR,PROC_DATE,JURIS,COLLISION_DATE,COLLISION_TIME,OFFICER_ID,REPORTING_DISTRICT,DAY_OF_WEEK,CHP_SHIFT,POPULATION,CNTY_CITY_LOC,SPECIAL_COND,BEAT_TYPE,CHP_BEAT_TYPE,CITY_DIVISION_LAPD,CHP_BEAT_CLASS,BEAT_NUMBER,PRIMARY_RD,SECONDARY_RD,DISTANCE,DIRECTION,INTERSECTION,WEATHER_1,WEATHER_2,STATE_HWY_IND,CALTRANS_COUNTY,CALTRANS_DISTRICT,STATE_ROUTE,ROUTE_SUFFIX,POSTMILE_PREFIX,POSTMILE,LOCATION_TYPE,RAMP_INTERSECTION,SIDE_OF_HWY,TOW_AWAY,COLLISION_SEVERITY,NUMBER_KILLED,NUMBER_INJURED,PARTY_COUNT,PRIMARY_COLL_FACTOR,PCF_CODE_OF_VIOL,PCF_VIOL_CATEGORY,PCF_VIOLATION,PCF_VIOL_SUBSECTION,HIT_AND_RUN,TYPE_OF_COLLISION,MVIW,PED_ACTION,ROAD_SURFACE,ROAD_COND_1,ROAD_COND_2,LIGHTING,CONTROL_DEVICE,CHP_ROAD_TYPE,PEDESTRIAN_ACCIDENT,BICYCLE_ACCIDENT,MOTORCYCLE_ACCIDENT,TRUCK_ACCIDENT,NOT_PRIVATE_PROPERTY,ALCOHOL_INVOLVED,STWD_VEHTYPE_AT_FAULT,CHP_VEHTYPE_AT_FAULT,COUNT_SEVERE_INJ,COUNT_VISIBLE_INJ,COUNT_COMPLAINT_PAIN,COUNT_PED_KILLED,COUNT_PED_INJURED,COUNT_BICYCLIST_KILLED,COUNT_BICYCLIST_INJURED,COUNT_MC_KILLED,COUNT_MC_INJURED,PRIMARY_RAMP,SECONDARY_RAMP,LATITUDE,LONGITUDE,COUNTY,CITY,POINT_X,POINT_Y
84809446,2025,2025-08-19,4502,2025-06-23,2106,107,,1,5,5,4502,0,0,0,,0,R04,"CANYON ROAD","NB HIGHWAY 273",436.00,S,N,A,-,N,,,,,,,,,,Y,1,1,0,1,A,-,03,22350,,N,E,I,A,A,H,-,D,D,0,,,Y,,Y,,-,"- ",0,0,0,0,0,0,0,1,0,"- ","- ",,,SHASTA,REDDING,-122.37942504882812,40.505577087402344
8528667,2017,2018-01-22,4502,2017-09-18,1814,145,,1,5,5,4502,0,0,0,,0,001,"OLD ALTURAS RD",BRADFORD,9.00,E,N,A,-,N,,,,,,,,,,Y,2,0,1,2,A,-,09,21802,A,N,D,C,A,A,H,-,A,A,0,,,Y,,Y,,A,07,1,0,0,0,0,0,0,0,1,"- ","- ",,,SHASTA,REDDING,-122.3437813,40.587011480000001
8529811,2017,2018-08-23,4502,2017-09-28,1752,145,,4,5,5,4502,0,0,0,,0,002,"HARTNELL AV","CANYON CREEK RD",250.00,E,N,A,-,N,,,,,,,,,,N,1,1,0,2,A,-,09,21804,A,N,D,G,A,A,H,-,A,D,0,,Y,,,Y,,L,04,0,0,0,0,0,1,0,0,0,"- ","- ",,,SHASTA,REDDING,,
8543188,2017,2018-05-09,4502,2017-09-24,2330,384,4502,7,5,5,4502,0,0,0,,0,006,"SOUTH MARKET ST","RIVERSIDE DR",0.00,S,N,A,-,Y,SHA,2,273,-,-,17.020,H,-,S,Y,2,0,2,2,A,-,01,23152,A,N,B,C,A,A,H,-,C,A,0,,,,,Y,Y,A,01,1,1,0,0,0,0,0,0,0,"- ","- ",,,SHASTA,REDDING,-122.39335086,40.590179540000001
8648106,2018,2018-09-20,4501,2018-07-22,1924,403,,7,5,2,4501,0,0,0,,0,002,"DOWNING LN","CLAUDE LN",0.00,W,N,A,-,N,,,,,,,,,,N,1,1,0,2,A,-,03,22350,,F,G,B,E,A,H,-,A,D,0,Y,,,,Y,,A,01,0,0,0,1,0,0,0,0,0,"- ","- ",,,SHASTA,ANDERSON,-122.29409027099609,40.470588684082031
8648248,2018,2020-05-22,4502,2018-04-04,1645,145,,3,5,5,4502,0,0,0,,0,004,"RT 273","GIRVAN RD",20.00,S,N,B,-,Y,SHA,2,273,-,-,11.570,I,5,N,Y,1,1,1,2,A,-,12,21453,A,N,D,C,A,A,H,-,A,A,0,,,,,Y,,A,07,0,1,0,0,0,0,0,0,0,"- ","- ",,,SHASTA,REDDING,-122.38063049316406,40.513145446777344
8648254,2018,2018-10-12,4502,2018-08-17,1046,145,,5,5,5,4502,0,0,0,,0,002,"CYPRESS AV","ROSEMARY AV",165.00,W,N,A,-,N,,,,,,,,,,Y,1,1,0,2,A,-,10,21950,A,N,G,B,C,A,H,-,A,A,0,Y,,,,Y,,A,07,0,0,0,1,0,0,0,0,0,"- ","- ",,,SHASTA,REDDING,-122.36550140380859,40.571060180664062
8716035,2018,2018-10-16,4502,2018-05-21,1259,150,,1,5,5,4502,0,0,0,,0,002,"SOUTH BONNYVIEW RD","CHURN CREEK RD",0.00,,Y,A,-,N,,,,,,,,,,N,2,0,1,2,A,-,05,21650,1,N,D,G,A,A,H,-,A,A,0,,Y,,,Y,,L,04,1,0,0,0,0,0,1,0,0,"- ","- ",,,SHASTA,REDDING,-122.34898376464844,40.538101196289062
8717086,2018,2018-10-12,4502,2018-07-19,0012,158,SCSC,4,5,5,4502,0,0,0,,0,005,"LINDEN AV","WEST ST",223.00,W,N,A,-,N,,,,,,,,,,Y,2,0,2,1,A,-,01,23153,A,F,F,J,A,A,H,-,C,D,0,,,Y,,Y,Y,C,06,2,0,0,0,0,0,0,0,2,"- ","- ",,,SHASTA,REDDING,-122.39389038085938,40.570178985595703
8718244,2018,2018-10-15,4502,2018-05-06,1924,102,,7,5,5,4502,0,0,0,,0,007,"LAKE BL","MAGNUMS WY",0.00,,Y,A,-,N,,,,,,,,,,Y,2,0,4,2,A,-,09,21801,A,N,D,C,A,A,H,-,A,A,0,,,,,Y,,A,01,1,3,0,0,0,0,0,0,0,"- ","- ",,,SHASTA,REDDING,-122.40476226806641,40.624217987060547
8718295,2018,2018-11-05,4502,2018-03-31,2202,111,4502,6,5,5,4502,0,0,0,,0,004,"RT 273","WESTWOOD AV",528.00,N,N,A,-,Y,SHA,2,273,-,-,12.370,H,-,S,N,2,0,1,2,A,-,11,21956,A,N,G,B,E,A,H,-,D,D,0,Y,,,,Y,,N,60,1,0,0,0,1,0,0,0,0,"- ","- ",,,SHASTA,REDDING,-122.38280487060547,40.524459838867188
8799833,2021,2022-11-03,4502,2021-12-14,2020,158,R05,2,5,5,4502,0,0,0,,0,005,"SOUTH ST","RAILROAD TRACKS",0.00,,Y,A,-,N,,,,,,,,,,Y,2,0,1,2,A,-,12,22451,B,N,D,F,A,A,H,-,C,A,0,,,,,Y,,A,01,1,0,0,0,0,0,0,0,0,"- ","- ",40.580059051513672,-122.39241790771484,SHASTA,REDDING,-122.39242553710938,40.580047607421875
8803274,2019,2019-02-22,4501,2019-01-28,1836,228,A02,1,5,2,4501,0,0,0,,0,00A,"GANYON DR","DRIFTSTONE DR",0.00,,Y,A,-,N,,,,,,,,,,N,2,0,1,2,D,-,00,,,F,D,G,A,A,H,-,C,D,0,,Y,,,Y,,-,"- ",1,0,0,0,0,0,1,0,0,"- ","- ",,,SHASTA,ANDERSON,-122.2900390625,40.457229614257812
8809556,2018,2019-03-26,4502,2018-11-27,0638,160,TRF,2,5,5,4502,0,0,0,,0,001,"HILLTOP DR","BROWNING RD",0.00,,Y,C,-,N,,,,,,,,,,Y,2,0,1,2,A,-,17,21451,A,N,C,G,A,B,H,-,C,A,0,,Y,,,Y,,L,04,1,0,0,0,0,0,1,0,0,"- ","- ",40.592979431152344,-122.35836791992188,SHASTA,REDDING,-122.35839080810547,40.592971801757812
8816701,2019,2019-03-14,4502,2019-01-06,1443,152,R01,7,5,5,4502,0,0,0,,0,001,"HILLTOP DR","LAKE BL",1300.00,S,N,C,-,N,,,,,,,,,,Y,2,0,2,2,A,-,08,22107,,N,A,C,A,B,H,-,A,D,0,,,,,Y,,A,07,2,0,0,0,0,0,0,0,0,"- ","- ",,,SHASTA,REDDING,-122.37642669677734,40.607868194580078
8816741,2018,2019-03-08,4502,2018-10-11,1821,178,R02,4,5,5,4502,0,0,0,,0,002,"CHURN CREEK RD","DOWNARD DR",1000.00,S,N,A,-,N,,,,,,,,,,N,2,0,1,2,B,-,22,,,N,A,B,F,B,H,-,A,D,0,Y,,,,Y,Y,A,07,1,0,0,0,1,0,0,0,0,"- ","- ",40.566600799560547,-122.35282135009766,SHASTA,REDDING,-122.35311889648438,40.564685821533203
8816794,2018,2019-03-11,4502,2018-11-24,1432,151,R07,6,5,5,4502,0,0,0,,0,007,"LAKE BL","ST MARKS ST",845.00,E,N,A,-,N,,,,,,,,,,N,2,0,1,1,B,-,22,,,N,E,J,A,A,C,-,A,D,0,,Y,,,Y,,L,04,1,0,0,0,0,0,1,0,0,"- ","- ",40.609169006347656,-122.38700103759766,SHASTA,REDDING,-122.38941192626953,40.615394592285156
8816994,2018,2019-03-13,4502,2018-12-15,1052,116,,6,5,5,4502,0,0,0,,0,001,"HILLTOP DR","BROWNING ST",522.00,N,N,B,C,N,,,,,,,,,,Y,2,0,3,2,A,-,03,22350,,N,D,C,A,B,H,-,A,D,0,,,,,Y,,D,22,2,1,0,0,0,0,0,0,0,"- ","- ",,,SHASTA,REDDING,-122.35848999023438,40.594398498535156
8817018,2018,2019-03-13,4502,2018-12-04,1732,145,,2,5,5,4502,0,0,0,,0,005,"SOUTH ST","WALDON ST",102.00,E,N,A,-,N,,,,,,,,,,Y,2,0,1,2,A,-,11,21954,A,N,G,B,D,A,H,-,C,D,0,Y,,,,Y,,N,60,1,0,0,0,1,0,0,0,0,"- ","- ",40.580181121826172,-122.39192199707031,SHASTA,REDDING,-122.39157104492188,40.580253601074219
8822237,2018,2019-03-27,4502,2018-12-11,1152,160,TRF,2,5,5,4502,0,0,0,,0,007,"LAKE BL","NORTHPOINT DR",485.00,N,N,A,-,N,,,,,,,,,,N,2,0,1,2,A,-,08,22107,,N,D,G,A,A,H,-,A,D,0,,Y,,,Y,,L,04,1,0,0,0,0,0,1,0,0,"- ","- ",40.611141204833984,-122.38139343261719,SHASTA,REDDING,-122.38266754150391,40.611976623535156
8911011,2019,2020-05-19,4502,2019-12-20,1749,R0090,,5,5,5,4502,0,0,0,,0,004,"RT 273","ANGELO ST",430.00,S,N,A,-,Y,SHA,2,273,-,-,15.580,H,-,S,N,1,1,0,2,A,-,05,21650,,N,G,B,E,A,H,-,C,A,0,Y,,,,Y,,-,,0,0,0,1,0,0,0,0,0,"- ","- ",40.572948455810547,-122.38784790039062,SHASTA,REDDING,-122.38815307617188,40.570720672607422
8911068,2020,2020-05-20,4501,2020-03-23,0250,226,A01,1,5,2,4501,0,0,0,,0,001,"RT 273","BRIGGS ST",1039.00,N,N,A,-,Y,SHA,2,273,-,-,6.030,H,-,N,Y,1,1,1,2,A,-,11,21956,,N,G,B,E,A,H,-,D,D,0,Y,,,,Y,,N,60,0,0,1,1,0,0,0,0,0,"- ","- ",,,SHASTA,ANDERSON,-122.30974578857422,40.45623779296875
8911072,2020,2022-06-14,4502,2020-01-02,2235,R0162,R03,4,5,5,4502,0,0,0,,0,,"ALTA MESA DR","RANCHO RD",0.00,,Y,A,-,N,,,,,,,,,,Y,1,1,0,1,A,-,12,22450,A,N,E,J,A,A,H,-,C,D,0,,,,,Y,Y,A,01,0,0,0,0,0,0,0,0,0,"- ","- ",40.534721374511719,-122.33026885986328,SHASTA,REDDING,-122.33023071289062,40.534709930419922
8911345,2020,2021-11-24,4502,2020-05-18,2217,R0078,TRF,1,5,5,4502,0,0,0,,0,004,"RT 273","BUENAVENTURA BL",0.00,,Y,B,-,Y,SHA,2,273,-,-,14.470,I,5,N,Y,1,1,0,2,A,-,11,21954,A,N,G,B,D,A,H,-,C,A,0,Y,,,,Y,,N,60,0,0,0,1,0,0,0,0,0,"- ","- ",40.554588317871094,-122.38816070556641,SHASTA,REDDING,-122.38794708251953,40.554576873779297
8911937,2020,2021-01-12,4502,2020-05-02,2237,R158,R04,6,5,5,4502,0,0,0,,0,004,"RT 273","WESTWOOD AV",200.00,N,N,A,-,Y,SHA,2,273,-,-,12.310,H,-,S,N,1,1,0,2,A,-,11,21954,A,F,G,B,E,A,H,-,D,D,0,Y,,,,Y,,N,60,0,0,0,1,0,0,0,0,0,"- ","- ",40.522968292236328,-122.38258361816406,SHASTA,REDDING,-122.38265991210938,40.523571014404297
8911941,2020,2021-01-12,4502,2020-06-17,1053,R193,RTU,3,5,5,4502,0,0,0,,0,004,"RT 273","KENYON RD",745.00,N,N,A,-,Y,SHA,2,273,-,-,13.860,H,-,S,N,1,1,0,2,A,-,01,23153,A,N,B,B,E,A,H,-,D,A,0,Y,,,,Y,Y,E,22,0,0,0,1,0,0,0,0,0,"- ","- ",,,SHASTA,REDDING,-122.38661193847656,40.545997619628906
8939121,2019,2021-05-25,4502,2019-06-13,2205,R0005,,4,5,5,4502,0,0,0,,0,004,"RT 273","KENYON RD",0.00,,Y,A,-,Y,SHA,2,273,-,-,13.730,H,-,S,Y,1,1,0,2,A,-,03,22350,,N,C,C,A,A,H,-,C,D,0,,,Y,,Y,Y,C,02,0,0,0,0,0,0,0,1,0,"- ","- ",40.543998718261719,-122.38629150390625,SHASTA,REDDING,-122.38627624511719,40.544162750244141
8939915,2019,2019-11-12,4501,2019-09-28,0635,228,A02,6,5,2,4501,0,0,0,,0,002,"BALLS FERRY RD","POWER POLE #4423",28.00,N,N,B,-,N,,,,,,,,,,Y,2,0,1,2,A,-,11,21954,A,N,G,B,E,A,H,-,C,D,0,Y,,,,Y,Y,N,60,1,0,0,0,1,0,0,0,0,"- ","- ",,,SHASTA,ANDERSON,,
8947459,2019,2020-02-03,4502,2019-04-29,1353,R523,R04,1,5,5,4502,0,0,0,,0,004,"RT 273","WESTWOOD AV",250.00,N,N,A,-,Y,SHA,2,273,-,-,12.320,H,-,S,Y,2,0,4,2,A,-,03,22350,,N,C,C,A,A,H,-,A,A,0,,,,,Y,Y,D,22,2,2,0,0,0,0,0,0,0,"- ","- ",40.522968292236328,-122.38258361816406,SHASTA,REDDING,-122.38268280029297,40.523723602294922
8947463,2019,2019-10-23,4502,2019-04-29,2229,R0005,,1,5,5,4502,0,0,0,,0,004,"SOUTH BONNYVIEW RD","EASTSIDE RD",0.00,E,N,A,-,N,,,,,,,,,,Y,2,0,3,3,A,-,01,23153,A,N,C,C,A,A,H,-,C,A,0,,,,Y,Y,Y,A,01,1,2,0,0,0,0,0,0,0,"- ","- ",40.529861450195312,-122.38031768798828,SHASTA,REDDING,-122.38034057617188,40.529941558837891
8947503,2019,2019-10-23,4502,2019-04-17,1516,314,R07,3,5,5,4502,0,0,0,,0,007,"LAKE BL","NORTH MARKET ST",231.00,E,N,A,-,N,,,273,,,,,,,N,2,0,1,2,A,-,08,22107,,N,D,G,A,A,H,-,A,A,0,,Y,,,Y,,L,04,1,0,0,0,0,0,1,0,0,"- ","- ",40.609428405761719,-122.37663269042969,SHASTA,REDDING,-122.37671661376953,40.609439849853516
8947507,2019,2019-11-19,4502,2019-04-18,0844,147,,4,5,5,4502,0,0,0,,0,,"AIRPORT RD","RANCHO RD",500.00,N,N,A,-,N,,,,,,,,,,Y,2,0,2,2,A,-,03,22350,,N,C,C,A,A,H,-,A,D,0,,,,,Y,,D,22,1,1,0,0,0,0,0,0,0,"- ","- ",40.534770965576172,-122.30278778076172,SHASTA,REDDING,-122.30280303955078,40.536140441894531
8947512,2019,2019-11-19,4502,2019-04-21,0144,143,R04,7,5,5,4502,0,0,0,,0,004,"CANYON RD","RED BANK RD",254.00,S,N,A,-,N,,,,,,,,,,Y,2,0,1,1,A,-,03,22350,,N,A,I,A,A,H,-,C,D,0,,,,,Y,,D,22,1,0,0,0,0,0,0,0,0,"- ","- ",,,SHASTA,REDDING,-122.38064575195312,40.503158569335938
90006208,2015,2015-10-19,9135,2015-07-19,1311,013145,,7,1,9,4500,0,1,3,,2,605,SR-44,"ESKIMO HILL",2112.00,E,N,A,B,Y,,,,,,,,,,N,2,0,1,1,A,-,08,22107,,N,E,I,A,A,H,-,A,D,0,,,,,Y,,A,01,1,0,0,0,0,0,0,0,0,"- ","- ",,,SHASTA,UNINCORPORATED,-121.57389735,40.568067730000003
90008079,2015,2015-10-19,9135,2015-08-09,2010,016087,,7,2,9,4500,0,1,1,,2,053,"I-5 N/B","RIVERSIDE AVE",3696.00,N,N,A,-,Y,,,,,,,,,,Y,2,0,1,1,A,-,01,23152,,N,E,I,A,A,H,-,A,D,0,,,,,Y,Y,A,07,1,0,0,0,0,0,0,0,0,"- ","- ",,,SHASTA,UNINCORPORATED,-122.31549041,40.476620459999999
90017165,2015,2015-10-19,9135,2015-09-05,1540,017956,,6,2,9,4500,0,1,3,,2,040,"SR-44 W/B","BUTLER WAY",63.00,W,N,A,-,Y,,,,,,,,,,Y,2,0,1,1,A,-,01,23152,A,N,E,I,A,A,H,-,A,D,0,,,,,Y,Y,A,01,1,0,0,0,0,0,0,0,0,"- ","- ",,,SHASTA,UNINCORPORATED,,
90018390,2015,2015-10-19,9135,2015-09-04,1905,017956,,5,2,9,4500,0,3,5,,2,002,"OLD 44 DR","OAK RUN RD",1056.00,S,N,A,-,N,,,,,,,,,,Y,2,0,1,1,A,-,01,23152,A,N,F,A,A,A,H,-,A,D,0,,,,,Y,Y,A,07,1,0,0,0,0,0,0,0,0,"- ","- ",,,SHASTA,UNINCORPORATED,-122.19580430000001,40.567903700000002
90019587,2015,2015-10-19,9135,2015-09-05,1026,014516,,6,1,9,4500,0,3,5,,2,002,"OLD OREGON TRAIL","OASIS RD",724.00,S,N,A,-,N,,,,,,,,,,Y,2,0,1,1,A,-,01,23152,E,N,E,I,A,A,H,-,A,D,0,,,,,Y,,D,22,1,0,0,0,0,0,0,0,0,"- ","- ",40.651249999999997,-122.33559,SHASTA,UNINCORPORATED,-122.33549551,40.651249100000001
90022462,2015,2015-10-19,9135,2015-08-07,2151,016672,,5,2,9,4500,0,1,3,,2,040,"STATE ROUTE 44 E/B","GILBERT DR",20.00,E,N,A,-,Y,,,44,,,,,,E,Y,1,2,0,2,A,-,01,23152,A,N,A,C,A,A,H,-,D,D,0,,,,,Y,Y,D,22,0,0,0,0,0,0,0,0,0,"- ","- ",40.560899999999997,-122.2591,SHASTA,UNINCORPORATED,-122.25910111,40.56091559
90024872,2015,2015-10-19,9135,2015-08-25,1035,016339,,2,1,9,4500,0,1,3,,1,301,SR-299,"WHISKEY CREEK RD",2112.00,E,N,A,-,Y,,,,,,,,,,Y,1,1,0,2,A,-,08,22107,,N,A,C,A,A,H,-,A,D,0,,,,Y,Y,,D,22,0,0,0,0,0,0,0,0,0,"- ","- ",,,SHASTA,UNINCORPORATED,,
90045303,2015,2015-11-05,9146,2015-10-28,1058,014814,,3,1,9,4500,0,1,1,,2,013,"I-5 SB","CASTELLA UC",2640.00,N,N,B,C,Y,,,5,,,,,,S,Y,1,1,0,1,A,-,03,22350,,N,E,I,A,B,H,-,A,D,0,,,,,Y,,A,01,0,0,0,0,0,0,0,0,0,"- ","- ",41.151530000000001,-122.30471,SHASTA,UNINCORPORATED,-122.30471435,41.151496700000003
90046185,2015,2016-01-25,9135,2015-09-24,1745,018133,,4,2,9,4500,0,1,3,,2,402,SR-44,"SQUAW SPRINGS RD.",280.00,W,N,A,-,Y,,,,,,,,,,Y,1,1,1,2,A,-,08,22107,,N,C,G,A,A,H,-,A,D,0,,Y,,,Y,,A,01,0,1,0,0,0,1,0,0,0,"- ","- ",40.500660000000003,-122.84695000000001,SHASTA,UNINCORPORATED,-121.84521072,40.501238479999998
90049716,2015,2015-11-12,9135,2015-09-21,1845,015418,,1,2,9,4500,0,1,3,,2,402,SR-44,"BROKEOFF MEADOWS ROAD",9504.00,E,N,A,-,Y,,,44,,,,,,,Y,1,1,0,1,A,-,08,22107,,N,E,I,A,A,H,-,D,D,0,,,,,Y,,A,07,0,0,0,0,0,0,0,0,0,"- ","- ",40.529730000000001,-121.65603,SHASTA,UNINCORPORATED,-121.65602826999999,40.529777879999997
9005405,2019,2020-01-15,4501,2019-11-12,1816,222,A02,2,5,2,4501,0,0,0,,0,002,"BALLS FERRY RD","STINGY LN",0.00,,Y,A,-,N,,,,,,,,,,Y,2,0,3,2,A,-,12,22450,A,N,D,C,A,A,H,-,C,A,0,,,,,Y,Y,-,,1,1,1,0,0,0,0,0,0,"- ","- ",,,SHASTA,ANDERSON,-122.28436279296875,40.457710266113281
90056113,2015,2015-11-20,9135,2015-11-07,2120,016790,,6,2,9,4500,0,3,5,,2,002,"WHITMORE RD N/B","SOUTH COW CREEK",200.00,S,N,B,-,N,,,,,,,,,,Y,2,0,1,1,C,-,18,,,N,H,A,A,A,H,-,D,D,0,,,,,Y,,-,"- ",1,0,0,0,0,0,0,0,0,"- ","- ",,,SHASTA,UNINCORPORATED,-121.94352234999999,40.616262059999997
90056325,2015,2015-12-08,9135,2015-10-16,2500,015133,,5,4,9,4500,0,3,5,,2,002,"TAMARACK RD","LAVINE ROAD",2498.00,N,N,A,-,N,,,,,,,,,,Y,1,1,0,1,A,-,03,22350,,N,F,I,A,A,B,-,A,D,0,,,,,Y,,M,50,0,0,0,0,0,0,0,0,0,"- ","- ",40.653219999999997,-122.80866,SHASTA,UNINCORPORATED,,
90065568,2015,2015-12-04,9135,2015-11-20,0800,013331,,5,1,9,4500,0,1,3,,1,302,"SR-273 S/B","SPRING GULCH RD",89.00,N,N,A,-,Y,,,,,,,,,,Y,2,0,2,3,A,-,03,22350,,N,C,C,A,A,H,-,A,A,0,,,,,Y,,A,01,1,0,1,0,0,0,0,0,0,"- ","- ",,,SHASTA,UNINCORPORATED,-122.32473858,40.466292850000002
90071715,2015,2015-12-11,9135,2015-12-04,1630,018469,,5,2,9,4500,0,3,5,,2,004,"PANORAMA POINT RD","LONE TREE RD",3696.00,S,N,B,-,N,,,,,,,,,,Y,2,0,1,1,A,-,03,22350,,N,E,I,A,A,H,-,A,D,0,,,Y,,Y,,C,02,1,0,0,0,0,0,0,0,1,"- ","- ",,,SHASTA,UNINCORPORATED,-122.24429019999999,40.406402630000002
90091344,2015,2016-01-08,9135,2015-12-07,1330,012978,,1,1,9,4500,0,3,5,,2,002,"OAK RUN ROAD","OLD 44 DRIVE",4224.00,N,N,B,-,N,,,,,,,,,,Y,1,1,0,1,A,-,01,23152,A,N,E,I,A,B,H,-,A,D,0,,,,,Y,Y,D,22,0,0,0,0,0,0,0,0,0,"- ","- ",40.57837,-122.18265,SHASTA,UNINCORPORATED,-122.18275466,40.578064449999999
90099864,2015,2016-02-18,9135,2015-12-05,1727,018552,,6,2,9,4500,0,3,5,,2,004,"MAIN ST","MUSKET WAY",230.00,N,N,A,-,N,,,,,,,,,,N,1,1,0,2,A,-,08,22107,,F,G,B,F,A,H,-,C,D,0,Y,,,,Y,,A,01,0,0,0,1,0,0,0,0,0,"- ","- ",,,SHASTA,UNINCORPORATED,-122.28080923,40.391961340000002
90110087,2015,2016-02-05,9135,2015-11-20,2325,017956,,5,3,9,4500,0,1,1,,2,053,"I-5 N/B","SR-273 U/C",443.00,S,N,A,-,Y,,,5,,,,,,N,N,1,1,0,2,A,-,05,21202,A,N,C,G,A,A,H,-,D,A,0,,Y,,Y,Y,Y,L,04,0,0,0,0,0,1,0,0,0,"- ","- ",40.429589999999997,-122.28400000000001,SHASTA,UNINCORPORATED,-122.28396351000001,40.429602860000003
90127506,2016,2016-03-02,9135,2016-02-25,1312,16461,,4,1,9,4500,0,1,1,,2,054,"I-5 S/B","SMITH ROAD",1505.00,N,N,A,-,Y,,,,,,,,,,Y,2,0,1,1,A,-,08,22107,,N,E,I,A,A,H,-,A,D,0,,,,,Y,,A,01,1,0,0,0,0,0,0,0,0,"- ","- ",,,SHASTA,UNINCORPORATED,-122.34671244,40.524092930000002
90153853,2016,2016-04-08,9135,2016-03-29,1438,013861,,2,2,9,4500,0,1,3,,1,301,"STATE ROUTE 299 WESTBOUND","HOADLEY PEAKS ROAD",15734.00,E,N,A,-,Y,,,299,,,,,,W,Y,2,0,1,2,A,-,08,22107,,N,D,D,A,A,D,-,A,D,0,,,,Y,Y,,A,07,1,0,0,0,0,0,0,0,0,"- ","- ",40.657580000000003,-122.69916000000001,SHASTA,UNINCORPORATED,-122.6989751,40.65749915
90168139,2016,2016-04-28,9135,2016-04-23,1430,018213,,6,2,9,4500,0,3,5,,2,006,"POTATO BUTTES OHV AREA","FOREST ROUTE 32N20",250.00,W,N,A,-,N,,,,,,,,,,N,2,0,1,1,A,-,03,38305,,N,F,A,A,A,H,-,A,D,0,,,Y,,Y,,C,02,1,0,0,0,0,0,0,0,1,"- ","- ",40.644440000000003,-121.45247000000001,SHASTA,UNINCORPORATED,,
90178361,2016,2016-05-12,9135,2016-05-02,0450,012978,9135,1,3,9,4500,0,1,3,,1,401,SR-44,"MILLVILLE PLAINS RD",5280.00,E,N,A,-,Y,,,44,,,,,,,Y,2,0,1,2,C,-,18,,,N,G,C,A,A,H,-,D,D,0,,,,,Y,,-,"- ",1,0,0,0,0,0,0,0,0,"- ","- ",40.534970000000001,-122.15808,SHASTA,UNINCORPORATED,-122.15804833,40.535061280000001
90183290,2016,2016-05-19,9135,2016-04-01,1825,012142,9135,5,2,9,4500,0,1,3,,2,602,"STATE ROUTE 299 (MAIN ST.)","SHASTA ST.",82.00,E,N,A,-,Y,,,,,,,,,,N,1,1,0,2,A,-,11,21954,A,N,G,B,D,A,H,-,A,D,0,Y,,,,Y,,N,60,0,0,0,1,0,0,0,0,0,"- ","- ",,,SHASTA,UNINCORPORATED,,
90206184,2016,2016-06-28,9146,2016-06-14,2105,017488,,2,2,9,4500,0,1,1,,2,014,"I-5 S/B","SLATE CREEK RD.",623.00,S,N,A,-,Y,,,5,,,,,,S,Y,2,0,2,1,A,-,08,22107,,N,E,I,A,A,H,-,D,D,0,,,,Y,Y,,G,25,1,0,1,0,0,0,0,0,0,"- ","- ",40.97663,-122.43324,SHASTA,UNINCORPORATED,-122.43324819,40.976630120000003
90208174,2016,2016-07-20,9135,2016-06-19,1523,017428,,7,2,9,4500,0,1,3,,2,402,SR-44,"DERSCH RD",0.00,,Y,A,-,Y,,,44,,,,,,,Y,2,0,1,2,A,-,09,21801,A,N,A,C,A,A,H,-,A,D,0,,,Y,,Y,,A,01,1,0,0,0,0,0,0,0,1,"- ","- ",40.514069999999997,-122.03157,SHASTA,UNINCORPORATED,-122.03156706999999,40.514111200000002
90210284,2016,2016-06-27,9135,2016-06-24,0535,013331,,5,3,9,4500,0,1,1,,2,053,"I-5 N/B","RIVERSIDE AVE",1100.00,N,N,A,-,Y,,,,,,,,,,Y,2,0,1,1,A,-,08,22107,,N,E,I,A,A,H,-,A,D,0,,,,,Y,,D,22,1,0,0,0,0,0,0,0,0,"- ","- ",,,SHASTA,UNINCORPORATED,-122.30990138,40.470911379999997
90210437,2016,2016-06-27,9135,2016-05-16,1305,016960,,1,1,2,4501,0,1,1,,2,053,"INTERSTATE 5 SOUTH BOUND","RIVERSIDE AVENUE",441.00,N,N,A,-,Y,,,5,,,,,,,Y,1,2,0,1,A,-,01,23152,A,N,F,I,A,A,H,-,A,D,0,,,,,Y,Y,A,01,0,0,0,0,0,0,0,0,0,"- ","- ",40.468789999999998,-122.30880000000001,SHASTA,ANDERSON,-122.30849855,40.46908431
90212504,2016,2016-06-29,9146,2016-06-27,1730,017488,,1,2,9,4500,0,3,5,,2,003,"SQUAW VALLEY RD.","TARANTULA GULCH SPLIT",2112.00,N,N,A,-,N,,,,,,,,,,Y,2,0,1,1,C,-,18,,,N,F,A,A,A,H,-,A,D,0,,,Y,,Y,,-,"- ",1,0,0,0,0,0,0,0,1,"- ","- ",41.160510000000002,-122.10037,SHASTA,UNINCORPORATED,-122.10027873999999,41.160556370000002