CASE_ID,ACCIDENT_YEAR,PROC_DATE,JURIS,COLLISION_DATE,COLLISION_TIME,OFFICER_ID,REPORTING_DISTRICT,DAY_OF_WEEK,CHP_SHIFT,POPULATION,CNTY_CITY_LOC,SPECIAL_COND,BEAT_TYPE,CHP_BEAT_TYPE,CITY_DIVISION_LAPD,CHP_BEAT_CLASS,BEAT_NUMBER,PRIMARY_RD,SECONDARY_RD,DISTANCE,DIRECTION,INTERSECTION,WEATHER_1,WEATHER_2,STATE_HWY_IND,CALTRANS_COUNTY,CALTRANS_DISTRICT,STATE_ROUTE,ROUTE_SUFFIX,POSTMILE_PREFIX,POSTMILE,LOCATION_TYPE,RAMP_INTERSECTION,SIDE_OF_HWY,TOW_AWAY,COLLISION_SEVERITY,NUMBER_KILLED,NUMBER_INJURED,PARTY_COUNT,PRIMARY_COLL_FACTOR,PCF_CODE_OF_VIOL,PCF_VIOL_CATEGORY,PCF_VIOLATION,PCF_VIOL_SUBSECTION,HIT_AND_RUN,TYPE_OF_COLLISION,MVIW,PED_ACTION,ROAD_SURFACE,ROAD_COND_1,ROAD_COND_2,LIGHTING,CONTROL_DEVICE,CHP_ROAD_TYPE,PEDESTRIAN_ACCIDENT,BICYCLE_ACCIDENT,MOTORCYCLE_ACCIDENT,TRUCK_ACCIDENT,NOT_PRIVATE_PROPERTY,ALCOHOL_INVOLVED,STWD_VEHTYPE_AT_FAULT,CHP_VEHTYPE_AT_FAULT,COUNT_SEVERE_INJ,COUNT_VISIBLE_INJ,COUNT_COMPLAINT_PAIN,COUNT_PED_KILLED,COUNT_PED_INJURED,COUNT_BICYCLIST_KILLED,COUNT_BICYCLIST_INJURED,COUNT_MC_KILLED,COUNT_MC_INJURED,PRIMARY_RAMP,SECONDARY_RAMP,LATITUDE,LONGITUDE,COUNTY,CITY,POINT_X,POINT_Y
90214677,2016,2016-07-01,9135,2016-06-24,1005,015627,,5,1,9,4500,0,3,5,,2,002,SR-299,"BIG BEND RD",1359.00,W,N,A,-,Y,,,,,,,,,,Y,2,0,2,1,A,-,03,22350,,N,E,I,A,A,H,-,A,D,0,,,,,Y,,A,01,1,1,0,0,0,0,0,0,0,"- ","- ",,,SHASTA,UNINCORPORATED,-121.91223316999999,40.865698940000001
90218287,2016,2016-07-07,9135,2016-07-01,1550,16461,,5,2,9,4500,0,3,5,,2,002,"PHILLIPS RD","FRONTIER RD",1056.00,E,N,A,-,N,,,,,,,,,,Y,2,0,1,1,A,-,08,22107,,N,E,I,A,A,H,-,A,D,0,,,,,Y,,A,07,1,0,0,0,0,0,0,0,0,"- ","- ",,,SHASTA,UNINCORPORATED,,
90232895,2016,2016-07-28,9135,2016-07-24,1545,012978,,7,2,9,4500,0,3,5,,2,002,"DRY CREEK ROAD","HONEY WOOD",0.00,,N,A,-,N,,,,,,,,,,Y,2,0,4,2,A,-,03,22350,,N,C,C,A,A,H,-,A,D,0,,,,,Y,,A,01,1,1,2,0,0,0,0,0,0,"- ","- ",,,SHASTA,UNINCORPORATED,-122.2400999,40.641689970000002
90264946,2016,2016-09-09,9135,2016-09-07,0130,016191,,3,3,9,4500,0,3,5,,2,002,"BEAR MOUNTAIN RD.","BERNARD WAY",200.00,E,N,A,-,N,,,,,,,,,,Y,2,0,1,1,A,-,01,23152,A,N,E,I,A,A,H,-,C,D,0,,,,,Y,Y,A,01,1,0,0,0,0,0,0,0,0,"- ","- ",,,SHASTA,UNINCORPORATED,-122.30173307,40.677986930000003
90267374,2016,2016-09-14,9135,2016-09-04,1405,016339,,7,2,9,4500,0,3,5,,2,001,"IRON MOUNTAIN RD",SR-299,790.00,N,N,A,-,N,,,,,,,,,,Y,2,0,1,1,A,-,08,22107,,N,F,A,A,A,H,-,A,D,0,,,Y,,Y,,C,02,1,0,0,0,0,0,0,0,1,"- ","- ",,,SHASTA,UNINCORPORATED,-121.94466479,40.794771439999998
90281195,2016,2016-09-30,9135,2016-09-24,1620,016960,,6,2,9,4500,0,1,3,,1,302,"HAPPY VALLEY ROAD","OLD HAPPY VALLEY ROAD (NORTH)",457.00,S,N,A,-,N,,,,,,,,,,Y,2,0,1,1,C,-,18,,,N,F,I,A,A,H,-,A,A,0,,,,,Y,,-,"- ",1,0,0,0,0,0,0,0,0,"- ","- ",40.411090000000002,-122.4066,SHASTA,UNINCORPORATED,-122.40656005,40.41111051
90297597,2016,2016-10-20,9135,2016-10-11,0815,018250,,2,1,9,4500,0,3,5,,2,002,"BOYLE ROAD","CLOUGH CREEK",345.00,E,N,A,-,N,,,,,,,,,,Y,2,0,2,2,A,-,08,22107,,N,A,C,A,A,H,-,A,D,0,,,,,Y,,A,01,1,0,1,0,0,0,0,0,0,"- ","- ",40.591239999999999,-122.27862,SHASTA,UNINCORPORATED,-122.27863490999999,40.591228430000001
90298100,2016,2016-10-21,9135,2016-10-09,2030,018471,,7,2,9,4500,0,1,3,,1,302,"SR-273 N/B","WHITE HOUSE DRIVE",527.00,N,N,A,-,Y,,,273,,,,,,N,N,2,0,1,2,A,-,05,21202,A,N,H,G,A,A,H,-,D,D,0,,Y,,,Y,,L,04,1,0,0,0,0,0,1,0,0,"- ","- ",40.498989999999999,-122.37228,SHASTA,UNINCORPORATED,-122.37227747999999,40.498993689999999
90307806,2016,2016-10-31,9135,2016-10-30,1726,015363,,7,2,9,4500,0,3,5,,2,004,"CHURN CREEK ROAD","CLOVER RD",528.00,S,N,B,C,Y,,,,,,,,,,Y,2,0,1,1,A,-,03,22350,,N,E,I,A,B,H,-,A,D,0,,,,,Y,Y,D,22,1,0,0,0,0,0,0,0,0,"- ","- ",,,SHASTA,UNINCORPORATED,-122.32413663,40.500560210000003
90313127,2016,2016-11-08,9135,2016-10-30,0215,018890,,7,3,9,4500,0,1,3,,1,201,"OLD ALTURAS ROAD","FALLING LEAF ROAD",2112.00,E,N,B,-,N,,,,,,,,,,Y,2,0,1,1,A,-,01,23152,A,N,F,A,A,B,H,-,D,D,0,,,,,Y,Y,D,22,1,0,0,0,0,0,0,0,0,"- ","- ",,,SHASTA,UNINCORPORATED,-122.27752506,40.61060166
90326976,2016,2016-11-22,9135,2016-11-19,0349,015133,,6,3,9,4500,0,3,5,,2,004,"VICTOR AVENUE","CHURN CREEK ROAD",0.00,,Y,B,C,N,,,,,,,,,,Y,2,0,1,1,A,-,01,23152,A,N,E,J,A,B,H,-,D,A,0,,,,,Y,Y,A,01,1,0,0,0,0,0,0,0,0,"- ","- ",40.534700000000001,-122.33618,SHASTA,UNINCORPORATED,-122.33619994999999,40.534729980000002
90331090,2016,2016-11-28,9135,2016-11-17,1740,018520,,4,2,9,4500,0,1,1,,2,053,"I-5 S/B","DESCHUTES RD",3168.00,S,N,A,-,Y,,,5,,,,,,S,Y,2,0,1,1,A,-,08,22107,,N,F,A,A,A,H,-,D,D,0,,,,,Y,,A,07,1,0,0,0,0,0,0,0,0,"- ","- ",40.411909999999999,-122.28072,SHASTA,UNINCORPORATED,-122.28111505,40.411860400000002
90333511,2016,2016-12-28,9135,2016-09-19,0700,016480,,1,1,9,4500,0,1,3,,1,401,"SR-44 E/B","DESCHUTES RD.",1567.00,W,N,A,-,Y,,,44,,,,,,E,Y,1,1,1,3,A,-,07,21658,A,N,A,C,A,A,H,-,A,D,0,,,,,Y,,A,01,1,0,0,0,0,0,0,0,0,"- ","- ",40.558950000000003,-122.24391,SHASTA,UNINCORPORATED,-122.24387801,40.559046729999999
90336172,2016,2016-12-05,9135,2016-11-26,0100,018890,,6,3,9,4500,0,3,5,,2,002,SR-44,"ALPINE MEADOWS ROAD",0.00,,Y,E,-,Y,,,,,,,,,,Y,2,0,1,2,A,-,11,21950,B,N,G,B,E,B,H,-,D,D,0,Y,,,,Y,Y,N,60,1,0,0,0,1,0,0,0,0,"- ","- ",,,SHASTA,UNINCORPORATED,-121.88280994,40.493089939999997
90341383,2016,2016-12-09,9135,2016-12-04,0200,018890,,7,3,9,4500,0,3,5,,2,004,"MAIN STREET","TREFOIL LANE",300.00,N,N,B,-,N,,,,,,,,,,N,2,0,2,3,A,-,08,22107,,F,G,B,E,A,H,-,C,D,0,Y,,,,Y,Y,D,22,1,1,0,0,2,0,0,0,0,"- ","- ",,,SHASTA,UNINCORPORATED,-122.28075,40.397243760000002
90346779,2016,2016-12-16,9135,2016-10-14,2500,018133,,5,4,9,4500,0,1,3,,1,401,SR-44,"DERSCH RD",0.00,,Y,C,G,Y,,,44,,,,,,,Y,1,1,0,1,A,-,03,22350,,N,E,I,A,B,H,-,C,D,0,,,,,Y,,A,01,0,0,0,0,0,0,0,0,0,"- ","- ",40.514270000000003,-122.03140999999999,SHASTA,UNINCORPORATED,-122.03142201999999,40.514100890000002
90353092,2016,2016-12-27,9135,2016-12-20,1855,017698,,2,2,5,4502,0,3,5,,2,002,"WHITMORE ROAD","BROOKDALE ROAD",1056.00,E,N,A,-,N,,,,,,,,,,Y,2,0,2,1,A,-,01,23152,A,N,E,I,A,A,H,-,D,D,0,,,,,Y,Y,A,01,2,0,0,0,0,0,0,0,0,"- ","- ",,,SHASTA,REDDING,-122.16888064,40.550639949999997
90364336,2017,2017-01-09,9135,2017-01-03,2157,016191,,2,2,9,4500,0,1,1,,2,056,"I-5 S/B","RIVERVIEW DR",7392.00,N,N,C,D,Y,,,,,,,,,,Y,2,0,4,1,A,-,01,23152,A,M,E,I,A,C,H,-,D,D,0,,,,,Y,Y,D,22,1,3,0,0,0,0,0,0,0,"- ","- ",,,SHASTA,UNINCORPORATED,-122.40685402,40.92177006
90364571,2017,2017-02-06,9135,2017-01-06,2245,019030,,5,3,9,4500,0,3,5,,2,002,"CEDRO ROAD","OLD 44 DR",809.00,S,N,B,-,N,,,,,,,,,,Y,2,0,2,1,A,-,01,23152,A,N,E,J,A,A,H,-,D,D,0,,,,,Y,Y,D,22,2,0,0,0,0,0,0,0,0,"- ","- ",40.561970000000002,-122.23591999999999,SHASTA,UNINCORPORATED,-122.23572246000001,40.562027630000003
90392880,2017,2017-04-20,9135,2017-02-10,1810,018890,,5,2,9,4500,0,1,3,,2,402,SR-44,"DEER FLAT RD",2640.00,W,N,D,-,Y,,,,,,,,,,Y,2,0,2,1,A,-,08,22107,,N,E,I,A,C,H,-,D,D,0,,,,,Y,,A,01,1,1,0,0,0,0,0,0,0,"- ","- ",,,SHASTA,UNINCORPORATED,-121.69922754,40.517191250000003
90395000,2017,2017-02-16,9135,2017-02-02,1710,018520,,4,2,5,4502,0,1,3,,2,040,"SR-44 E/B",I-5,528.00,W,N,C,-,Y,,,44,,,,,,E,Y,2,0,2,5,A,-,03,22350,,M,B,C,A,B,H,-,C,D,0,,,,,Y,,A,01,1,0,1,0,0,0,0,0,0,"- ","- ",40.585760000000001,-122.36632,SHASTA,REDDING,-122.36632354,40.585703889999998
90401354,2017,2017-02-28,9135,2017-01-08,1240,016960,,7,1,9,4500,0,1,3,,2,402,"STATE ROUTE 44","GIANT OAKS DRIVE",133.00,E,N,C,-,Y,,,44,,,,,,,Y,1,1,0,1,A,-,08,22107,,N,E,I,A,B,H,-,A,D,0,,,,,Y,,A,01,0,0,0,0,0,0,0,0,0,"- ","- ",40.508620000000001,-122.00957,SHASTA,UNINCORPORATED,-122.00964028999999,40.508518479999999
90402003,2017,2017-02-28,9135,2017-02-23,1800,018471,,4,2,9,4500,0,3,5,,2,002,"BEAR MOUNTAIN RD","CREEK TRAIL",4224.00,E,N,A,-,N,,,,,,,,,,N,2,0,1,1,A,-,01,23152,A,N,F,A,A,A,H,-,D,D,0,,,Y,,Y,Y,C,02,1,0,0,0,0,0,0,0,1,"- ","- ",,,SHASTA,UNINCORPORATED,-122.25628517,40.707577110000003
90404844,2017,2017-07-10,9135,2017-02-18,1510,017956,,6,2,9,4500,0,3,5,,2,003,"GAS POINT ROAD","I-5 S/B",0.00,,Y,B,-,N,,,,,,,,,,Y,2,0,5,2,A,-,12,21453,A,N,D,C,A,A,H,-,A,A,0,,,,,Y,,A,01,2,0,3,0,0,0,0,0,0,"- ","- ",40.38935,-122.25686,SHASTA,UNINCORPORATED,-122.28677094,40.389303939999998
90418344,2017,2017-03-23,9135,2017-03-22,1515,018133,,3,2,9,4500,0,1,3,,1,201,SR-299,"SUGAR PINE CAMP RD.",1000.00,E,N,A,-,Y,,,299,,,,,,,Y,2,0,1,1,A,-,03,22350,,N,E,I,A,B,H,-,A,D,0,,,Y,,Y,,C,02,1,0,0,0,0,0,0,0,1,"- ","- ",40.730089999999997,-122.07643,SHASTA,UNINCORPORATED,-122.07636946,40.730103919999998
90445450,2017,2017-04-28,9135,2017-04-22,1840,018433,,6,2,9,4500,0,3,5,,2,002,"OLD 44 DRIVE","SWEDE CREEK RD",1584.00,E,N,A,-,N,,,,,,,,,,Y,2,0,1,1,A,-,08,22107,,N,E,I,A,A,H,-,A,D,0,,,,,Y,,A,01,1,0,0,0,0,0,0,0,0,"- ","- ",,,SHASTA,UNINCORPORATED,-122.21443966,40.565182659999998
90447347,2017,2017-05-02,9135,2017-04-28,1005,16461,,5,1,9,4500,0,1,3,,1,201,SR-299E,"SUGAR PINE CAMP RD",11088.00,E,N,A,-,Y,,,,,,,,,,Y,2,0,1,2,A,-,08,22107,,N,D,C,A,A,H,-,A,D,0,,,,,Y,,A,01,1,0,0,0,0,0,0,0,0,"- ","- ",,,SHASTA,UNINCORPORATED,-122.07306118,40.73689255
90451191,2017,2017-05-08,9135,2017-05-02,0755,016513,,2,1,9,4500,0,3,5,,2,003,"CLOVERDALE RD","CLOVER MARIE LANE",0.00,,Y,A,-,N,,,,,,,,,,Y,2,0,1,3,A,-,06,21750,,N,A,C,A,A,H,-,A,D,0,,,,,Y,,A,07,1,0,0,0,0,0,0,0,0,"- ","- ",,,SHASTA,UNINCORPORATED,-122.46901990000001,40.473759979999997
90451407,2017,2017-05-08,9135,2017-05-04,1140,018433,,4,1,9,4500,0,3,5,,2,004,"DESCHUTES ROAD","HAWES ROAD",222.00,S,N,A,-,N,,,,,,,,,,Y,2,0,1,1,A,-,08,22107,,N,E,I,A,A,H,-,A,D,0,,,Y,,Y,,C,02,1,0,0,0,0,0,0,0,1,"- ","- ",,,SHASTA,UNINCORPORATED,-122.2700688,40.438697310000002
90452083,2017,2017-05-22,9146,2017-04-25,0840,014814,,2,1,9,4500,0,1,1,,2,013,"I-5 S/B","SIMS ROAD",6864.00,N,N,B,-,Y,,,5,,,,,,S,Y,1,1,0,1,A,-,03,22350,,N,F,A,A,A,H,-,A,A,0,,,,Y,Y,,G,25,0,0,0,0,0,0,0,0,0,"- ","- ",41.090330000000002,-122.35266,SHASTA,UNINCORPORATED,-122.35270581,41.090361010000002
90452187,2017,2017-05-18,9135,2017-03-12,0400,016960,,7,3,9,4500,0,3,5,,2,002,"DESCHUTES ROAD","OLD DESCHUTES ROAD",256.00,N,N,A,-,N,,,,,,,,,,Y,1,1,0,1,A,-,01,23152,A,N,E,I,A,A,H,-,D,D,0,,,,,Y,Y,A,01,0,0,0,0,0,0,0,0,0,"- ","- ",40.593179999999997,-122.23778,SHASTA,UNINCORPORATED,-122.23775111,40.593337599999998
90454982,2017,2017-05-12,9135,2017-05-08,1400,013553,,1,2,9,4500,0,1,3,,2,605,SR-89,SR-299,12672.00,S,N,A,-,Y,,,,,,,,,,Y,2,0,1,1,A,-,08,22107,,N,E,I,A,A,H,-,A,D,0,,,,,Y,,D,22,1,0,0,0,0,0,0,0,0,"- ","- ",,,SHASTA,UNINCORPORATED,-121.58541956000001,40.907408670000002
90465480,2017,2017-05-26,9135,2017-05-24,1920,016424,,3,2,9,4500,0,3,5,,2,004,"CHURN CREEK ROAD","COMMERCIAL WAY",528.00,S,N,A,-,N,,,,,,,,,,Y,2,0,1,1,A,-,08,22107,,N,E,I,A,A,H,-,A,D,0,,,Y,,Y,,C,02,1,0,0,0,0,0,0,0,1,"- ","- ",40.534750000000003,-122.34296000000001,SHASTA,UNINCORPORATED,-122.34289794999999,40.53485345
90482626,2017,2017-06-21,9135,2017-06-15,0930,018433,,4,1,9,4500,0,3,5,,2,001,"ROCK CREEK RD","HOPPY TR",65.00,S,N,A,-,N,,,,,,,,,,N,2,0,1,1,C,-,18,,,N,F,A,A,A,G,-,A,D,0,,Y,,,Y,,-,"- ",1,0,0,0,0,0,1,0,0,"- ","- ",,,SHASTA,UNINCORPORATED,-122.50147217,40.607187930000002
90487612,2017,2017-06-26,9135,2017-06-13,1816,017428,,2,2,9,4500,0,3,5,,2,003,"PLACER RD","THOMPSON LANE",744.00,W,N,A,-,N,,,,,,,,,,Y,2,0,2,2,A,-,08,22107,,N,D,G,A,A,H,-,A,D,0,,Y,,,Y,,L,04,1,1,0,0,0,0,1,0,0,"- ","- ",40.558169999999997,-122.43537000000001,SHASTA,UNINCORPORATED,-122.43556855,40.558066170000004
90492633,2017,2017-07-03,9135,2017-06-24,2115,019030,,6,2,9,4500,0,3,5,,2,002,"FERN RD","BACKACHERS WAY",4752.00,S,N,A,-,N,,,,,,,,,,N,2,0,1,1,A,-,01,23152,A,N,E,I,A,A,H,-,B,D,0,,,Y,,Y,Y,C,02,1,0,0,0,0,0,0,0,1,"- ","- ",40.675579999999997,-121.87837,SHASTA,UNINCORPORATED,-121.89550860999999,40.685845530000002
90496743,2017,2017-07-10,9135,2017-06-28,1830,018520,,3,2,9,4500,0,3,5,,2,003,"HAPPY VALLEY RD","OLINDA RD",43.00,S,N,A,-,N,,,,,,,,,,Y,2,0,1,1,A,-,08,22107,,N,E,I,A,A,H,-,A,D,0,,,,,Y,,A,01,1,0,0,0,0,0,0,0,0,"- ","- ",,,SHASTA,UNINCORPORATED,-122.4076,40.439331930000002
90497094,2017,2017-07-10,9135,2017-05-05,0128,016191,,5,3,9,4500,0,1,1,,2,056,"INTERSTATE 5 SOUTHBOUND","DOG CREEK ROAD",1584.00,N,N,A,-,Y,,,,,,,,,,Y,1,1,0,1,A,-,08,22107,,N,E,I,A,A,H,-,C,D,0,,,,,Y,,A,01,0,0,0,0,0,0,0,0,0,"- ","- ",,,SHASTA,UNINCORPORATED,,
90507566,2017,2017-07-25,9135,2017-07-21,1235,16461,,5,1,9,4500,0,3,5,,2,003,"CLOVERDALE RD","CLEAR CREEK RD",6864.00,S,N,A,-,N,,,,,,,,,,N,2,0,1,1,A,-,08,22107,,N,F,A,A,A,H,-,A,D,0,,,Y,,Y,,C,02,1,0,0,0,0,0,0,0,1,"- ","- ",,,SHASTA,UNINCORPORATED,-122.50053392,40.480177150000003
90513358,2017,2017-07-31,9135,2017-07-28,1630,018890,,5,2,9,4500,0,1,3,,1,302,SR-299,"J F KENNEDY MEMORIAL DR",1584.00,E,N,A,-,Y,,,,,,,,,,Y,2,0,1,1,A,-,08,22107,,N,F,A,A,A,H,-,A,D,0,,,Y,,Y,,C,02,1,0,0,0,0,0,0,0,1,"- ","- ",,,SHASTA,UNINCORPORATED,-122.51699481999999,40.61119368
90514159,2017,2017-08-01,9135,2017-05-12,0415,019680,,5,3,5,4502,0,1,3,,2,601,"STATE ROUTE 299","WOODHILL ROAD",6864.00,W,N,A,-,Y,,,,,,,,,,Y,1,1,0,1,A,-,03,22350,,N,F,A,A,A,H,-,D,D,0,,,,Y,Y,,G,25,0,0,0,0,0,0,0,0,0,"- ","- ",40.845799999999997,-121.90177,SHASTA,REDDING,-121.8934825,40.86446342
90514407,2017,2017-08-01,9135,2017-07-24,1825,017698,,1,2,9,4500,0,3,5,,2,003,"PLATINA ROAD","SHOUP ROAD",127.00,W,N,A,-,N,,,,,,,,,,Y,2,0,1,1,A,-,01,23152,A,N,E,I,A,A,H,-,A,D,0,,,,,Y,Y,D,22,1,0,0,0,0,0,0,0,0,"- ","- ",,,SHASTA,UNINCORPORATED,-122.63578099999999,40.450754330000002
90516604,2017,2017-08-04,9135,2017-07-28,0045,018829,,5,3,9,4500,0,3,5,,2,004,"LAKE MCCUMBER RD","LENWOOD WAY",1214.00,S,N,A,-,N,,,,,,,,,,Y,2,0,1,1,A,-,01,23152,F,N,E,I,A,A,H,-,D,D,0,,,,,Y,,A,01,1,0,0,0,0,0,0,0,0,"- ","- ",40.531610000000001,-121.74386,SHASTA,UNINCORPORATED,-121.74377998999999,40.531683020000003
90517894,2017,2017-08-07,9135,2017-07-31,1450,020361,,1,2,9,4500,0,1,3,,2,604,SR-44,"ESKIMO HILL",3379.00,E,N,A,-,Y,,,,,,,,,,Y,2,0,1,2,A,-,03,22350,,N,D,C,A,A,H,-,A,D,0,,,,,Y,,E,22,1,0,0,0,0,0,0,0,0,"- ","- ",40.570900000000002,-121.57082,SHASTA,UNINCORPORATED,-121.57257958,40.571390620000003
90524605,2017,2017-08-16,9135,2017-07-22,0136,018433,,6,3,9,4500,0,3,5,,2,003,"GAS POINT ROAD","WEST ANDERSON DRIVE",229.00,W,N,A,-,N,,,,,,,,,,Y,1,1,0,1,A,-,08,22107,,N,E,I,A,A,H,-,D,D,0,,,,,Y,,D,22,0,0,0,0,0,0,0,0,0,"- ","- ",40.389809999999997,-122.35135,SHASTA,UNINCORPORATED,-122.35081202000001,40.38968337
90527715,2017,2017-08-21,9135,2017-08-18,1104,016672,,5,1,9,4500,0,1,3,,1,201,"STATE ROUTE 299E W/B","DRY CREEK ROAD",372.00,E,N,A,-,Y,,,,,,,,,,Y,2,0,1,1,A,-,03,22350,,N,F,A,A,A,H,-,A,D,0,,,Y,,Y,,C,02,1,0,0,0,0,0,0,0,1,"- ","- ",,,SHASTA,UNINCORPORATED,-122.23874323,40.638982650000003
90527970,2017,2017-08-22,9135,2017-08-19,1010,16461,,6,1,9,4500,0,1,3,,1,301,"SR-299W  E/B","CRYSTAL CREEK RD",27456.00,W,N,A,-,Y,,,,,,,,,,Y,2,0,1,1,A,-,08,22107,,N,F,A,A,A,H,-,A,D,0,,,Y,,Y,,C,02,1,0,0,0,0,0,0,0,1,"- ","- ",,,SHASTA,UNINCORPORATED,,
90534020,2017,2017-08-25,9135,2017-05-08,0155,017698,,1,3,5,4502,0,1,1,,2,054,"I-5 S/B","HARTNELL AVENUE",380.00,S,N,A,-,Y,,,,,,,,,,N,1,1,0,2,A,-,11,21954,A,N,G,B,E,A,H,-,D,D,0,Y,,,Y,Y,,N,60,0,0,0,1,0,0,0,0,0,"- ","- ",,,SHASTA,REDDING,-122.35891214999999,40.562778909999999
90539862,2017,2017-09-04,9135,2017-09-01,1427,016672,,5,2,9,4500,0,1,1,,2,056,"I-5 SB ON-RAMP FROM O'BRIEN ROAD","I-5 SB O/C",96.00,W,N,A,-,Y,,,,,,,,,,Y,2,0,1,1,A,-,08,22107,,N,F,A,A,A,H,-,A,D,0,,,,Y,Y,,G,25,1,0,0,0,0,0,0,0,0,"- ","- ",,,SHASTA,UNINCORPORATED,,
90541072,2017,2017-09-05,9146,2017-08-27,1825,016333,,7,2,9,4500,0,3,5,,2,003,"CASTLE CREEK ROAD","FOREST SERVICE ROAD 39N25B",3168.00,W,N,A,-,N,,,,,,,,,,N,2,0,1,2,A,-,05,21650,,N,A,C,A,A,H,-,A,D,0,,,Y,,Y,,C,02,1,0,0,0,0,0,0,0,1,"- ","- ",41.154330000000002,-122.38715999999999,SHASTA,UNINCORPORATED,-122.38715886999999,41.154364749999999
90563679,2017,2017-10-05,9135,2017-08-21,2200,017698,,1,3,9,4500,0,3,5,,2,004,"ASH CREEK ROAD","DUIKAR LANE",1584.00,S,N,A,-,N,,,,,,,,,,Y,1,1,1,1,A,-,08,22107,,N,F,A,A,A,H,-,D,D,0,,,Y,,Y,,C,02,1,0,0,0,0,0,0,1,1,"- ","- ",40.447949999999999,-122.11466,SHASTA,UNINCORPORATED,-122.11312561,40.448907200000001
90567187,2017,2017-10-11,9135,2017-09-30,1532,020361,,6,2,9,4500,0,1,3,,2,601,SR-299,"JACK RABBIT FLAT",0.00,,Y,A,-,Y,,,299,,,,,,,Y,2,0,1,1,A,-,09,21801,A,N,E,I,A,A,H,-,A,D,0,,,,,Y,,A,07,1,0,0,0,0,0,0,0,0,"- ","- ",40.873310000000004,-121.68317999999999,SHASTA,UNINCORPORATED,-121.68322854,40.873400070000002
90571899,2017,2017-10-18,9135,2017-10-09,2010,018388,,1,2,9,4500,0,1,3,,1,301,"PALM WAY","HAPPY VALLEY RD",2112.00,W,N,A,-,N,,,,,,,,,,Y,2,0,1,1,A,-,08,22107,,N,E,I,A,A,H,-,D,D,0,,,Y,,Y,,C,02,1,0,0,0,0,0,0,0,1,"- ","- ",40.116480000000003,-122.4156,SHASTA,UNINCORPORATED,-122.41547822,40.446496080000003
90573134,2017,2017-10-18,9135,2017-09-01,2249,018433,,5,3,9,4500,0,3,5,,2,002,"OLD ALTURAS RD","DESCHUTES RD",1056.00,W,N,A,-,N,,,,,,,,,,Y,1,1,0,1,A,-,01,23152,A,N,E,I,A,A,H,-,D,D,0,,,,,Y,Y,A,07,0,0,0,0,0,0,0,0,0,"- ","- ",40.635770000000001,-122.24447000000001,SHASTA,UNINCORPORATED,-122.24398178,40.636368449999999
90573272,2017,2017-10-18,9135,2017-10-08,2500,018021,,7,4,9,4500,0,3,5,,2,003,"MULETOWN RD","PLACER RD",5280.00,N,N,A,-,N,,,,,,,,,,N,2,0,1,1,A,-,03,22350,,N,E,I,A,A,H,-,A,D,0,,,Y,,Y,,C,02,1,0,0,0,0,0,0,0,1,"- ","- ",40.523359999999997,-122.52862,SHASTA,UNINCORPORATED,-122.52878458000001,40.52351041
90590103,2017,2017-11-08,9135,2017-09-04,0513,016960,,1,3,5,4502,0,1,1,,2,054,"INTERSTATE 5 NORTHBOUND","SOUTH BONNYVIEW AVENUE",1498.00,N,N,A,-,Y,,,5,,,,,,N,Y,1,1,3,1,A,-,08,22107,,N,E,I,A,A,H,-,D,A,0,,,,,Y,,A,01,0,2,1,0,0,0,0,0,0,"- ","- ",40.542920000000002,-122.35218,SHASTA,REDDING,-122.35227421,40.542890229999998
90594515,2017,2017-11-15,9146,2017-11-08,0849,015588,,3,1,9,4500,0,1,1,,2,014,"I-5 N/B (GOLDEN STATE FREEWAY)","GIBSON RD.",614.00,S,N,B,C,Y,,,5,,,,,,N,Y,2,0,1,1,A,-,03,22350,,N,E,I,A,B,H,-,A,D,0,,,,,Y,,A,01,1,0,0,0,0,0,0,0,0,"- ","- ",41.023969999999998,-122.39681,SHASTA,UNINCORPORATED,-122.39686707,41.023994180000003
90602673,2017,2017-11-27,9135,2017-11-13,1118,018777,,1,1,9,4500,0,1,3,,1,606,SR-89,"BURNEY FALLS STATE PARK ENTRANCE (LAKE R",1109.00,S,N,C,-,Y,,,89,,,,,,,Y,2,0,2,1,A,-,08,22107,,N,E,I,A,B,H,-,A,D,0,,,,Y,Y,,G,27,1,0,1,0,0,0,0,0,0,"- ","- ",41.015529999999998,-121.64577,SHASTA,UNINCORPORATED,-121.64576266,41.01548038
90619819,2017,2017-12-18,9135,2017-12-14,1725,013331,,4,2,9,4500,0,3,5,,2,003,"HAPPY VALLEY ROAD","CANYON RD",340.00,S,N,A,-,N,,,,,,,,,,N,2,0,1,2,A,-,11,21954,A,N,G,B,D,A,H,-,D,D,0,Y,,,,Y,,N,60,1,0,0,0,1,0,0,0,0,"- ","- ",40.479199999999999,-122.39749999999999,SHASTA,UNINCORPORATED,-122.39752,40.479880000000001
90627266,2017,2017-12-27,9135,2017-12-22,1219,016672,,5,1,5,4502,0,1,1,,2,054,"INTERSTATE 5 N/B","CYPRESS AVE U/C",205.00,N,N,B,-,Y,,,,,,,,,,Y,2,0,1,2,A,-,03,22350,,N,C,C,A,A,H,-,A,D,0,,,,,Y,,A,01,1,0,0,0,0,0,0,0,0,"- ","- ",,,SHASTA,REDDING,-122.36025155999999,40.571612889999997
90628892,2017,2018-01-02,9135,2017-12-07,1343,016672,,4,1,9,4500,0,1,3,,1,301,"STATE ROUTE 299W","ROCK CREEK RD",566.00,E,N,A,-,Y,,,,,,,,,,Y,2,0,2,2,A,-,05,21460,A,N,A,C,A,A,H,-,A,D,0,,,,Y,Y,,F,55,1,1,0,0,0,0,0,0,0,"- ","- ",40.36148,-122.30019,SHASTA,UNINCORPORATED,,