CASE_ID,ACCIDENT_YEAR,PROC_DATE,JURIS,COLLISION_DATE,COLLISION_TIME,OFFICER_ID,REPORTING_DISTRICT,DAY_OF_WEEK,CHP_SHIFT,POPULATION,CNTY_CITY_LOC,SPECIAL_COND,BEAT_TYPE,CHP_BEAT_TYPE,CITY_DIVISION_LAPD,CHP_BEAT_CLASS,BEAT_NUMBER,PRIMARY_RD,SECONDARY_RD,DISTANCE,DIRECTION,INTERSECTION,WEATHER_1,WEATHER_2,STATE_HWY_IND,CALTRANS_COUNTY,CALTRANS_DISTRICT,STATE_ROUTE,ROUTE_SUFFIX,POSTMILE_PREFIX,POSTMILE,LOCATION_TYPE,RAMP_INTERSECTION,SIDE_OF_HWY,TOW_AWAY,COLLISION_SEVERITY,NUMBER_KILLED,NUMBER_INJURED,PARTY_COUNT,PRIMARY_COLL_FACTOR,PCF_CODE_OF_VIOL,PCF_VIOL_CATEGORY,PCF_VIOLATION,PCF_VIOL_SUBSECTION,HIT_AND_RUN,TYPE_OF_COLLISION,MVIW,PED_ACTION,ROAD_SURFACE,ROAD_COND_1,ROAD_COND_2,LIGHTING,CONTROL_DEVICE,CHP_ROAD_TYPE,PEDESTRIAN_ACCIDENT,BICYCLE_ACCIDENT,MOTORCYCLE_ACCIDENT,TRUCK_ACCIDENT,NOT_PRIVATE_PROPERTY,ALCOHOL_INVOLVED,STWD_VEHTYPE_AT_FAULT,CHP_VEHTYPE_AT_FAULT,COUNT_SEVERE_INJ,COUNT_VISIBLE_INJ,COUNT_COMPLAINT_PAIN,COUNT_PED_KILLED,COUNT_PED_INJURED,COUNT_BICYCLIST_KILLED,COUNT_BICYCLIST_INJURED,COUNT_MC_KILLED,COUNT_MC_INJURED,PRIMARY_RAMP,SECONDARY_RAMP,LATITUDE,LONGITUDE,COUNTY,CITY,POINT_X,POINT_Y
90635037,2018,2018-01-08,9135,2018-01-05,1730,018890,,5,2,9,4500,0,3,5,,2,004,"OAK RUN ROAD","LOOKOUT MOUNTAIN ROAD",450.00,S,N,E,-,N,,,,,,,,,,Y,2,0,3,1,A,-,03,22350,,N,E,I,A,B,H,-,D,D,0,,,,,Y,,D,22,1,1,1,0,0,0,0,0,0,"- ","- ",40.715011596679688,-122.03276062011719,SHASTA,UNINCORPORATED,-122.03271484375,40.715049743652344
90664607,2017,2019-01-14,9135,2017-12-15,0420,018890,,5,3,9,4500,0,3,5,,2,004,"BALLS FERRY ROAD","ADOBE ROAD",672.00,E,N,A,-,N,,,,,,,,,,Y,1,1,1,2,A,-,01,23152,A,N,E,I,A,A,H,-,D,D,0,,,,,Y,Y,A,01,1,0,0,0,0,0,0,0,0,"- ","- ",40.40408,-122.2316,SHASTA,UNINCORPORATED,-122.23141291,40.404208709999999
90670386,2018,2018-03-07,9135,2018-02-04,1530,014425,,7,2,9,4500,0,3,5,,2,001,"KESWICK DAM ROAD","QUARTZ HILL ROAD",71.00,W,N,A,-,N,,,,,,,,,,Y,1,2,0,2,A,-,05,21460,A,N,F,A,A,A,H,-,A,D,0,,,Y,,Y,,C,02,0,0,0,0,0,0,0,2,0,"- ","- ",40.616500854492188,-122.42849731445312,SHASTA,UNINCORPORATED,-122.42847442626953,40.616535186767578
90675246,2017,2018-03-07,9135,2017-11-12,0215,013331,,7,3,9,4500,0,1,1,,2,053,"I/5 N/B","SR-273 U/C",0.00,,N,B,-,Y,,,5,,,,,,N,Y,1,1,0,1,A,-,08,22107,,N,F,A,A,A,H,-,D,D,0,,,,,Y,,D,22,0,0,0,0,0,0,0,0,0,"- ","- ",40.4268,-122.283,SHASTA,UNINCORPORATED,-122.28301897,40.426794319999999
90681955,2018,2018-03-14,9135,2018-02-26,1530,018520,,1,2,9,4500,0,3,5,,2,002,"SWEDE CREEK RD","BOYLE LN",75.00,S,N,A,-,N,,,,,,,,,,Y,2,0,1,1,A,-,08,22107,,N,F,A,A,A,H,-,A,D,0,,,,,Y,,A,01,1,0,0,0,0,0,0,0,0,"- ","- ",40.573471069335938,-122.21984100341797,SHASTA,UNINCORPORATED,-122.21989440917969,40.574375152587891
90683155,2018,2018-03-15,9135,2018-03-11,1836,018391,,7,2,9,4500,0,3,5,,2,002,"DESCHUTES RD.","CAPTAINS WAY",3.00,S,N,A,-,N,,,,,,,,,,Y,2,0,1,1,A,-,08,22107,,N,E,I,A,A,H,-,A,D,0,,,Y,,Y,,C,02,1,0,0,0,0,0,0,0,1,"- ","- ",40.596839904785156,-122.23444366455078,SHASTA,UNINCORPORATED,-122.23451232910156,40.596851348876953
90706341,2018,2018-04-16,9135,2018-04-08,1707,017428,,7,2,9,4500,0,3,5,,2,002,"BEAR MOUNTAIN ROAD","FERNIE WAY",35.00,W,N,A,-,N,,,,,,,,,,Y,2,0,1,1,C,-,18,,,N,H,H,A,A,H,-,A,D,0,,,Y,,Y,,-,"- ",1,0,0,0,0,0,0,0,1,"- ","- ",40.676609039306641,-122.30371856689453,SHASTA,UNINCORPORATED,-122.30377960205078,40.67657470703125
90708030,2018,2018-04-18,9135,2018-04-11,0925,016513,,3,1,9,4500,0,1,3,,2,040,SR-44,"BLACK BUTTE RD",1584.00,E,N,B,-,Y,,,,,,,,,,Y,2,0,1,1,A,-,08,22107,,N,E,I,A,A,H,-,A,D,0,,,,,Y,,A,07,1,0,0,0,0,0,0,0,0,"- ","- ",,,SHASTA,UNINCORPORATED,-121.98880767822266,40.501216888427734
90725500,2018,2018-05-14,9135,2018-05-09,0805,016513,,3,1,9,4500,0,1,1,,2,053,"I-5 N/B","KNIGHTON RD",2112.00,S,N,A,-,Y,,,,,,,,,,Y,2,0,2,2,A,-,03,22350,,N,C,C,A,A,H,-,A,D,0,,,,Y,Y,,G,25,1,1,0,0,0,0,0,0,0,"- ","- ",,,SHASTA,UNINCORPORATED,-122.33438110351562,40.500335693359375
90728270,2018,2018-05-17,9135,2018-05-15,2125,016960,,2,2,9,4500,0,1,3,,2,402,"STATE ROUTE 44","100 ROAD",0.00,,N,B,-,Y,,,,,,,,,,Y,2,0,1,1,A,-,01,23152,A,N,E,I,A,A,H,-,D,A,0,,,,,Y,Y,A,07,1,0,0,0,0,0,0,0,0,"- ","- ",40.510169982910156,-122.95010375976562,SHASTA,UNINCORPORATED,,
90740078,2018,2018-06-04,9135,2018-05-26,2100,018890,,6,2,9,4500,0,3,5,,2,002,"INTERMOUNTAIN ROAD","OLD ORCHARD CT.",205.00,N,N,A,-,N,,,,,,,,,,N,2,0,1,2,A,-,01,23152,A,N,D,C,A,A,H,-,B,D,0,,,,,Y,Y,M,96,1,0,0,0,0,0,0,0,0,"- ","- ",40.649658203125,-120.2689208984375,SHASTA,UNINCORPORATED,-122.26882171630859,40.649543762207031
90762929,2018,2018-07-05,9135,2018-06-22,1255,018520,,5,1,9,4500,0,1,3,,2,402,SR-44,"NOBLE TRL",1056.00,E,N,A,-,Y,,,44,,,,,,,Y,2,0,2,1,A,-,08,22107,,N,F,A,A,A,H,-,A,D,0,,,Y,,Y,,C,02,1,1,0,0,0,0,0,0,2,"- ","- ",40.535011291503906,-122.15804290771484,SHASTA,UNINCORPORATED,-122.15802764892578,40.535053253173828
9076956,2019,2020-04-22,4502,2019-09-09,1017,537,R03,1,5,5,4502,0,0,0,,0,003,"SOUTH BONNYVIEW RD","CHURN CREEK RD",289.00,W,N,A,-,N,,,,,,,,,,Y,2,0,1,2,A,-,03,22350,,N,C,C,A,A,H,-,A,A,0,,,,,Y,,D,22,1,0,0,0,0,0,0,0,0,"- ","- ",40.539039611816406,-122.35472869873047,SHASTA,REDDING,-122.34999847412109,40.538265228271484
9076961,2019,2020-04-22,4502,2019-09-12,1421,537,R02,4,5,5,4502,0,0,0,,0,002,"MISTLETOE LN","SOUTH CURB LINE OF MISTLETOE LN",27.00,N,N,A,-,N,,,,,,,,,,N,2,0,1,1,-,-,"- ",,,N,E,I,A,A,H,-,A,A,0,,,,Y,Y,,-,"- ",1,0,0,0,0,0,0,0,0,"- ","- ",40.578239440917969,-122.34883880615234,SHASTA,REDDING,,
9076973,2019,2020-04-22,4502,2019-09-16,1401,149,TRF,1,5,5,4502,0,0,0,,0,004,"CYPRESS AV","PINE ST",0.00,,Y,A,-,N,,,,,,,,,,Y,2,0,2,2,A,-,09,21801,A,N,D,C,A,A,H,-,A,D,0,,,,,Y,,A,07,2,0,0,0,0,0,0,0,0,"- ","- ",,,SHASTA,REDDING,-122.38681793212891,40.576271057128906
90772994,2017,2018-07-19,9135,2017-05-31,1746,19030,,3,2,9,4500,0,1,3,,2,040,"STATE ROUTE 44","SILVER BRIDGE ROAD",2112.00,W,N,A,-,Y,,,44,,,,,,,Y,1,1,0,1,A,-,01,23152,A,N,E,J,A,A,H,-,A,D,0,,,,,Y,Y,A,01,0,0,0,0,0,0,0,0,0,"- ","- ",40.554169999999999,-122.22844000000001,SHASTA,UNINCORPORATED,-122.22844062999999,40.554166559999999
9077403,2019,2020-06-23,4502,2019-10-18,1839,R322,R06,5,5,5,4502,0,0,0,,0,006,"SOUTH ST","CANAL DR",0.00,,Y,A,-,N,,,,,,,,,,Y,2,0,2,2,A,-,01,23152,A,N,D,C,A,A,H,-,C,D,0,,,,,Y,,A,01,1,0,1,0,0,0,0,0,0,"- ","- ",40.579441070556641,-122.37882232666016,SHASTA,REDDING,-122.37879943847656,40.579429626464844
90787127,2018,2018-08-08,9135,2018-07-14,0610,016513,,6,1,9,4500,0,1,1,,2,053,"I-5 N/B","KNIGHTON RD",5280.00,S,N,A,-,Y,,,5,,,,,,N,Y,2,0,1,1,A,-,08,22107,,N,E,I,A,A,H,-,A,D,0,,,,,Y,,A,07,1,0,0,0,0,0,0,0,0,"- ","- ",40.488620758056641,-122.32698822021484,SHASTA,UNINCORPORATED,-122.32673645019531,40.488788604736328
90799200,2018,2018-08-27,9135,2018-04-24,1840,018388,,2,2,9,4500,0,3,5,,2,001,SR-299,"J F KENNEDY MEMORIAL DR",1584.00,E,N,A,-,Y,,,299,,,,,,,Y,1,1,3,1,A,-,01,23152,A,N,E,I,A,A,H,-,A,D,0,,,,,Y,Y,A,01,0,3,0,0,0,0,0,0,0,"- ","- ",40.610931396484375,-122.51654815673828,SHASTA,UNINCORPORATED,-122.51660919189453,40.610862731933594
9080489,2019,2020-04-21,4502,2019-11-02,1349,110,R03,6,5,5,4502,0,0,0,,0,0R3,"AIRPORT RD","RANCHO RD",0.00,,Y,A,-,N,,,,,,,,,,Y,2,0,1,2,A,-,09,21453,C,N,-,J,A,A,H,-,A,A,0,,,Y,Y,Y,,G,26,1,0,0,0,0,0,0,0,1,"- ","- ",,,SHASTA,REDDING,-122.30275726318359,40.534770965576172
9080505,2019,2020-11-30,4502,2019-11-06,1323,R523,R04,3,5,5,4502,0,0,0,,0,004,"RT 273","WESTWOOD AV",79.00,N,N,A,-,Y,SHA,2,273,-,-,12.280,H,-,S,N,2,0,2,3,A,-,01,23152,F,N,C,C,A,A,H,-,A,A,0,,,,,Y,Y,A,01,2,0,0,0,0,0,0,0,0,"- ","- ",40.522991180419922,-122.38240051269531,SHASTA,REDDING,-122.38258361816406,40.523139953613281
9080525,2019,2020-04-22,4502,2019-11-19,2311,JAEGEL14,R04,2,5,5,4502,0,0,0,,0,004,"CEDARS RD","WESTSIDE RD",3.00,S,N,A,-,N,,,,,,,,,,N,2,0,1,2,A,-,05,21650,,N,-,B,A,A,H,-,D,D,0,,Y,,,Y,,L,04,1,0,0,0,0,0,1,0,0,"- ","- ",,,SHASTA,REDDING,-122.38407897949219,40.52880859375
90805266,2018,2018-09-04,9135,2018-08-28,0645,016087,,2,1,9,4500,0,3,5,,2,004,"LOCUST RD.","INDUSTRY RD.",239.00,S,N,A,-,N,,,,,,,,,,Y,2,0,2,2,A,-,05,21460,A,N,A,C,A,A,H,-,A,D,0,,,,Y,Y,,A,01,1,0,1,0,0,0,0,0,0,"- ","- ",40.429580688476562,-122.27342987060547,SHASTA,UNINCORPORATED,-122.27345275878906,40.429534912109375
90808462,2018,2018-09-10,9135,2018-08-29,2330,016790,,3,3,9,4500,0,3,5,,2,002,"WHITMORE RD","WILLIAMS RANCH RD",10560.00,S,N,A,-,N,,,,,,,,,,Y,2,0,2,1,A,-,08,22107,,N,E,I,A,A,H,-,D,D,0,,,,,Y,Y,A,01,1,1,0,0,0,0,0,0,0,"- ","- ",40.615898132324219,-122.03140258789062,SHASTA,UNINCORPORATED,-122.03664398193359,40.611896514892578
90809718,2018,2018-09-11,9135,2018-09-06,1805,16461,,4,2,9,4500,0,1,3,,1,201,SR-299E,"OLD ALTURAS RD",2640.00,E,N,A,-,Y,,,299,,,,,,,Y,2,0,1,3,A,-,08,22107,,N,B,C,A,A,H,-,A,D,0,,,,,Y,,A,01,1,0,0,0,0,0,0,0,0,"- ","- ",40.644649505615234,-122.22572326660156,SHASTA,UNINCORPORATED,-122.22575378417969,40.644695281982422
9081486,2019,2020-05-13,4502,2019-12-20,1956,R0041,R06,5,5,5,4502,0,0,0,,0,006,"EAST ST","BUTTE ST",15.00,S,N,A,-,N,,,,,,,,,,N,2,0,1,2,A,-,10,21950,A,N,G,B,B,A,H,-,C,D,0,Y,,,,Y,,A,01,1,0,0,0,1,0,0,0,0,"- ","- ",,,SHASTA,REDDING,-122.38825225830078,40.584968566894531
90818855,2018,2019-06-25,9135,2018-08-30,1001,015133,,4,1,9,4500,0,1,3,,1,201,SR-299,"FENDERS FERRY RD",701.00,W,N,A,-,Y,,,299,,,,,,,Y,1,1,1,2,A,-,08,22107,,N,A,C,A,A,H,-,A,D,0,,,,,Y,,D,22,0,1,0,0,0,0,0,0,0,"- ","- ",40.821548461914062,-121.93290710449219,SHASTA,UNINCORPORATED,-121.93290710449219,40.821548461914062
90819804,2018,2018-09-24,9135,2018-09-15,1755,018469,,6,2,9,4500,0,1,1,,2,055,SR-299,"DUNN MOODY RD",200.00,E,N,A,-,Y,,,299,,,,,,,Y,2,0,2,1,A,-,08,22107,,N,E,I,A,A,H,-,A,D,0,,,,,Y,,A,01,1,0,1,0,0,0,0,0,0,"- ","- ",40.818008422851562,-121.93557739257812,SHASTA,UNINCORPORATED,-121.93562316894531,40.818042755126953
90819858,2018,2018-09-24,9135,2018-09-18,2030,014425,,2,2,5,4502,0,1,1,,2,054,"I-5 N/B","CYPRESS AVENUE",0.00,,N,A,-,Y,,,5,,,,,,N,N,2,0,1,2,A,-,21,22106,,N,G,B,E,A,H,-,D,D,0,Y,,,,Y,,D,22,1,0,0,0,1,0,0,0,0,"- ","- ",40.554401397705078,-122.35600280761719,SHASTA,REDDING,-122.35591888427734,40.554424285888672
90820477,2018,2018-09-25,9135,2018-09-14,1615,017157,,5,2,9,4500,0,1,3,,2,402,SR-44,"CAMINO VISTA",46.00,W,N,A,-,Y,,,44,,,,,,,Y,2,0,3,2,A,-,09,21804,A,N,D,C,A,A,H,-,A,D,0,,,,,Y,,A,01,1,0,2,0,0,0,0,0,0,"- ","- ",40.513710021972656,-122.02517700195312,SHASTA,UNINCORPORATED,-122.02517700195312,40.51373291015625
90820760,2017,2018-10-02,9135,2017-12-27,2040,016790,,3,2,5,4502,0,1,1,,2,054,"I-5 S/B","CYPRESS AVE",750.00,S,N,A,-,Y,,,5,,,,,,S,N,1,1,0,2,A,-,11,21956,A,N,G,B,E,A,H,-,D,D,0,Y,,,Y,Y,,N,60,0,0,0,1,0,0,0,0,0,"- ","- ",40.568849999999998,-122.36064,SHASTA,REDDING,-122.36061046,40.568852730000003
9082185,2019,2020-04-24,4502,2019-12-19,2159,R185,,4,5,5,4502,0,0,0,,0,007,"OLD OREGON TRL","FRONTIER RD",0.00,,Y,C,-,N,,,,,,,,,,Y,2,0,3,2,A,-,05,21650,,N,A,C,A,B,H,-,D,D,0,,,,,Y,,D,22,2,0,1,0,0,0,0,0,0,"- ","- ",,,SHASTA,REDDING,-122.32489013671875,40.666069030761719
9082213,2019,2020-04-23,4502,2019-12-26,1927,524,R05,4,5,5,4502,0,0,0,,0,005,"COURT ST","PLACER ST",2.00,S,N,A,-,N,,,,,,,,,,Y,2,0,1,1,A,-,01,23152,A,N,E,I,A,A,H,-,C,A,0,,,,,Y,Y,D,22,1,0,0,0,0,0,0,0,0,"- ","- ",40.521171569824219,-122.39488220214844,SHASTA,REDDING,-122.39487457275391,40.581184387207031
9083467,2019,2020-05-20,4502,2019-10-03,1826,538,,4,5,5,4502,0,0,0,,0,001,"DANA DR","HILLTOP DR",0.00,E,N,A,-,N,,,,,,,,,,Y,2,0,3,2,A,-,12,21453,A,N,D,C,A,A,H,-,B,A,0,,,,,Y,,-,"- ",2,0,1,0,0,0,0,0,0,"- ","- ",40.586479187011719,-122.3580322265625,SHASTA,REDDING,-122.35801696777344,40.586479187011719
90838043,2018,2018-10-17,9135,2018-10-11,2100,019680,,4,2,9,4500,0,1,3,,2,601,"HIGHWAY 299     W","WOODHILL DR",2640.00,W,N,A,-,Y,,,,,,,,,,Y,2,0,1,2,A,-,08,22107,,N,A,C,A,A,H,-,D,D,0,,,,,Y,,A,01,1,0,0,0,0,0,0,0,0,"- ","- ",,,SHASTA,UNINCORPORATED,-121.90866851806641,40.865688323974609
90851090,2018,2018-11-01,9135,2018-10-15,0620,012900,,1,1,9,4500,0,3,5,,2,002,"OAK RUN RD","TERI-RAND LN",25872.00,E,N,A,-,N,,,,,,,,,,Y,2,0,1,1,A,-,08,22107,,N,E,I,A,A,H,-,D,D,0,,,,,Y,,A,01,1,0,0,0,0,0,0,0,0,"- ","- ",40.655750274658203,-122.06500244140625,SHASTA,UNINCORPORATED,-122.07465362548828,40.65435791015625
90857518,2018,2018-11-09,9135,2018-09-27,1905,020361,,4,2,9,4500,0,3,5,,2,002,"OAK RUN ROAD","OAK RUN TO FERN ROAD",1584.00,N,N,A,-,N,,,,,,,,,,Y,1,1,0,1,A,-,03,22350,,N,F,A,A,A,H,-,B,A,0,,,Y,,Y,,C,02,0,0,0,0,0,0,0,1,0,"- ","- ",40.689018249511719,-122.04158782958984,SHASTA,UNINCORPORATED,-122.04163360595703,40.689136505126953
90858538,2018,2018-11-13,9135,2018-11-01,1445,016960,,4,2,5,4502,0,1,3,,1,201,"SR-299 E/B TO CHURN CREEK ROAD","CHURN CREEK ROAD OFF RAMP",398.00,E,N,A,-,Y,,,299,,,,R,,E,Y,2,0,1,2,A,-,03,22350,,N,C,C,A,A,H,-,A,A,0,,,Y,,Y,,C,02,1,0,0,0,0,0,0,0,1,"- ","- ",40.613861083984375,-122.352783203125,SHASTA,REDDING,-122.352783203125,40.613861083984375
90859441,2018,2018-11-14,9135,2018-10-18,2105,018391,,4,2,9,4500,0,3,5,,2,003,"RHONDA ROAD","LYNN HART DRIVE",2640.00,S,N,A,-,N,,,,,,,,,,Y,1,1,0,1,A,-,08,22107,,N,E,I,A,A,H,-,D,D,0,,,,,Y,,A,07,0,0,0,0,0,0,0,0,0,"- ","- ",40.413280487060547,-122.282958984375,SHASTA,UNINCORPORATED,-122.28334045410156,40.414272308349609
90862974,2018,2018-11-19,9135,2018-11-16,2330,018174,,5,3,9,4500,0,1,3,,2,402,SR-44,"BOULDER RIDGE TRL",45.00,E,N,A,-,Y,,,,,,,,,,Y,2,0,2,1,A,-,01,23152,A,N,F,A,A,A,H,-,D,D,0,,,,,Y,Y,A,01,1,1,0,0,0,0,0,0,0,"- ","- ",40.509670257568359,-122.95632934570312,SHASTA,UNINCORPORATED,-121.95610809326172,40.509651184082031
90875700,2018,2018-12-05,9135,2018-11-28,1640,019030,,3,2,9,4500,0,3,5,,2,003,"GAS POINT RD","SMALL FARMS DR",483.00,N,N,B,C,N,,,,,,,,,,Y,2,0,2,2,A,-,05,21460,A,N,A,C,A,B,H,-,D,D,0,,,,,Y,,D,22,1,0,1,0,0,0,0,0,0,"- ","- ",40.479019165039062,-122.544677734375,SHASTA,UNINCORPORATED,-122.54495239257812,40.479381561279297
90884615,2018,2018-12-17,9135,2018-12-13,0725,014425,,4,1,9,4500,0,1,3,,1,302,"CLEAR CREEK ROAD","HONEYBEE ROAD",3168.00,E,N,A,-,N,,,,,,,,,,Y,2,0,1,1,A,-,08,22107,,N,F,A,A,A,H,-,A,D,0,,,,,Y,,A,01,1,0,0,0,0,0,0,0,0,"- ","- ",40.501121520996094,-122.43926239013672,SHASTA,UNINCORPORATED,-122.44058990478516,40.500877380371094
90885948,2018,2018-12-19,9135,2018-12-09,1520,019030,,7,2,9,4500,0,1,1,,2,056,"I-5 S/B","DOG CREEK",5280.00,S,N,B,-,Y,,,5,,,,,,S,Y,2,0,3,1,A,-,08,22107,,N,E,I,A,A,H,-,A,D,0,,,,,Y,,D,22,1,0,2,0,0,0,0,0,0,"- ","- ",40.931610107421875,-122.41336822509766,SHASTA,UNINCORPORATED,-122.41312408447266,40.931621551513672
9088724,2020,2020-05-09,4502,2020-01-18,1055,524,R05,6,5,5,4502,0,0,0,,0,005,"SOUTH ST","PINE ST",8.00,E,N,A,-,N,,,,,,,,,,Y,2,0,1,2,A,-,09,21453,C,N,D,C,A,A,H,-,A,A,0,,,Y,,Y,,A,07,1,0,0,0,0,0,0,0,1,"- ","- ",40.581138610839844,-122.38806915283203,SHASTA,REDDING,-122.38802337646484,40.581127166748047
90901008,2018,2019-06-03,9135,2018-10-22,1735,012142,,1,2,9,4500,0,1,3,,2,603,"STATE ROUTE 299","PIT NO 1 POWERHOUSE RD",13728.00,W,N,A,-,Y,,,299,,,,,,,Y,1,1,5,1,A,-,03,22350,,N,E,I,A,A,H,-,A,D,0,,,,,Y,,A,07,2,1,2,0,0,0,0,0,0,"- ","- ",40.983509063720703,-121.53900146484375,SHASTA,UNINCORPORATED,-121.53899383544922,40.983444213867188
90909172,2019,2020-06-26,9135,2019-01-17,1720,016960,,4,2,2,4580,0,1,1,,2,055,"INTERSTATE 5 SOUTHBOUND","STATE ROUTE 151",500.00,S,N,B,-,Y,,,5,,,,,,S,Y,2,0,1,2,A,-,01,23152,F,N,E,I,A,B,H,-,D,A,0,,,,Y,Y,,A,01,1,0,0,0,0,0,0,0,0,"- ","- ",40.67626953125,-122.34992218017578,SHASTA,"SHASTA LAKE",-122.34986114501953,40.676242828369141
90939725,2019,2019-06-25,9135,2019-02-15,2010,018133,,5,2,9,4500,0,3,5,,2,002,"OLD ALTURAS RD","DESCHUTES RD.",2112.00,W,N,B,-,N,,,,,,,,,,Y,1,1,0,1,A,-,01,23152,A,N,F,A,A,A,H,-,D,D,0,,,,,Y,Y,A,01,0,0,0,0,0,0,0,0,0,"- ","- ",40.634601593017578,-122.24455261230469,SHASTA,UNINCORPORATED,-122.24558258056641,40.633869171142578
90946666,2019,2019-03-15,9135,2019-03-08,2015,016960,,5,2,9,4500,0,3,5,,2,002,"DRY CREEK ROAD","HIDDEN VALLEY DRIVE",250.00,S,N,B,C,N,,,,,,,,,,Y,2,0,2,1,A,-,08,22107,,N,F,A,A,B,H,-,D,A,0,,,Y,,Y,Y,C,02,1,1,0,0,0,0,0,0,2,"- ","- ",40.717578887939453,-122.24154663085938,SHASTA,UNINCORPORATED,-122.24152374267578,40.717571258544922
90964252,2019,2019-05-21,9135,2019-03-17,0450,016087,,7,3,9,4500,0,3,5,,2,003,"CHINA GULCH DR.","CANYON RD.",903.00,W,N,A,-,N,,,,,,,,,,Y,1,1,0,1,A,-,01,23152,A,N,E,I,A,A,H,-,D,D,0,,,,,Y,Y,A,01,0,0,0,0,0,0,0,0,0,"- ","- ",40.490558624267578,-122.39842987060547,SHASTA,UNINCORPORATED,-122.39664459228516,40.489452362060547
90977610,2019,2019-04-29,9135,2019-04-19,2000,018777,,5,2,9,4500,0,3,5,,2,006,"SUMMIT LAKE RD","BIG BEND RD",4950.00,E,N,C,-,N,,,,,,,,,,N,2,0,1,1,A,-,08,22107,,N,E,I,A,B,H,-,D,D,0,,,,,Y,,A,07,1,0,0,0,0,0,0,0,0,"- ","- ",41.031150817871094,-121.90550994873047,SHASTA,UNINCORPORATED,-121.905517578125,41.031147003173828
90980380,2019,2019-05-02,9135,2019-04-22,0242,015640,,1,3,9,4500,0,1,1,,2,056,"I-5 N/B","GREGORY CREEK RD",1056.00,N,N,A,-,Y,,,5,,,,,,N,Y,2,0,2,1,A,-,08,22107,,N,E,I,A,A,H,-,D,D,0,,,,,Y,,A,01,1,0,1,0,0,0,0,0,0,"- ","- ",40.87091064453125,-122.36775207519531,SHASTA,UNINCORPORATED,-122.36761474609375,40.871059417724609
90983569,2019,2019-05-07,9135,2019-04-26,1105,014425,,5,1,9,4500,0,1,1,,2,056,"I-5 S/B","FAWNDALE ROAD",4040.00,N,N,A,-,Y,,,5,,,,,,S,Y,2,0,1,1,A,-,08,22107,,N,E,I,A,A,H,-,A,D,0,,,,,Y,,A,01,1,0,0,0,0,0,0,0,0,"- ","- ",40.740631103515625,-122.31416320800781,SHASTA,UNINCORPORATED,-122.31418609619141,40.740638732910156
90984073,2019,2019-05-08,9135,2019-04-30,1650,012142,,2,2,9,4500,0,1,3,,2,602,"STATE ROUTE 299","ELM ST.",261.00,W,N,A,-,Y,,,299,,,,,,,Y,2,0,11,2,A,-,05,21460,A,N,A,C,A,A,H,-,A,D,0,,,,Y,Y,,A,01,1,6,4,0,0,0,0,0,0,"- ","- ",40.877799987792969,-121.67687225341797,SHASTA,UNINCORPORATED,-121.67684173583984,40.877765655517578
90986994,2019,2019-05-13,9135,2019-05-07,1930,018890,,2,2,9,4500,0,3,5,,2,004,"DESCHUTES RD.","HAWES RD.",775.00,W,N,A,-,N,,,,,,,,,,Y,2,0,1,1,A,-,01,23152,G,N,E,I,A,A,H,-,A,D,0,,,,,Y,Y,A,01,1,0,0,0,0,0,0,0,0,"- ","- ",40.439510345458984,-122.27320098876953,SHASTA,UNINCORPORATED,-122.27342987060547,40.439521789550781
90990018,2019,2019-05-16,9135,2019-05-04,2500,018469,,6,4,9,4500,0,1,1,,2,054,"LOWER SPRINGS RD","SWASEY DR",134.00,E,N,A,-,N,,,,,,,,,,N,2,0,1,1,A,-,08,22107,,N,F,A,A,A,H,-,A,D,0,,Y,,,Y,,L,04,1,0,0,0,0,0,1,0,0,"- ","- ",40.566219329833984,-122.47091674804688,SHASTA,UNINCORPORATED,-122.47081756591797,40.566154479980469
90990723,2019,2019-05-17,9135,2019-05-15,1528,018133,,3,2,9,4500,0,1,3,,1,301,SR-299,"LEWISTON TURNPIKE RD",15840.00,W,N,B,C,Y,,,299,,,,,,,Y,2,0,1,2,A,-,03,22350,,N,A,C,A,B,H,-,A,D,0,,,,Y,Y,,A,01,1,0,0,0,0,0,0,0,0,"- ","- ",40.657150268554688,-122.69924163818359,SHASTA,UNINCORPORATED,-122.69921875,40.657131195068359