CASE_ID,ACCIDENT_YEAR,PROC_DATE,JURIS,COLLISION_DATE,COLLISION_TIME,OFFICER_ID,REPORTING_DISTRICT,DAY_OF_WEEK,CHP_SHIFT,POPULATION,CNTY_CITY_LOC,SPECIAL_COND,BEAT_TYPE,CHP_BEAT_TYPE,CITY_DIVISION_LAPD,CHP_BEAT_CLASS,BEAT_NUMBER,PRIMARY_RD,SECONDARY_RD,DISTANCE,DIRECTION,INTERSECTION,WEATHER_1,WEATHER_2,STATE_HWY_IND,CALTRANS_COUNTY,CALTRANS_DISTRICT,STATE_ROUTE,ROUTE_SUFFIX,POSTMILE_PREFIX,POSTMILE,LOCATION_TYPE,RAMP_INTERSECTION,SIDE_OF_HWY,TOW_AWAY,COLLISION_SEVERITY,NUMBER_KILLED,NUMBER_INJURED,PARTY_COUNT,PRIMARY_COLL_FACTOR,PCF_CODE_OF_VIOL,PCF_VIOL_CATEGORY,PCF_VIOLATION,PCF_VIOL_SUBSECTION,HIT_AND_RUN,TYPE_OF_COLLISION,MVIW,PED_ACTION,ROAD_SURFACE,ROAD_COND_1,ROAD_COND_2,LIGHTING,CONTROL_DEVICE,CHP_ROAD_TYPE,PEDESTRIAN_ACCIDENT,BICYCLE_ACCIDENT,MOTORCYCLE_ACCIDENT,TRUCK_ACCIDENT,NOT_PRIVATE_PROPERTY,ALCOHOL_INVOLVED,STWD_VEHTYPE_AT_FAULT,CHP_VEHTYPE_AT_FAULT,COUNT_SEVERE_INJ,COUNT_VISIBLE_INJ,COUNT_COMPLAINT_PAIN,COUNT_PED_KILLED,COUNT_PED_INJURED,COUNT_BICYCLIST_KILLED,COUNT_BICYCLIST_INJURED,COUNT_MC_KILLED,COUNT_MC_INJURED,PRIMARY_RAMP,SECONDARY_RAMP,LATITUDE,LONGITUDE,COUNTY,CITY,POINT_X,POINT_Y
91001037,2019,2019-05-31,9135,2019-05-17,1700,018890,,5,2,9,4500,0,3,5,,2,003,"PLATINA ROAD","GRAVES RANCH ROAD",2640.00,W,N,B,-,N,,,,,,,,,,Y,1,1,0,1,A,-,08,22107,,N,E,I,A,A,H,-,A,D,0,,,,,Y,,M,44,0,0,0,0,0,0,0,0,0,"- ","- ",40.412029266357422,-122.77102661132812,SHASTA,UNINCORPORATED,-122.77124786376953,40.413375854492188
91002140,2019,2019-06-21,9135,2019-05-26,1225,017428,,7,1,9,4500,0,1,3,,1,401,SR-44,"MILLVILLE PLAINS RD",5280.00,E,N,A,-,Y,,,44,,,,,,,Y,2,0,1,2,A,-,03,22350,,N,C,C,A,A,H,-,A,D,0,,,,,Y,,A,01,1,0,0,0,0,0,0,0,0,"- ","- ",40.534709930419922,-122.15088653564453,SHASTA,UNINCORPORATED,-122.15088653564453,40.534671783447266
91019137,2019,2019-06-27,9135,2019-06-18,0428,013355,,2,3,9,4500,0,3,5,,2,006,"CASSEL FALL RIVER ROAD","SHOSHONI LOOP",1584.00,S,N,A,-,N,,,,,,,,,,Y,2,0,1,1,A,-,08,22107,,N,E,I,A,A,H,-,D,D,0,,,,,Y,,A,01,1,0,0,0,0,0,0,0,0,"- ","- ",40.967041015625,-121.43540954589844,SHASTA,UNINCORPORATED,-121.43948364257812,40.957481384277344
91020840,2019,2019-06-28,9135,2019-06-14,2120,019680,,5,2,9,4500,0,1,3,,2,602,SR-299,"ENTERPRISE DR",126.00,W,N,A,-,Y,,,,,,,,,,Y,1,1,1,1,C,-,18,,,N,H,H,A,A,H,-,C,D,0,,,Y,,Y,,-,"- ",1,0,0,0,0,0,0,1,1,"- ","- ",40.532398223876953,-121.39129638671875,SHASTA,UNINCORPORATED,,
91021937,2019,2020-12-25,9135,2019-06-03,1900,019030,,1,2,5,4502,0,1,3,,1,401,"SR-44 E/B","STILLWATER CREEK",813.00,W,N,A,-,Y,,,44,,,,,,E,Y,2,0,3,4,A,-,06,21750,,N,B,C,A,A,H,-,A,D,0,,,,,Y,,A,07,2,1,0,0,0,0,0,0,0,"- ","- ",40.557998657226562,-122.29148864746094,SHASTA,REDDING,-122.29148864746094,40.557987213134766
91022065,2019,2019-07-01,9135,2019-06-30,0645,018469,,7,1,9,4500,0,1,1,,2,053,"HAPPY VALLEY RD","MAJESTIC VIEW DRIVE",106.00,W,N,A,-,N,,,,,,,,,,Y,2,0,1,1,A,-,08,22107,,N,E,I,A,A,H,-,A,D,0,,,,,Y,,D,22,1,0,0,0,0,0,0,0,0,"- ","- ",40.484298706054688,-122.37934875488281,SHASTA,UNINCORPORATED,-122.37940216064453,40.484386444091797
91045598,2019,2019-08-05,9135,2019-07-29,1530,016513,,1,2,9,4500,0,1,3,,2,402,SR-44,"DERSCH RD",3168.00,W,N,A,-,Y,,,,,,,,,,Y,2,0,2,3,A,-,08,22107,,N,A,C,A,A,H,-,A,D,0,,,,,Y,,D,22,1,1,0,0,0,0,0,0,0,"- ","- ",,,SHASTA,UNINCORPORATED,-122.04293060302734,40.515003204345703
91046020,2019,2019-08-06,9135,2019-07-30,1220,019680,,2,1,9,4500,0,1,3,,2,602,"HIGHWAY 299     W","HUDSON ST",10.00,N,N,A,-,Y,,,,,,,,,,Y,2,0,1,1,A,-,08,22107,,N,E,I,A,A,H,-,A,D,0,,,,,Y,,A,01,1,0,0,0,0,0,0,0,0,"- ","- ",37.483570098876953,-122.16795349121094,SHASTA,UNINCORPORATED,,
91051957,2019,2019-08-14,9135,2019-08-03,1841,018021,,6,2,9,4500,0,3,5,,2,001,"WONDERLAND BLVD","GREY ROCK WAY",232.00,S,N,A,-,N,,,,,,,,,,Y,2,0,1,1,A,-,01,23152,A,N,E,I,A,A,H,-,A,D,0,,,,,Y,Y,A,07,1,0,0,0,0,0,0,0,0,"- ","- ",40.725448608398438,-122.32521820068359,SHASTA,UNINCORPORATED,-122.32524108886719,40.725318908691406
91055191,2019,2019-08-20,9135,2019-08-06,1815,018021,,2,2,9,4500,0,3,5,,2,001,"LAKESHORE DR","SHALE LANE",570.00,N,N,A,-,N,,,,,,,,,,Y,2,0,1,1,A,-,01,23152,A,N,E,I,A,A,H,-,A,D,0,,,,,Y,Y,E,22,1,0,0,0,0,0,0,0,0,"- ","- ",40.861961364746094,-122.39668273925781,SHASTA,UNINCORPORATED,-122.39670562744141,40.861831665039062
91058920,2019,2019-08-26,9135,2019-08-11,2030,018021,,7,2,9,4500,0,1,1,,2,056,"I-5 S/B","GILMAN RD",5808.00,S,N,A,-,Y,,,5,,,,,,S,Y,2,0,1,1,A,-,08,22107,,N,E,I,A,A,H,-,A,D,0,,,,,Y,,A,01,1,0,0,0,0,0,0,0,0,"- ","- ",40.835971832275391,-122.32836151123047,SHASTA,UNINCORPORATED,-122.32820129394531,40.835960388183594
91061474,2019,2019-08-28,9135,2019-08-17,1800,019030,,6,2,9,4500,0,3,5,,2,004,"MANTON PONDEROSA WAY","P LINE",792.00,N,N,A,-,N,,,,,,,,,,N,2,0,1,1,A,-,08,22107,,N,E,I,A,A,H,-,A,D,0,,,Y,,Y,,C,02,1,0,0,0,0,0,0,0,1,"- ","- ",40.488021850585938,-121.81778717041016,SHASTA,UNINCORPORATED,-121.81772613525391,40.488052368164062
91061890,2019,2019-12-31,9135,2019-06-26,0735,017157,,3,1,9,4500,0,1,3,,2,402,SR-44,"DERSCH ROAD",31.00,E,N,A,-,Y,,,44,,,,,,,Y,1,1,2,2,A,-,01,23152,A,N,D,C,A,A,H,-,A,A,0,,,,,Y,Y,A,08,1,1,0,0,0,0,0,0,0,"- ","- ",40.51416015625,-122.03150177001953,SHASTA,UNINCORPORATED,-122.03150177001953,40.514106750488281
91071601,2019,2019-09-10,9135,2019-08-09,1448,019101,,5,2,2,4501,0,1,1,,2,053,"I-5 S/B","RIVERSIDE AVE",2640.00,S,N,A,-,Y,,,5,,,,,,S,N,2,0,2,1,C,-,18,,,N,F,A,A,A,H,-,A,D,0,,,Y,,Y,,-,"- ",1,1,0,0,0,0,0,0,2,"- ","- ",40.462600708007812,-122.30223083496094,SHASTA,ANDERSON,-122.30219268798828,40.462635040283203
91071673,2019,2019-09-10,9135,2019-08-31,1225,014516,,6,1,9,4500,0,3,5,,2,002,"ANTLERS RD","LAKESHORE DR",768.00,N,N,A,-,N,,,,,,,,,,Y,2,0,1,1,A,-,08,22107,,N,F,A,A,A,H,-,A,D,0,,,Y,,Y,,C,02,1,0,0,0,0,0,0,0,1,"- ","- ",40.894561767578125,-122.38234710693359,SHASTA,UNINCORPORATED,-122.38471221923828,40.892589569091797
91071699,2019,2019-09-10,9135,2019-08-31,1810,018133,,6,2,9,4500,0,3,5,,2,003,"PLACER RD","SOUTH FORK RD",2640.00,W,N,A,-,N,,,,,,,,,,Y,2,0,1,1,A,-,08,22107,,N,F,A,A,A,H,-,A,D,0,,,,,Y,,A,07,1,0,0,0,0,0,0,0,0,"- ","- ",40.499561309814453,-122.54326629638672,SHASTA,UNINCORPORATED,-122.54170227050781,40.505500793457031
91071739,2019,2019-09-10,9135,2019-09-02,1248,016424,,1,1,9,4500,0,3,5,,2,001,"LAKE BOULEVARD","WILLIAMSON ROAD",0.00,,Y,A,-,N,,,,,,,,,,Y,2,0,2,3,A,-,03,22350,,N,C,C,A,A,H,-,A,D,0,,,Y,,Y,,A,07,1,0,1,0,0,0,0,0,1,"- ","- ",40.652721405029297,-122.39692687988281,SHASTA,UNINCORPORATED,-122.39682006835938,40.652729034423828
91072818,2019,2019-09-11,9135,2019-06-19,1625,16461,,3,2,9,4500,0,1,3,,1,201,SR-299E,"OLD ALTURAS RD",3696.00,E,N,A,-,Y,,,299,,,,,,,Y,1,1,0,2,A,-,01,23152,F,N,C,E,A,A,H,-,A,D,0,,,,Y,Y,,A,01,0,0,0,0,0,0,0,0,0,"- ","- ",40.647968292236328,-122.2215576171875,SHASTA,UNINCORPORATED,-122.22159576416016,40.647998809814453
91090039,2019,2019-10-03,9135,2019-09-24,2151,018777,,2,2,9,4500,0,1,3,,2,601,"SR-299 W/B","299 SHASTA MPM 63.00",343.00,E,N,A,-,N,,,299,,,,,,W,Y,2,0,1,1,A,-,08,22107,,N,E,I,A,A,H,-,D,D,0,,,Y,,Y,,C,02,1,0,0,0,0,0,0,0,1,"- ","- ",40.885810852050781,-121.65740966796875,SHASTA,UNINCORPORATED,-121.6571044921875,40.885532379150391
91096881,2019,2019-10-14,9135,2019-09-29,1300,020361,,7,1,9,4500,0,1,3,,2,040,"SR-44 W/B","LIBERTY ST",858.00,E,N,B,-,Y,,,,,,,,,,N,2,0,1,1,A,-,08,22107,,N,E,I,A,A,H,-,A,D,0,,,Y,,Y,,C,02,1,0,0,0,0,0,0,0,1,"- ","- ",40.586471557617188,-122.38481903076172,SHASTA,UNINCORPORATED,-122.38487243652344,40.586517333984375
91103640,2019,2019-10-23,9135,2019-10-20,1635,018890,,7,2,9,4500,0,3,5,,2,002,"OLD OREGON TRAIL","COLLEGE VIEW DRIVE",0.00,,Y,A,-,N,,,,,,,,,,Y,2,0,2,2,A,-,09,21802,A,N,D,C,A,A,H,-,A,D,0,,,,,Y,,A,01,1,0,1,0,0,0,0,0,0,"- ","- ",40.619678497314453,-122.31855773925781,SHASTA,UNINCORPORATED,-122.31842041015625,40.619228363037109
91128949,2019,2019-11-25,9135,2019-07-28,1007,016480,,7,1,9,4500,0,3,5,,2,002,"WHITMORE RD.","BASIN HOLLOW RD.",528.00,E,N,A,-,N,,,,,,,,,,Y,1,1,3,1,A,-,08,22107,,N,E,I,A,A,H,-,A,D,0,,,,,Y,,A,07,2,1,0,0,0,0,0,0,0,"- ","- ",40.557521820068359,-122.14704895019531,SHASTA,UNINCORPORATED,-122.14923095703125,40.556728363037109
91129805,2019,2019-11-26,9135,2019-08-23,1148,014425,,5,1,9,4500,0,3,5,,2,004,"AIRPORT ROAD","CHARLANNE DRIVE",0.00,,N,A,-,N,,,,,,,,,,Y,1,1,1,2,A,-,09,21804,A,N,C,C,A,A,H,-,A,D,0,,,Y,,Y,,C,02,0,1,0,0,0,0,0,1,0,"- ","- ",40.545368194580078,-122.3028564453125,SHASTA,UNINCORPORATED,-122.30284881591797,40.5460205078125
91135768,2019,2019-12-04,9135,2019-10-02,0723,018890,,3,1,9,4500,0,1,1,,2,053,"INTERSTATE 5 SOUTHBOUND","MAIN STREET",1500.00,N,N,A,-,Y,,,5,,,,,,S,Y,1,1,2,1,A,-,01,23152,F,F,F,A,A,A,H,-,A,D,0,,,,,Y,,A,01,0,1,1,0,0,0,0,0,0,"- ","- ",40.406841278076172,-122.28183746337891,SHASTA,UNINCORPORATED,-122.28105163574219,40.406757354736328
91144990,2019,2019-12-17,9135,2019-12-13,0100,016960,,5,3,9,4500,0,1,3,,1,301,"STATE ROUTE 299","TRINITY COUNTY",13200.00,E,N,B,-,Y,,,299,,,,,,,Y,2,0,1,1,A,-,08,22107,,N,E,I,A,B,H,-,D,A,0,,,,,Y,,A,07,1,0,0,0,0,0,0,0,0,"- ","- ",40.656181335449219,-122.70121765136719,SHASTA,UNINCORPORATED,-122.70121002197266,40.65618896484375
91155800,2019,2019-12-30,9135,2019-08-31,1338,019030,,6,1,9,4500,0,1,3,,1,301,SR-299,"LEWISTON TURNPIKE RD",16368.00,W,N,A,-,Y,,,299,,,,,,,Y,1,1,2,2,A,-,08,22107,,N,A,C,A,A,H,-,A,D,0,,,Y,,Y,,C,02,0,2,0,0,0,0,0,1,0,"- ","- ",40.657020568847656,-122.69940185546875,SHASTA,UNINCORPORATED,-122.69937133789062,40.656986236572266
91155829,2019,2019-12-30,9146,2019-12-24,2041,020647,,2,2,9,4500,0,1,1,,2,013,"I-5 SOUTHBOUND","CASTLE CREEK ROAD",3696.00,N,N,C,-,Y,,,5,,,,,,S,Y,2,0,3,2,C,-,18,,,N,A,C,A,B,H,-,D,D,0,,,,Y,Y,,-,"- ",1,0,2,0,0,0,0,0,0,"- ","- ",41.151229858398438,-122.30368041992188,SHASTA,UNINCORPORATED,-122.30366516113281,41.151371002197266
91155890,2019,2019-12-30,9135,2019-11-16,1002,018777,,6,1,9,4500,0,1,3,,2,605,SR-89,"DOTY ROAD LOOP (NORTH)",345.00,S,N,A,-,Y,,,89,,,,,,,Y,1,1,1,1,A,-,08,22107,,N,E,I,A,A,H,-,A,D,0,,,,,Y,,A,07,0,1,0,0,0,0,0,0,0,"- ","- ",40.829830169677734,-121.51332092285156,SHASTA,UNINCORPORATED,-121.51331329345703,40.829830169677734
91164408,2019,2020-01-13,9135,2019-12-21,1023,016424,,6,1,9,4500,0,1,3,,1,401,"STATE ROUTE-44","STILLWATER ROAD",862.00,W,N,B,-,Y,,,44,,,,,,,Y,1,1,2,3,A,-,05,21460,C,N,B,C,A,A,H,-,A,D,0,,,,,Y,,A,01,0,2,0,0,0,0,0,0,0,"- ","- ",40.559169769287109,-122.27986145019531,SHASTA,UNINCORPORATED,-122.27985382080078,40.559108734130859
91165456,2019,2020-01-14,9135,2019-02-18,1730,018469,,1,2,9,4500,0,1,1,,2,055,"BEAR MOUNTAIN RD","HIDDEN VALLEY DR",920.00,N,N,A,-,N,,,,,,,,,,Y,2,0,2,1,A,-,08,22107,,N,E,I,A,A,H,-,B,D,0,,,,,Y,,D,22,1,0,1,0,0,0,0,0,0,"- ","- ",40.719959259033203,-122.23934936523438,SHASTA,UNINCORPORATED,-122.23914337158203,40.720428466796875
91169276,2020,2020-01-21,9135,2020-01-01,1915,020361,,3,2,9,4500,0,3,5,,2,004,"CHURN CREEK RD","ORCHARD LANE",406.00,N,N,A,-,N,,,,,,,,,,Y,2,0,2,1,A,-,01,23152,A,N,E,I,A,A,H,-,D,D,0,,,,,Y,Y,E,22,2,0,0,0,0,0,0,0,0,"- ","- ",40.52825927734375,-122.33367156982422,SHASTA,UNINCORPORATED,-122.33372497558594,40.528495788574219
91169334,2020,2020-01-21,9135,2020-01-10,2225,018388,,5,3,9,4500,0,1,3,,2,040,SR-44,"DERSCH RD",0.00,,Y,B,C,Y,,,44,,,,,,,Y,2,0,1,1,A,-,01,23152,A,N,E,I,A,B,H,-,D,A,0,,,,,Y,Y,A,08,1,0,0,0,0,0,0,0,0,"- ","- ",40.514179229736328,-122.03163146972656,SHASTA,UNINCORPORATED,-122.03163146972656,40.514114379882812
91180132,2020,2020-02-04,9135,2020-01-30,1555,018133,,4,2,9,4500,0,3,5,,2,004,"NOBLE OAKS DR.","GRAND ESTATES DR.",0.00,,Y,A,-,N,,,,,,,,,,N,2,0,1,1,A,-,03,22350,,N,F,A,A,A,B,-,A,D,0,,,Y,,Y,,C,03,1,0,0,0,0,0,0,0,1,"- ","- ",40.550758361816406,-122.23377227783203,SHASTA,UNINCORPORATED,-122.23379,40.550702000000001
91185457,2019,2020-02-12,9135,2019-11-11,1700,020361,,1,2,5,4502,0,1,3,,2,040,"SR-44 W/B","VICTOR AVE",1954.00,E,N,A,-,Y,,,44,,,,,,W,Y,1,2,0,3,A,-,01,23152,A,N,E,I,A,A,H,-,B,D,0,,,,,Y,Y,A,01,0,0,0,0,0,0,0,0,0,"- ","- ",40.576961517333984,-122.33270263671875,SHASTA,REDDING,-122.33273315429688,40.576896667480469
91200142,2020,2020-03-02,9135,2020-02-22,1705,019111,,6,2,9,4500,0,3,5,,2,003,"TEXAS SPRINGS RD","HONEYBEE RD",0.00,,Y,A,-,N,,,,,,,,,,N,2,0,1,1,A,-,03,22350,,N,F,A,A,A,B,-,B,D,0,,,Y,,Y,,C,02,1,0,0,0,0,0,0,0,1,"- ","- ",40.509140014648438,-122.44695281982422,SHASTA,UNINCORPORATED,-122.44676971435547,40.509029388427734
91200915,2020,2020-03-03,9135,2020-02-27,1825,018133,,4,2,9,4500,0,1,3,,2,402,SR-44,"BRUSH CREEK LANE",165.00,W,N,A,-,Y,,,,,,,,,,Y,2,0,2,1,C,-,18,,,N,H,H,A,A,H,-,D,D,0,,,Y,,Y,,-,"- ",2,0,0,0,0,0,0,0,2,"- ","- ",40.495121002197266,-122.86698150634766,SHASTA,UNINCORPORATED,-121.86688232421875,40.495151519775391
91205299,2020,2020-03-10,9135,2020-03-06,0732,016424,,5,1,9,4500,0,1,3,,2,020,"STATE ROUTE-299",INTERSTATE-5,1584.00,E,N,B,-,Y,,,,,,,,,,Y,2,0,1,1,A,-,08,22107,,N,E,I,A,A,H,-,A,D,0,,,,,Y,,A,07,1,0,0,0,0,0,0,0,0,"- ","- ",40.613491058349609,-122.35745239257812,SHASTA,UNINCORPORATED,-121.43482208251953,41.010860443115234
91214975,2020,2020-03-24,9135,2020-01-03,1350,019101,,5,1,9,4500,0,1,3,,1,201,SR-299,"SUGAR PINE CAMP RD",15840.00,E,N,A,-,Y,,,299,,,,,,,Y,1,1,0,2,A,-,05,21460,A,N,A,C,A,A,H,-,A,D,0,,,,Y,Y,,D,22,0,0,0,0,0,0,0,0,0,"- ","- ",40.746101379394531,-122.06253814697266,SHASTA,UNINCORPORATED,-122.06253814697266,40.746097564697266
91218590,2020,2020-03-30,9135,2020-03-21,1422,019111,,6,2,9,4500,0,3,5,,2,003,"OLINDA ROAD","HAPPY VALLEY ROAD",5808.00,E,N,A,-,N,,,,,,,,,,Y,2,0,1,1,A,-,03,22350,,N,E,I,A,A,H,-,A,D,0,,,Y,,Y,,C,02,1,0,0,0,0,0,0,0,1,"- ","- ",40.439048767089844,-122.38585662841797,SHASTA,UNINCORPORATED,-122.38673400878906,40.439014434814453
91219969,2020,2020-10-05,9135,2020-03-01,0500,016424,,7,3,9,4500,0,1,1,,2,055,"I-5 N/B TO SR-151 W/B","CASCADE BOULEVARD",1056.00,S,N,A,-,Y,,,5,,,,R,,N,Y,1,1,0,1,A,-,01,23152,A,N,E,I,A,A,H,-,D,D,0,,,,,Y,Y,A,01,0,0,0,0,0,0,0,0,0,"- ","- ",40.676860809326172,-122.34803771972656,SHASTA,UNINCORPORATED,-122.34803771972656,40.676860809326172
91230895,2020,2020-04-29,9135,2020-04-17,2325,017428,,5,3,9,4500,0,3,5,,2,002,"OAK RUN RD","GOPHER RUN RD.",1056.00,E,N,A,-,N,,,,,,,,,,Y,2,0,1,1,A,-,01,23152,A,N,E,I,A,A,H,-,D,D,0,,,,,Y,Y,D,22,1,0,0,0,0,0,0,0,0,"- ","- ",40.583690643310547,-122.17878723144531,SHASTA,UNINCORPORATED,,
91231225,2020,2020-05-07,9135,2020-04-17,2059,018174,,5,2,9,4500,0,1,3,,1,401,"SR-44 E/B  (29529 BLOCK)","MILLER RANCH RD",1056.00,E,N,A,-,Y,,,44,,,,,,E,Y,2,0,1,1,A,-,03,22350,,N,E,J,A,A,H,-,D,D,0,,,,,Y,,A,01,1,0,0,0,0,0,0,0,0,"- ","- ",40.509929656982422,-121.95387268066406,SHASTA,UNINCORPORATED,-121.953857421875,40.510082244873047
91232862,2020,2020-05-01,9135,2020-04-25,1634,018133,,6,2,9,4500,0,3,5,,2,001,"ROCK CREEK RD.","IRON MOUNTAIN RD",1584.00,W,N,A,-,N,,,,,,,,,,Y,2,0,1,1,A,-,01,23152,A,N,F,A,A,A,H,-,A,D,0,,,Y,,Y,Y,C,02,1,0,0,0,0,0,0,0,1,"- ","- ",40.621089935302734,-122.46621704101562,SHASTA,UNINCORPORATED,-122.46627807617188,40.621051788330078
91236486,2020,2020-05-12,9135,2020-05-02,0020,017698,,6,3,9,4500,0,1,1,,2,053,"N/B I-5 TO GAS POINT ROAD","GAS POINT ROAD",528.00,S,N,A,-,Y,,,5,,,,R,,,Y,2,0,1,1,A,-,08,22107,,N,E,I,A,A,H,-,C,D,0,,,,,Y,,D,22,1,0,0,0,0,0,0,0,0,"- ","- ",40.388240814208984,-122.28453063964844,SHASTA,UNINCORPORATED,-122.28453063964844,40.388240814208984
91236809,2020,2020-05-12,9135,2020-04-27,1155,016424,,1,1,9,4500,0,3,5,,2,002,"WHITMORE ROAD","FERN ROAD",3696.00,E,N,A,-,N,,,,,,,,,,Y,2,0,2,1,A,-,01,23152,A,N,F,A,A,A,H,-,A,D,0,,,,,Y,Y,A,07,1,1,0,0,0,0,0,0,0,"- ","- ",40.621891021728516,-121.97924041748047,SHASTA,UNINCORPORATED,-121.98009490966797,40.621952056884766
91238807,2020,2020-05-18,9135,2020-05-15,2243,016191,,5,3,9,4500,0,3,5,,2,001,"SR-151 W/B","LAKE BLVD.",1584.00,W,N,A,-,Y,,,151,,,,,,W,N,2,0,1,1,A,-,08,22107,,N,F,A,A,A,H,-,D,D,0,,,Y,,Y,,C,02,1,0,0,0,0,0,0,0,1,"- ","- ",40.690319061279297,-122.41574859619141,SHASTA,UNINCORPORATED,-122.41574859619141,40.690258026123047
91242503,2020,2020-11-02,9135,2020-05-17,1715,019257,,7,2,9,4500,0,1,3,,2,402,"STATE ROUTE 44","ULICA POLSKIE JODLY WAHL PVT",39.00,W,N,C,-,Y,,,,,,,,,,Y,2,0,2,1,A,-,03,22350,,N,E,I,A,B,H,-,A,D,0,,,,,Y,,A,01,1,1,0,0,0,0,0,0,0,"- ","- ",40.305431365966797,-121.48349761962891,SHASTA,UNINCORPORATED,,
91245470,2020,2020-06-01,9135,2020-05-22,1410,020361,,5,2,9,4500,0,1,3,,1,401,SR-44,"BROKEOFF MEADOWS RD",786.00,W,N,A,-,N,,,44,,,,,,,Y,2,0,1,1,A,-,08,22107,,N,E,I,A,A,H,-,A,D,0,,,,,Y,,D,22,1,0,0,0,0,0,0,0,0,"- ","- ",40.518409729003906,-121.68515014648438,SHASTA,UNINCORPORATED,-121.68513488769531,40.518264770507812
91248567,2020,2020-06-08,9135,2020-06-06,2210,019257,,6,3,9,4500,0,3,5,,2,003,"RIVERLAND DRIVE","HAITI DRIVE",970.00,N,N,A,-,N,,,,,,,,,,N,2,0,1,2,A,-,11,21956,A,N,G,B,E,A,H,-,D,D,0,Y,,,,Y,Y,N,60,1,0,0,0,1,0,0,0,0,"- ","- ",40.292091369628906,-122.1939697265625,SHASTA,UNINCORPORATED,-122.32763671875,40.489032745361328
91251196,2020,2020-06-12,9135,2020-06-08,2041,017428,,1,2,5,4502,0,2,S,,2,901,"BUENAVENTURA BLVD.","CAL ORE DR.",20.00,N,N,A,-,N,,,,,,,,,,Y,2,0,2,1,A,-,01,23152,A,N,E,I,A,A,H,-,A,D,0,,,,,Y,Y,A,01,1,0,1,0,0,0,0,0,0,"- ","- ",40.578800201416016,-122.42423248291016,SHASTA,REDDING,-122.42438507080078,40.578750610351562
91253113,2020,2020-06-17,9135,2020-06-14,1030,016424,,7,1,9,4500,0,3,5,,2,002,"OAK RUN TO FERN ROAD","PHILLIPS ROAD",0.00,,Y,A,-,N,,,,,,,,,,N,2,0,1,2,A,-,09,21801,A,N,A,G,A,A,H,-,A,D,0,,Y,,,Y,,D,22,1,0,0,0,0,0,1,0,0,"- ","- ",40.712051391601562,-121.95216369628906,SHASTA,UNINCORPORATED,-121.94504000000001,40.71123
91264488,2020,2020-07-07,9135,2020-07-03,0007,018174,,5,3,9,4500,0,3,5,,2,002,"OLD 44 DR","VIA LINDA DR",1056.00,W,N,A,-,N,,,,,,,,,,Y,2,0,1,1,A,-,08,22107,,N,E,I,A,A,H,-,D,D,0,,,Y,,Y,,C,02,1,0,0,0,0,0,0,0,1,"- ","- ",40.563350677490234,-122.24903106689453,SHASTA,UNINCORPORATED,-122.24903869628906,40.563190460205078
91279435,2020,2020-08-03,9146,2020-07-01,1636,020647,,3,2,9,4500,0,1,1,,2,013,"I-5 N/B NORTH OF SODA CREEK ROAD","SODA CREEK ROAD",2112.00,N,N,A,-,Y,,,5,,,,R,,N,Y,1,1,0,2,A,-,03,22350,,N,C,C,A,A,D,-,A,A,0,,,,,Y,,A,07,0,0,0,0,0,0,0,0,0,"- ","- ",41.1685791015625,-122.29765319824219,SHASTA,UNINCORPORATED,-122.29765319824219,41.1685791015625
91279456,2020,2020-08-03,9135,2020-07-26,1515,019101,,7,2,9,4500,0,1,1,,2,055,"DESCHUTES RD","RUSTIC OAK LN",1584.00,N,N,A,-,N,,,,,,,,,,Y,2,0,1,1,A,-,01,23152,A,N,E,I,A,A,H,-,A,D,0,,,,,Y,Y,D,22,1,0,0,0,0,0,0,0,0,"- ","- ",40.612251281738281,-122.23487854003906,SHASTA,UNINCORPORATED,-122.23429107666016,40.616039276123047
91281182,2020,2020-08-05,9135,2020-07-27,1940,016513,,1,2,9,4500,0,3,5,,2,003,"CHINA GULCH RD","CANYON RD",670.00,W,N,B,-,N,,,,,,,,,,Y,2,0,1,1,A,-,08,22107,,N,E,I,A,A,H,-,A,D,0,,,,,Y,,D,22,1,0,0,0,0,0,0,0,0,"- ","- ",40.490108489990234,-122.39762878417969,SHASTA,UNINCORPORATED,-122.39594268798828,40.489105224609375
91281210,2020,2020-08-05,9135,2020-07-27,1916,014761,,1,2,9,4500,0,1,1,,2,056,"INTERSTATE 5 (SOUTHBOUND)","SLATE CREEK BRIDGE",8448.00,S,N,B,C,Y,,,5,,,,,,,Y,2,0,1,1,A,-,03,22350,,N,F,A,A,B,H,-,A,D,0,,,,Y,Y,,F,26,1,0,0,0,0,0,0,0,0,"- ","- ",40.957500457763672,-122.43563842773438,SHASTA,UNINCORPORATED,-122.43560791015625,40.957515716552734