CASE_ID,ACCIDENT_YEAR,PROC_DATE,JURIS,COLLISION_DATE,COLLISION_TIME,OFFICER_ID,REPORTING_DISTRICT,DAY_OF_WEEK,CHP_SHIFT,POPULATION,CNTY_CITY_LOC,SPECIAL_COND,BEAT_TYPE,CHP_BEAT_TYPE,CITY_DIVISION_LAPD,CHP_BEAT_CLASS,BEAT_NUMBER,PRIMARY_RD,SECONDARY_RD,DISTANCE,DIRECTION,INTERSECTION,WEATHER_1,WEATHER_2,STATE_HWY_IND,CALTRANS_COUNTY,CALTRANS_DISTRICT,STATE_ROUTE,ROUTE_SUFFIX,POSTMILE_PREFIX,POSTMILE,LOCATION_TYPE,RAMP_INTERSECTION,SIDE_OF_HWY,TOW_AWAY,COLLISION_SEVERITY,NUMBER_KILLED,NUMBER_INJURED,PARTY_COUNT,PRIMARY_COLL_FACTOR,PCF_CODE_OF_VIOL,PCF_VIOL_CATEGORY,PCF_VIOLATION,PCF_VIOL_SUBSECTION,HIT_AND_RUN,TYPE_OF_COLLISION,MVIW,PED_ACTION,ROAD_SURFACE,ROAD_COND_1,ROAD_COND_2,LIGHTING,CONTROL_DEVICE,CHP_ROAD_TYPE,PEDESTRIAN_ACCIDENT,BICYCLE_ACCIDENT,MOTORCYCLE_ACCIDENT,TRUCK_ACCIDENT,NOT_PRIVATE_PROPERTY,ALCOHOL_INVOLVED,STWD_VEHTYPE_AT_FAULT,CHP_VEHTYPE_AT_FAULT,COUNT_SEVERE_INJ,COUNT_VISIBLE_INJ,COUNT_COMPLAINT_PAIN,COUNT_PED_KILLED,COUNT_PED_INJURED,COUNT_BICYCLIST_KILLED,COUNT_BICYCLIST_INJURED,COUNT_MC_KILLED,COUNT_MC_INJURED,PRIMARY_RAMP,SECONDARY_RAMP,LATITUDE,LONGITUDE,COUNTY,CITY,POINT_X,POINT_Y
91287013,2020,2020-08-17,9135,2020-08-14,0914,16461,,5,1,9,4500,0,1,3,,2,402,SR-44,"AIRPORT WAY",137.00,W,N,A,-,Y,,,44,,,,,,,Y,2,0,4,4,A,-,03,22350,,N,C,C,A,A,H,-,A,A,0,,,,,Y,,A,01,2,0,2,0,0,0,0,0,0,"- ","- ",40.513431549072266,-121.8131103515625,SHASTA,UNINCORPORATED,-121.8131103515625,40.513427734375
91287361,2020,2020-08-17,9135,2020-07-28,1200,018021,,2,1,9,4500,0,3,5,,2,002,"CHATTERDOWN CREEK","NOSONI CREEK",26400.00,N,N,A,-,N,,,,,,,,,,Y,2,0,1,1,C,-,18,,,N,H,A,A,A,H,-,A,D,0,,,,,Y,,-,"- ",1,0,0,0,0,0,0,0,0,"- ","- ",40.560951232910156,-122.09597015380859,SHASTA,UNINCORPORATED,-122.13417816162109,40.957019805908203
91289395,2020,2020-08-20,9135,2020-08-16,0005,020491,,7,3,9,4500,0,3,5,,2,001,"J F KENNEDY MEMORIAL DR",SR-299,2150.00,S,N,A,-,N,,,,,,,,,,Y,2,0,2,1,A,-,01,23152,A,N,F,A,A,A,H,-,D,D,0,,,Y,,Y,Y,C,02,1,1,0,0,0,0,0,0,2,"- ","- ",40.614200592041016,-122.52290344238281,SHASTA,UNINCORPORATED,-122.52606964111328,40.612979888916016
91289523,2020,2020-08-20,9135,2020-08-17,1305,014761,,1,1,9,4500,0,3,5,,2,004,"RITTS MILL ROAD","THATCHER MILL ROAD",1056.00,S,N,B,C,N,,,,,,,,,,Y,2,0,1,1,A,-,08,22107,,N,E,I,A,B,H,-,A,D,0,,,,,Y,,A,01,1,0,0,0,0,0,0,0,0,"- ","- ",40.543830871582031,-121.73532867431641,SHASTA,UNINCORPORATED,-121.7354736328125,40.543708801269531
91295919,2020,2020-08-31,9135,2020-08-23,0101,017428,,7,3,9,4500,0,3,5,,2,003,"PLATINA RD.","NONO RD",3696.00,E,N,A,-,N,,,,,,,,,,Y,2,0,1,1,A,-,08,22107,,N,E,I,A,A,H,-,D,D,0,,,Y,,Y,,C,02,1,0,0,0,0,0,0,0,1,"- ","- ",40.444721221923828,-122.67980194091797,SHASTA,UNINCORPORATED,-122.67932891845703,40.444419860839844
91303823,2020,2020-09-14,9135,2020-09-06,1820,019101,,7,2,9,4500,0,1,1,,2,055,"PONDEROSA WAY","JOHNSON SPRING RD",1320.00,S,N,A,-,N,,,,,,,,,,N,2,0,1,2,A,-,04,21703,,N,C,C,A,A,H,-,A,D,0,,,Y,,Y,,C,02,1,0,0,0,0,0,0,0,1,"- ","- ",40.600170135498047,-121.85675811767578,SHASTA,UNINCORPORATED,-121.85690307617188,40.600048065185547
91304509,2020,2020-09-14,9135,2020-09-09,1930,016087,,3,2,9,4500,0,3,5,,2,003,SR-36,"SHASTA-TRINITY COUNTY LINE",792.00,E,N,A,-,Y,,,36,,,,,,,Y,2,0,1,1,A,-,03,22350,,N,E,I,A,A,H,-,A,D,0,,,,,Y,,A,01,1,0,0,0,0,0,0,0,0,"- ","- ",40.381130218505859,-123.01207733154297,SHASTA,UNINCORPORATED,-123.01207733154297,40.38116455078125
91308022,2020,2020-09-21,9135,2020-09-13,1845,019111,,7,2,9,4500,0,3,5,,2,002,"SHASTA LAKE SHORELINE","JONES VALLEY MARINA DR",350.00,N,N,A,-,N,,,,,,,,,,N,2,0,1,2,B,-,22,,,N,G,B,F,A,H,-,A,D,0,Y,,Y,,Y,,C,02,1,0,0,0,1,0,0,0,0,"- ","- ",40.732398986816406,-122.22792053222656,SHASTA,UNINCORPORATED,,
91308102,2020,2020-09-21,9135,2020-09-14,1952,018829,,1,2,9,4500,0,3,5,,2,002,"PRIVATE DRIVEWAY OF 7878 LUPINE WAY","SNOWDROP AVE",795.00,E,N,B,-,N,,,,,,,,,,Y,2,0,1,1,A,-,08,22107,,N,E,I,A,A,H,-,D,D,0,,,Y,,Y,,C,06,1,0,0,0,0,0,0,0,1,"- ","- ",40.747440338134766,-122.23325347900391,SHASTA,UNINCORPORATED,,
91313828,2020,2020-09-29,9135,2020-09-18,1104,018777,,5,1,9,4500,0,1,3,,2,601,SR-299,"BIG BEND RD",1360.00,W,N,A,-,Y,,,299,,,,,,,Y,2,0,1,1,A,-,08,22107,,N,E,I,A,A,H,-,A,D,0,,,,,Y,,A,01,1,0,0,0,0,0,0,0,0,"- ","- ",40.865501403808594,-121.91265869140625,SHASTA,UNINCORPORATED,-121.91267395019531,40.86553955078125
91315138,2020,2020-09-30,9135,2020-09-20,2005,017698,,7,2,9,4500,0,3,5,,2,003,"HAPPY VALLEY ROAD","SHAWN DRIVE",150.00,N,N,A,-,N,,,,,,,,,,N,2,0,1,1,A,-,08,22107,,N,E,I,A,A,H,-,D,D,0,,,Y,,Y,,C,02,1,0,0,0,0,0,0,0,1,"- ","- ",40.450328826904297,-122.40251159667969,SHASTA,UNINCORPORATED,-122.40254974365234,40.450393676757812
91317008,2020,2020-10-05,9135,2020-10-01,0305,016960,,4,3,5,4502,0,1,1,,2,054,"INTERSTATE 5 NORTHBOUND","HILLTOP DRIVE OVERCROSSING",3200.00,N,N,A,-,Y,,,5,,,,,,N,Y,2,0,2,1,A,-,01,23152,F,N,E,I,A,A,H,-,D,A,0,,,,,Y,,A,07,2,0,0,0,0,0,0,0,0,"- ","- ",40.604198455810547,-122.36049652099609,SHASTA,REDDING,-122.36061096191406,40.604179382324219
91321846,2020,2021-02-03,9135,2020-07-31,2135,018174,,5,2,5,4502,0,1,3,,2,040,"SR-44 E/B","SUNDIAL BRIDGE DR",739.00,E,N,A,-,Y,,,44,,,,,,E,Y,1,1,0,2,A,-,01,23152,A,N,C,C,A,A,H,-,C,D,0,,,Y,,Y,Y,C,02,0,0,0,0,0,0,0,1,0,"- ","- ",40.586368560791016,-122.37571716308594,SHASTA,REDDING,-122.37571716308594,40.586353302001953
91323100,2020,2020-10-13,9135,2020-07-16,2040,019101,,4,2,9,4500,0,3,5,,2,003,"CHINA GULCH DR","CANYON RD",1056.00,W,N,A,-,N,,,,,,,,,,Y,1,2,0,1,A,-,01,23152,A,N,F,A,A,A,H,-,B,D,0,,,,Y,Y,Y,F,26,0,0,0,0,0,0,0,0,0,"- ","- ",40.490509033203125,-122.39836883544922,SHASTA,UNINCORPORATED,-122.39707946777344,40.489707946777344
91326020,2020,2020-10-19,9135,2020-10-11,1550,019257,,7,2,9,4500,0,3,5,,2,003,"HAPPY VALLEY ROAD","NEWCASTLE DRIVE",64.00,S,N,A,-,N,,,,,,,,,,N,2,0,1,1,A,-,03,22350,,N,F,A,A,A,H,-,A,D,0,,,Y,,Y,,C,02,1,0,0,0,0,0,0,0,1,"- ","- ",40.265758514404297,-122.24282073974609,SHASTA,UNINCORPORATED,-122.40776824951172,40.449268341064453
91330962,2020,2020-11-25,9135,2020-10-04,1206,014425,,7,1,5,4502,0,1,1,,2,054,"I-5 S/B TO KNIGHTON ROAD","KNIGHTON ROAD",89.00,N,N,A,-,Y,,,,,,,,,,N,2,0,1,2,C,-,18,,,N,G,B,E,A,H,-,A,D,0,Y,,,,Y,,-,"- ",1,0,0,0,1,0,0,0,0,"- ","- ",40.50579833984375,-122.33979797363281,SHASTA,REDDING,-122.33832550048828,40.505748748779297
9133747,2020,2020-09-23,4501,2020-07-15,0714,223,A02,3,5,2,4501,0,0,0,,0,002,"NORTH ST","STINGY LN",410.00,W,N,A,-,N,,,,,,,,,,Y,2,0,2,1,A,-,00,23153,F,N,E,I,A,A,H,-,A,D,0,,,,,Y,,A,08,2,0,0,0,0,0,0,0,0,"- ","- ",40.465469360351562,-122.29573059082031,SHASTA,ANDERSON,-122.29573822021484,40.465431213378906
91342218,2020,2020-11-09,9135,2020-11-02,2230,019680,,1,3,9,4500,0,1,3,,2,602,"MISSOURI WAY","GROGAN ST",23.00,W,N,A,-,N,,,,,,,,,,Y,2,0,1,1,A,-,01,23152,A,N,E,I,A,A,H,-,D,D,0,,,,,Y,Y,A,01,1,0,0,0,0,0,0,0,0,"- ","- ",40.877399444580078,-121.66281890869141,SHASTA,UNINCORPORATED,-121.66272735595703,40.877651214599609
91345206,2020,2020-11-13,9146,2020-11-03,1005,015873,,2,1,9,4500,0,1,1,,2,013,"I-5 N/B",SIMS,528.00,N,N,A,-,Y,,,,,,,,,,Y,2,0,1,1,A,-,03,22350,,N,E,I,A,A,H,-,A,D,0,,,Y,,Y,,C,02,1,0,0,0,0,0,0,0,1,"- ","- ",,,SHASTA,UNINCORPORATED,-122.35720062255859,41.073116302490234
91353529,2020,2020-11-25,9146,2020-11-13,0600,019711,,5,1,9,4500,0,1,1,,2,014,"SLATE CREEK RD","I-5 N/B",188.00,E,N,C,-,N,,,,,,,,,,N,2,0,1,3,A,-,08,22107,,N,G,B,F,B,G,-,D,D,0,Y,,,Y,Y,,G,25,1,0,0,0,1,0,0,0,0,"- ","- ",40.979228973388672,-122.43115997314453,SHASTA,UNINCORPORATED,,
91354354,2020,2020-11-26,9135,2020-10-23,1731,017428,,5,2,9,4500,0,1,3,,1,201,SR-299,"DU BOIS RD",1584.00,W,N,A,-,Y,,,,,,,,,,Y,2,0,2,2,A,-,05,21460,A,N,A,C,A,A,H,-,A,D,0,,,,,Y,,D,22,1,1,0,0,0,0,0,0,0,"- ","- ",40.450759887695312,-122.02516174316406,SHASTA,UNINCORPORATED,-122.04094696044922,40.751132965087891
91356174,2020,2020-12-01,9135,2020-11-22,1837,017698,,7,2,9,4500,0,3,5,,2,004,"DERSCH ROAD","CLEAR VIEW ROAD",300.00,E,N,B,-,N,,,,,,,,,,Y,2,0,1,1,C,-,18,,,N,H,H,A,A,H,-,D,D,0,,,Y,,Y,,-,"- ",1,0,0,0,0,0,0,0,1,"- ","- ",40.480430603027344,-122.26351928710938,SHASTA,UNINCORPORATED,-122.26598358154297,40.480411529541016
91360213,2020,2020-12-07,9135,2020-12-06,0840,016672,,7,1,9,4500,0,3,5,,2,002,"OLD 44 DRIVE","STILLWATER ROAD",1848.00,E,N,A,-,N,,,,,,,,,,Y,2,0,1,1,A,-,08,22107,,N,E,I,A,A,H,-,A,D,0,,,,,Y,,A,01,1,0,0,0,0,0,0,0,0,"- ","- ",40.564060211181641,-122.2696533203125,SHASTA,UNINCORPORATED,-122.27021789550781,40.563861846923828
91379440,2020,2021-01-04,9135,2020-12-12,1800,019101,,6,2,5,4502,0,1,S,,2,901,SR-299,"HALEAKALA AVE",0.00,,Y,A,-,Y,,,299,,,,,,,N,2,0,1,2,A,-,09,21802,A,N,D,G,A,A,H,-,D,A,0,,Y,,,Y,,L,04,1,0,0,0,0,0,1,0,0,"- ","- ",40.583671569824219,-122.44026947021484,SHASTA,REDDING,-122.44026947021484,40.583656311035156
91384654,2021,2021-01-11,9135,2021-01-09,0825,018777,,6,1,9,4500,0,1,3,,2,601,SR-299,"BUNCH GRASS LOOKOUT RD",415.00,E,N,B,-,Y,,,,,,,,,,N,2,0,1,1,A,-,08,22107,,N,E,I,A,C,H,-,A,D,0,,,,,Y,,A,07,1,0,0,0,0,0,0,0,0,"- ","- ",40.852428436279297,-121.75341796875,SHASTA,UNINCORPORATED,-121.76109313964844,40.852325439453125
91401959,2021,2021-02-03,9135,2021-01-19,1344,018890,,2,1,5,4502,0,1,3,,2,040,"SR-44 W/B TO SUNDIAL BRIDGE DRIVE","SUNDIAL BRIDGE DRIVE",210.00,E,N,A,G,Y,,,44,,,,R,,W,Y,2,0,1,2,C,-,18,,,N,C,C,A,A,H,-,A,D,0,,,,,Y,Y,-,"- ",1,0,0,0,0,0,0,0,0,"- ","- ",40.587009429931641,-122.37760162353516,SHASTA,REDDING,-122.37760162353516,40.587009429931641
91413086,2021,2021-02-22,9135,2021-02-10,1910,017698,,3,2,9,4500,0,3,5,,2,003,"GAS POINT ROAD","MARSHA WAY",62.00,N,N,A,-,N,,,,,,,,,,Y,2,0,2,2,A,-,01,23152,A,N,A,C,A,A,H,-,D,D,0,,,Y,,Y,Y,A,07,2,0,0,0,0,0,0,0,2,"- ","- ",40.467800140380859,-122.54135894775391,SHASTA,UNINCORPORATED,-122.54129791259766,40.467796325683594
91416863,2021,2021-02-26,9135,2021-02-18,2238,017428,,4,3,9,4500,0,1,3,,1,201,SR-299,"KAWLIGA LN",395.00,W,N,B,C,Y,,,299,,,,,,,Y,2,0,2,1,A,-,08,22107,,N,E,I,A,B,H,-,D,D,0,,,,,Y,,D,22,1,0,1,0,0,0,0,0,0,"- ","- ",40.639720916748047,-122.23412322998047,SHASTA,UNINCORPORATED,-122.23414611816406,40.639789581298828
91418874,2020,2021-03-02,9135,2020-10-02,0330,018388,,5,3,9,4500,0,3,5,,2,003,"OLINDA RD","HAMMER LN",640.00,E,N,A,-,N,,,,,,,,,,Y,1,1,0,1,A,-,01,23152,F,N,E,I,A,A,H,-,D,D,0,,,,,Y,,A,01,0,0,0,0,0,0,0,0,0,"- ","- ",40.439041137695312,-122.38575744628906,SHASTA,UNINCORPORATED,-122.38558959960938,40.439109802246094
91422237,2021,2021-03-08,9135,2021-03-04,2500,16461,,4,4,9,4500,0,3,5,,2,001,"O'BRIEN RD","I-5 S/B",3168.00,W,N,A,-,N,,,,,,,,,,Y,2,0,1,1,A,-,08,22107,,N,E,I,A,A,H,-,D,D,0,,,,,Y,,A,01,1,0,0,0,0,0,0,0,0,"- ","- ",40.814670562744141,-122.32829284667969,SHASTA,UNINCORPORATED,,
91424562,2020,2021-03-10,9135,2020-10-04,2033,019101,,7,2,9,4500,0,3,5,,2,003,"EASTSIDE RD","LATONA RD",2650.00,N,N,A,-,N,,,,,,,,,,N,1,1,0,2,A,-,11,21956,,N,G,B,E,A,H,-,D,D,0,Y,,,,Y,,N,60,0,0,0,1,0,0,0,0,0,"- ","- ",40.486419677734375,-122.35307312011719,SHASTA,UNINCORPORATED,-122.35300445556641,40.486385345458984
91426898,2021,2021-03-15,9135,2021-03-10,1018,017855,,3,1,9,4500,0,1,3,,1,302,"SR-273 S/B","HAPPY VALLEY ROAD",0.00,,Y,B,C,Y,,,273,,,,,,S,Y,2,0,1,3,A,-,03,22350,,N,D,C,A,B,H,-,A,A,0,,,,,Y,,A,01,1,0,0,0,0,0,0,0,0,"- ","- ",40.494438171386719,-122.36598205566406,SHASTA,UNINCORPORATED,-122.365966796875,40.494461059570312
91426929,2021,2021-03-15,9135,2021-03-13,1400,019101,,6,2,9,4500,0,3,5,,2,003,"ARCHER RD","SOUTH FORK RD",0.00,,Y,A,-,N,,,,,,,,,,N,2,0,1,1,A,-,01,23152,A,F,E,I,A,A,H,-,A,D,0,,,,,Y,Y,A,01,1,0,0,0,0,0,0,0,0,"- ","- ",40.50115966796875,-122.57170104980469,SHASTA,UNINCORPORATED,-122.57167816162109,40.501243591308594
91430511,2021,2021-03-18,9135,2021-03-16,1130,018890,,2,1,9,4500,0,1,3,,1,401,SR-44,"FLINT RDGE RD.",130.00,E,N,A,-,Y,,,44,,,,,,,Y,2,0,2,2,A,-,09,21801,A,N,A,C,A,A,H,-,A,D,0,,,,,Y,,D,22,1,1,0,0,0,0,0,0,0,"- ","- ",40.515121459960938,-122.07382965087891,SHASTA,UNINCORPORATED,-122.07382965087891,40.515125274658203
91431958,2021,2021-03-22,9135,2021-03-13,1425,017956,,6,2,2,4580,0,1,1,,2,055,"I-5 S/B","OLD OREGON TRL",5808.00,S,N,A,-,Y,,,5,,,,,,S,Y,2,0,1,1,A,-,01,23152,A,N,E,I,A,A,H,-,A,A,0,,,,,Y,Y,A,01,1,0,0,0,0,0,0,0,0,"- ","- ",40.688800811767578,-122.34590148925781,SHASTA,"SHASTA LAKE",-122.34597015380859,40.688819885253906
91443152,2021,2021-04-05,9135,2021-04-01,2203,018552,,4,3,9,4500,0,3,5,,2,003,"6596 RIVERLAND DRIVE","RIVERLAND DRIVE",847.00,S,N,A,-,N,,,,,,,,,,Y,2,0,1,1,A,-,01,23152,A,N,E,I,A,A,H,-,C,D,0,,,,,Y,Y,A,01,1,0,0,0,0,0,0,0,0,"- ","- ",40.477588653564453,-122.31735229492188,SHASTA,UNINCORPORATED,,
91446018,2021,2021-04-08,9135,2021-04-03,2000,019680,,6,2,9,4500,0,1,3,,2,602,"MOUNTAIN VIEW RD","HUDSON ST",110.00,E,N,A,-,N,,,,,,,,,,N,2,0,1,2,A,-,11,21956,,F,G,B,E,A,H,-,C,D,0,Y,,,,Y,,-,99,1,0,0,0,1,0,0,0,0,"- ","- ",41.568470001220703,-121.45870971679688,SHASTA,UNINCORPORATED,-121.66128540039062,40.882671356201172
91446156,2021,2021-04-08,9135,2021-03-17,0414,016960,,3,3,9,4500,0,1,1,,2,053,"INTERSTATE 5 SOUTHBOUND","KNIGHTON ROAD",7920.00,S,N,A,-,Y,,,5,,,,,,S,Y,1,2,0,1,A,-,08,22107,,N,E,I,A,A,H,-,D,D,0,,,,,Y,,A,01,0,0,0,0,0,0,0,0,0,"- ","- ",40.485298156738281,-122.32459259033203,SHASTA,UNINCORPORATED,-122.32447052001953,40.485416412353516
91450203,2021,2021-04-14,9135,2021-04-11,0157,018174,,7,3,5,4502,0,1,3,,2,020,"SR-299 W/B","CHURN CREEK RD",1848.00,E,N,A,-,Y,,,299,,,,,,W,Y,2,0,2,1,A,-,08,22107,,N,E,I,A,A,H,-,D,D,0,,,,,Y,,A,08,2,0,0,0,0,0,0,0,0,"- ","- ",40.616130828857422,-122.34284210205078,SHASTA,REDDING,-122.34282684326172,40.616065979003906
91452105,2021,2021-04-16,9135,2021-04-11,0030,016960,,7,3,9,4500,0,3,5,,2,002,"BOYLE ROAD","BELLA CEDRO LANE",150.00,E,N,A,-,N,,,,,,,,,,Y,2,0,1,1,A,-,01,23152,A,N,E,I,A,A,H,-,D,D,0,,,,,Y,Y,A,01,1,0,0,0,0,0,0,0,0,"- ","- ",40.591499328613281,-122.27590179443359,SHASTA,UNINCORPORATED,-122.279433,40.591509000000002
91459403,2021,2021-09-08,9135,2021-03-11,1740,019680,,4,2,9,4500,0,1,3,,2,604,"STATE ROUTE 44","BRIDGE CREEK RD",206.00,E,N,A,-,Y,,,44,,,,,,,Y,1,2,0,2,A,-,05,21460,A,N,A,C,A,C,H,-,A,D,0,,,,,Y,,A,01,0,0,0,0,0,0,0,0,0,"- ","- ",40.573970794677734,-121.57041168212891,SHASTA,UNINCORPORATED,-121.57039642333984,40.573963165283203
91463493,2021,2021-05-27,9135,2021-04-24,1300,020361,,6,1,9,4500,0,3,5,,2,004,"DESCHUTES ROAD","LYNN HART LANE",1721.00,S,N,A,-,N,,,,,,,,,,N,2,0,1,1,A,-,08,22107,,N,F,A,A,A,H,-,A,D,0,,,Y,,Y,,C,02,1,0,0,0,0,0,0,0,1,"- ","- ",40.416568756103516,-122.28383636474609,SHASTA,UNINCORPORATED,,
91467939,2021,2021-05-12,9135,2021-01-23,0030,020361,,6,3,9,4500,0,1,1,,2,053,"I-5 S/B","KNIGHTON RD",1455.00,S,N,A,-,Y,,,5,,,,,,S,Y,1,1,0,1,A,-,01,23152,A,N,E,I,A,A,H,-,C,D,0,,,,,Y,Y,A,07,0,0,0,0,0,0,0,0,0,"- ","- ",40.501899719238281,-122.33599090576172,SHASTA,UNINCORPORATED,-122.33588409423828,40.501972198486328
91470285,2021,2021-05-27,9135,2021-05-04,2240,018388,,2,3,9,4500,0,3,5,,2,004,"GRAND ESTATES","DESCHUTES RD",960.00,E,N,A,-,N,,,,,,,,,,N,2,0,1,1,A,-,01,23152,A,N,E,I,A,A,H,-,D,D,0,,,,,Y,Y,A,01,1,0,0,0,0,0,0,0,0,"- ","- ",40.549388885498047,-122.23478698730469,SHASTA,UNINCORPORATED,-122.23489379882812,40.549453735351562
91471461,2021,2021-05-27,9135,2021-05-06,1730,019680,,4,2,9,4500,0,1,3,,2,601,"COVE RD.","BIG BEND RD.",300.00,S,N,A,-,N,,,,,,,,,,N,2,0,1,1,A,-,08,22107,,N,E,I,A,A,H,-,A,D,0,,,Y,,Y,,C,06,1,0,0,0,0,0,0,0,1,"- ","- ",41.365699768066406,-121.54891967773438,SHASTA,UNINCORPORATED,-121.94758605957031,40.932479858398438
91480467,2021,2021-05-24,9135,2021-03-11,2233,019680,,4,3,9,4500,0,1,3,,2,602,"STATE HIGHWAY 299","HUDSON ST",174.00,W,N,A,-,Y,,,,,,,,,,N,1,1,0,2,A,-,11,21954,A,F,G,B,D,A,H,-,D,D,0,Y,,,,Y,,N,60,0,0,0,1,0,0,0,0,0,"- ","- ",41.789539337158203,-121.85478210449219,SHASTA,UNINCORPORATED,-121.66218566894531,40.882251739501953
91490880,2021,2021-06-07,9135,2021-06-03,1456,019111,,4,2,5,4502,0,1,1,,2,054,"I-5 N/B","CYPRESS AVE",3696.00,N,N,A,-,Y,,,5,,,,,,N,Y,2,0,1,1,A,-,01,23152,A,N,E,I,A,A,H,-,A,D,0,,,,,Y,Y,A,07,1,0,0,0,0,0,0,0,0,"- ","- ",40.581249237060547,-122.36042785644531,SHASTA,REDDING,-122.36037445068359,40.581253051757812
91494185,2021,2021-10-26,9135,2021-05-25,1100,016087,,2,1,9,4500,0,3,5,,2,004,"GAS POINT RD.","HAPPY VALLEY RD.",1584.00,E,N,A,-,N,,,,,,,,,,N,1,1,0,2,A,-,06,21760,C,F,C,G,A,A,H,-,A,D,0,,Y,,,Y,,D,22,0,0,0,0,0,1,0,0,0,"- ","- ",40.388660430908203,-122.39990234375,SHASTA,UNINCORPORATED,-122.401123046875,40.388648986816406
9149495,2020,2020-09-23,4500,2020-02-13,1746,341,53B,4,5,2,4580,0,0,0,,0,S3B,"RT 151","MEDIAN AV",0.00,,Y,A,-,Y,SHA,2,151,-,-,6.110,I,5,E,N,2,0,1,2,A,-,03,22350,,N,G,B,B,A,H,-,B,A,0,Y,,,,Y,,A,01,1,0,0,0,1,0,0,0,0,"- ","- ",40.680301666259766,-122.36473083496094,SHASTA,"SHASTA LAKE",-122.36360931396484,40.680416107177734
91496051,2021,2021-06-14,9135,2021-06-09,2030,018829,,3,2,9,4500,0,1,3,,1,201,SR-299,"SUB STATION ROAD",220.00,E,N,B,-,Y,,,299,,,,,,,Y,2,0,2,1,A,-,08,22107,,N,E,I,A,A,H,-,B,D,0,,,,,Y,,A,01,1,0,1,0,0,0,0,0,0,"- ","- ",40.8060302734375,-121.94016265869141,SHASTA,UNINCORPORATED,-121.94023895263672,40.8060302734375
91503769,2021,2021-06-23,9135,2021-06-14,0805,016480,,1,1,9,4500,0,1,3,,1,301,"SR-299 W/B","HOADLEY PEAKS RD.",7550.00,E,N,A,-,Y,,,299,,,,,,W,Y,2,0,2,2,A,-,05,21651,A,N,A,C,A,A,H,-,A,D,0,,,Y,,Y,,A,07,1,0,1,0,0,0,0,0,1,"- ","- ",40.653759002685547,-122.70768737792969,SHASTA,UNINCORPORATED,-122.70803833007812,40.653575897216797
91518112,2021,2021-07-12,9135,2021-07-09,2130,018174,,5,2,9,4500,0,3,5,,2,001,"LAKESHORE DR","RIVERVIEW DR",528.00,S,N,A,-,N,,,,,,,,,,Y,2,0,1,1,A,-,08,22107,,N,E,I,A,A,H,-,D,D,0,,,Y,,Y,Y,C,02,1,0,0,0,0,0,0,0,1,"- ","- ",40.908729553222656,-122.23085784912109,SHASTA,UNINCORPORATED,-122.38568878173828,40.908901214599609
91524791,2021,2021-07-20,9146,2021-07-09,1910,017955,,5,2,9,4500,0,1,1,,2,014,"I-5 N/B","GIBSON RD. UNDER-CROSSING",92.00,N,N,A,-,Y,,,5,,,,,,N,N,2,0,1,1,A,-,01,23152,A,N,F,A,A,A,H,-,A,D,0,,,Y,,Y,Y,C,02,1,0,0,0,0,0,0,0,1,"- ","- ",41.019859313964844,-122.40097808837891,SHASTA,UNINCORPORATED,-122.40095520019531,41.019832611083984
91530463,2021,2021-07-28,9135,2021-07-19,1543,018837,,1,2,9,4500,0,3,5,,2,003,"SOUTH SHORE DR","PAIGE BAR RD",0.00,,Y,A,-,N,,,,,,,,,,Y,2,0,1,2,A,-,05,21650,,N,A,C,A,A,H,-,A,D,0,,,Y,,Y,,C,02,1,0,0,0,0,0,0,0,1,"- ","- ",40.600189208984375,-122.53536224365234,SHASTA,UNINCORPORATED,-122.53507995605469,40.600269317626953
91542255,2021,2021-08-11,9135,2021-08-06,1140,016087,,5,1,9,4500,0,3,5,,2,007,"OLINDA RD.","LOU ANN LN.",778.00,W,N,A,-,N,,,,,,,,,,Y,2,0,1,1,A,-,08,22107,,N,E,I,A,A,H,-,A,D,0,,,,,Y,,A,07,1,0,0,0,0,0,0,0,0,"- ","- ",40.44049072265625,-122.34068298339844,SHASTA,UNINCORPORATED,-122.34043121337891,40.440357208251953
91543919,2021,2021-08-12,9135,2021-07-30,1930,019680,,5,2,9,4500,0,1,3,,2,603,"CASSEL FALL RIVER RD","NEZ PERCE",4752.00,S,N,A,-,N,,,,,,,,,,Y,2,0,3,1,A,-,01,23152,A,N,E,I,A,A,H,-,A,D,0,,,,,Y,Y,A,01,2,1,0,0,0,0,0,0,0,"- ","- ",41.001300811767578,-121.28560638427734,SHASTA,UNINCORPORATED,-121.45647430419922,40.92523193359375