CASE_ID,ACCIDENT_YEAR,PROC_DATE,JURIS,COLLISION_DATE,COLLISION_TIME,OFFICER_ID,REPORTING_DISTRICT,DAY_OF_WEEK,CHP_SHIFT,POPULATION,CNTY_CITY_LOC,SPECIAL_COND,BEAT_TYPE,CHP_BEAT_TYPE,CITY_DIVISION_LAPD,CHP_BEAT_CLASS,BEAT_NUMBER,PRIMARY_RD,SECONDARY_RD,DISTANCE,DIRECTION,INTERSECTION,WEATHER_1,WEATHER_2,STATE_HWY_IND,CALTRANS_COUNTY,CALTRANS_DISTRICT,STATE_ROUTE,ROUTE_SUFFIX,POSTMILE_PREFIX,POSTMILE,LOCATION_TYPE,RAMP_INTERSECTION,SIDE_OF_HWY,TOW_AWAY,COLLISION_SEVERITY,NUMBER_KILLED,NUMBER_INJURED,PARTY_COUNT,PRIMARY_COLL_FACTOR,PCF_CODE_OF_VIOL,PCF_VIOL_CATEGORY,PCF_VIOLATION,PCF_VIOL_SUBSECTION,HIT_AND_RUN,TYPE_OF_COLLISION,MVIW,PED_ACTION,ROAD_SURFACE,ROAD_COND_1,ROAD_COND_2,LIGHTING,CONTROL_DEVICE,CHP_ROAD_TYPE,PEDESTRIAN_ACCIDENT,BICYCLE_ACCIDENT,MOTORCYCLE_ACCIDENT,TRUCK_ACCIDENT,NOT_PRIVATE_PROPERTY,ALCOHOL_INVOLVED,STWD_VEHTYPE_AT_FAULT,CHP_VEHTYPE_AT_FAULT,COUNT_SEVERE_INJ,COUNT_VISIBLE_INJ,COUNT_COMPLAINT_PAIN,COUNT_PED_KILLED,COUNT_PED_INJURED,COUNT_BICYCLIST_KILLED,COUNT_BICYCLIST_INJURED,COUNT_MC_KILLED,COUNT_MC_INJURED,PRIMARY_RAMP,SECONDARY_RAMP,LATITUDE,LONGITUDE,COUNTY,CITY,POINT_X,POINT_Y
91550183,2021,2021-08-20,9135,2021-07-18,1510,017698,,7,2,9,4500,0,1,3,,1,302,"SR-273 N/B","AMEN STREET",30.00,S,N,A,-,Y,,,273,,,,,,N,Y,2,0,1,2,A,-,01,23152,A,N,E,2,A,A,H,-,A,D,0,,,,,Y,Y,A,01,1,0,0,0,0,0,0,0,0,"- ","- ",40.481048583984375,-122.34635162353516,SHASTA,UNINCORPORATED,-122.34622955322266,40.481224060058594
91553173,2021,2021-08-24,9135,2021-08-23,1737,018433,,1,2,9,4500,0,1,3,,2,040,SR-44,"DESCHUTES ROAD",2640.00,E,N,A,-,Y,,,44,,,,,,,Y,2,0,4,4,A,-,05,21460,A,N,A,C,A,A,H,-,A,D,0,,,,,Y,,A,01,1,3,0,0,0,0,0,0,0,"- ","- ",40.558589935302734,-122.24259948730469,SHASTA,UNINCORPORATED,-122.24259185791016,40.558624267578125
91555342,2021,2021-08-26,9135,2021-08-20,2043,018133,,5,2,9,4500,0,1,1,,2,053,"I-5 N/B","BRIDGE BAY RD.",1320.00,N,N,A,-,Y,,,5,,,,,,N,Y,2,0,3,2,A,-,01,23152,F,N,E,I,A,A,H,-,A,A,0,,,,,Y,,A,01,1,2,0,0,0,0,0,0,0,"- ","- ",40.754318237304688,-122.32183837890625,SHASTA,UNINCORPORATED,-122.32179260253906,40.754318237304688
91560634,2021,2021-09-01,9135,2021-07-05,0245,017698,,1,3,5,4502,0,3,5,,2,003,"RIVERLAND DRIVE","KNIGHTON ROAD",6864.00,S,N,C,-,N,,,,,,,,,,N,1,1,0,2,A,-,11,21956,A,N,G,B,E,A,H,-,C,D,0,Y,,,,Y,,N,60,0,0,0,1,0,0,0,0,0,"- ","- ",40.489208221435547,-122.32781982421875,SHASTA,REDDING,-122.32801055908203,40.489601135253906
91561357,2021,2021-10-26,9135,2021-08-28,1930,019030,,6,2,9,4500,0,1,1,,2,056,"I-5 S/B","TURNTABLE BAY RD",2640.00,N,N,A,-,Y,,,5,,,,,,S,Y,2,0,1,1,A,-,08,22107,,N,F,I,A,A,H,-,A,D,0,,,,Y,Y,,G,25,1,0,0,0,0,0,0,0,0,"- ","- ",40.777290344238281,-122.31948089599609,SHASTA,UNINCORPORATED,-122.31940460205078,40.777397155761719
91566578,2021,2021-09-09,9135,2021-08-04,0130,018174,,3,3,9,4500,0,1,3,,2,402,SR-44,"CHATEAU DR",25.00,W,N,A,-,Y,,,,,,,,,,Y,1,1,1,1,A,-,08,22107,,N,E,I,A,A,H,-,D,D,0,,,,,Y,Y,D,23,1,0,0,0,0,0,0,0,0,"- ","- ",40.489849090576172,-121.86911773681641,SHASTA,UNINCORPORATED,-121.89595794677734,40.489959716796875
91567219,2021,2021-09-10,9135,2021-09-08,1814,018829,,3,2,9,4500,0,1,3,,2,402,SR-44,"MONTGOMERY RD",200.00,E,N,A,-,Y,,,44,,,,,,,Y,2,0,2,1,A,-,01,23152,A,N,E,I,A,A,H,-,A,D,0,,,,,Y,Y,D,22,2,0,0,0,0,0,0,0,0,"- ","- ",40.495151519775391,-121.86769866943359,SHASTA,UNINCORPORATED,-121.86768341064453,40.495040893554688
91572051,2021,2021-09-16,9146,2021-05-24,0942,015592,,1,1,9,4500,0,1,1,,2,014,"INTERSTATE 5 SOUTHBOUND","SIMS ROAD",7392.00,S,N,A,-,Y,,,5,,,,,,S,Y,1,1,1,1,A,-,08,22107,,N,E,8,A,A,H,-,A,D,0,,,,,Y,,A,01,0,1,0,0,0,0,0,0,0,"- ","- ",41.056198120117188,-122.37590026855469,SHASTA,UNINCORPORATED,-122.37588500976562,41.056159973144531
91578914,2021,2021-09-24,9135,2021-09-04,2025,019710,,6,2,9,4500,0,1,1,,2,054,"INTERSTATE 5","CYPRESS AVENUE",1660.00,N,N,A,-,Y,,,,,,,,,,N,2,0,1,2,A,-,11,21954,A,N,G,B,D,A,H,-,D,D,0,Y,,,,Y,,N,60,1,0,0,0,1,0,0,0,0,"- ","- ",40.575901031494141,-122.36064910888672,SHASTA,UNINCORPORATED,-122.36066436767578,40.575607299804688
91579569,2021,2021-09-27,9135,2021-09-22,1800,018866,,3,2,9,4500,0,3,5,,2,002,"BIG BEND RD","HAGEN FLAT RD",2640.00,S,N,A,-,N,,,,,,,,,,N,2,0,1,1,A,-,03,22350,,N,E,I,A,A,H,-,A,D,0,,,Y,,Y,,C,02,1,0,0,0,0,0,0,0,1,"- ","- ",40.009048461914062,-121.91226196289062,SHASTA,UNINCORPORATED,-121.91122436523438,41.009410858154297
91579575,2021,2021-09-27,9135,2021-09-23,2040,020361,,4,2,9,4500,0,1,3,,2,303,SR-36,"GOLDSBOROUGH GULCH",6442.00,E,N,A,-,N,,,36,,,,,,,Y,2,0,1,1,A,-,08,22107,,N,E,I,A,C,H,-,D,D,0,,,,,Y,,A,07,1,0,0,0,0,0,0,0,0,"- ","- ",40.355110168457031,-122.86302947998047,SHASTA,UNINCORPORATED,-122.86302947998047,40.355060577392578
91587611,2021,2021-10-04,9135,2021-09-26,2115,018552,,7,2,5,4502,0,1,3,,1,302,"SR-273 N/B","WHITEHOUSE DR",253.00,N,N,A,-,Y,,,273,,,,,,N,Y,2,0,1,1,A,-,01,23152,A,N,F,A,A,A,H,-,B,D,0,,,,,Y,Y,A,01,1,0,0,0,0,0,0,0,0,"- ","- ",40.499191284179688,-122.37239074707031,SHASTA,REDDING,-122.37244415283203,40.499107360839844
91592937,2021,2021-10-11,9135,2021-09-28,2340,018174,,2,3,9,4500,0,1,1,,2,056,"I-5 S/B","STATTON RD",4224.00,N,N,A,-,Y,,,5,,,,,,S,N,2,0,1,2,A,-,11,21956,A,N,G,B,E,A,H,-,D,D,0,Y,,,,Y,,N,60,1,0,0,0,1,0,0,0,0,"- ","- ",40.860038757324219,-122.34931182861328,SHASTA,UNINCORPORATED,-122.34931945800781,40.860027313232422
91596606,2021,2021-10-14,9135,2021-09-19,1800,019801,,7,2,9,4500,0,1,3,,2,402,"SR 44","BROOKSIDE MEADOWS LN",1630.00,E,N,A,-,Y,,,,,,,,,,Y,1,1,0,1,A,-,08,22107,,N,E,I,A,A,H,-,B,D,0,,,,,Y,,A,07,0,0,0,0,0,0,0,0,0,"- ","- ",40.525039672851562,-122.67726898193359,SHASTA,UNINCORPORATED,-121.67730712890625,40.524967193603516
91596645,2021,2021-10-14,9135,2021-10-02,1915,020908,,6,2,9,4500,0,3,5,,2,006,"CASSEL FALL RIVER RD","POLE LINE RD",2112.00,W,N,A,-,N,,,,,,,,,,N,2,0,1,1,A,-,08,22107,,N,F,A,A,A,H,-,D,D,0,,,Y,,Y,,C,02,1,0,0,0,0,0,0,0,1,"- ","- ",40.925830841064453,-121.46256256103516,SHASTA,UNINCORPORATED,-121.45889282226562,40.924057006835938
91605040,2021,2021-10-25,9135,2021-10-11,1723,017698,,1,2,5,4502,0,1,1,,2,053,"I-5 SOUTHBOUND","MAIN STREET (COTTONWOOD)",330.00,S,N,A,-,Y,,,,,,,,,,Y,2,0,1,1,D,-,00,,,N,E,I,A,A,H,-,A,D,0,,,,,Y,,-,"- ",1,0,0,0,0,0,0,0,0,"- ","- ",40.4031982421875,-122.28183746337891,SHASTA,REDDING,-121.88219451904297,38.797393798828125
91612176,2021,2021-11-01,9135,2021-10-31,0720,017855,,7,1,9,4500,0,1,1,,2,053,"I-5 N/B","RIVERSIDE AVE.",670.00,N,N,B,-,Y,,,5,,,,,,N,Y,2,0,1,1,A,-,08,22107,,N,E,I,A,A,H,-,B,D,0,,,,,Y,,A,01,1,0,0,0,0,0,0,0,0,"- ","- ",40.47003173828125,-122.30899810791016,SHASTA,UNINCORPORATED,-122.30902862548828,40.470005035400391
91622458,2021,2021-11-11,9135,2021-10-22,2120,018021,,5,2,9,4500,0,3,5,,2,003,"RIVERLAND DR","HAITI DR",1515.00,N,N,C,-,N,,,,,,,,,,Y,2,0,1,2,A,-,21,22106,,F,H,C,A,B,H,-,D,D,0,,,,,Y,Y,A,01,1,0,0,0,0,0,0,0,0,"- ","- ",40.489391326904297,-122.32791137695312,SHASTA,UNINCORPORATED,-122.32851409912109,40.490367889404297
91624316,2021,2021-11-15,9135,2021-11-04,0317,018174,,4,3,9,4500,0,3,5,,2,002,"OLD 44 DR","SILVER BRIDGE RD",330.00,E,N,B,-,N,,,,,,,,,,Y,2,0,4,1,C,-,18,,,N,E,I,A,B,H,-,D,D,0,,,,,Y,,-,"- ",1,3,0,0,0,0,0,0,0,"- ","- ",40.565319061279297,-122.21289825439453,SHASTA,UNINCORPORATED,-122.21884918212891,40.565280914306641
91628399,2021,2021-11-18,9135,2021-11-07,1315,019030,,7,1,9,4500,0,3,5,,2,002,"IMMIGRANT TRL","BENT HILL RD",2640.00,E,N,B,-,N,,,,,,,,,,N,2,0,1,1,A,-,03,22350,,N,E,J,A,A,G,-,A,D,0,,,Y,,Y,,C,06,1,0,0,0,0,0,0,0,1,"- ","- ",40.504268646240234,-121.87049102783203,SHASTA,UNINCORPORATED,,
91636901,2021,2021-11-29,9135,2021-11-07,1100,018777,,7,1,9,4500,0,1,3,,2,604,SR-44,"U.S. FOREST SERVICE ROAD 31N94",204.00,E,N,B,-,Y,,,44,,,,,,,Y,2,0,1,1,A,-,08,22107,,N,E,I,A,C,H,-,A,D,0,,,,,Y,,E,22,1,0,0,0,0,0,0,0,0,"- ","- ",40.567508697509766,-121.57399749755859,SHASTA,UNINCORPORATED,-121.57405090332031,40.567527770996094
91637393,2021,2021-11-29,9135,2021-11-12,2300,018174,,5,3,5,4502,0,1,1,,2,054,"I-5 S/B","HILLTOP DR",1056.00,N,N,A,-,Y,,,5,,,,,,S,Y,2,0,1,1,A,-,01,23152,A,N,E,I,A,A,H,-,D,D,0,,,,,Y,Y,D,22,1,0,0,0,0,0,0,0,0,"- ","- ",40.598121643066406,-122.36065673828125,SHASTA,REDDING,-122.36078643798828,40.598125457763672
91640670,2021,2021-12-02,9135,2021-11-29,2200,018866,,1,3,9,4500,0,1,3,,2,604,SR-44,"SUGAR LOAF LN",1056.00,W,N,A,-,Y,,,44,,,,,,,Y,2,0,1,1,A,-,01,23152,F,N,E,I,A,A,H,-,D,D,0,,,,,Y,,A,01,1,0,0,0,0,0,0,0,0,"- ","- ",40.647098541259766,-121.46430206298828,SHASTA,UNINCORPORATED,-121.46430969238281,40.647102355957031
91650136,2021,2021-12-13,9135,2021-12-02,0205,020908,,4,3,9,4500,0,1,3,,1,606,SR-299,"TAMARACK RD",50.00,W,N,A,-,Y,,,299,,,,,,,Y,2,0,3,1,A,-,08,22107,,N,E,I,A,A,H,-,D,D,0,,,,,Y,Y,D,22,2,1,0,0,0,0,0,0,0,"- ","- ",40.874229431152344,-121.70555877685547,SHASTA,UNINCORPORATED,-121.70558166503906,40.874092102050781
91650223,2021,2021-12-13,9135,2021-12-05,2055,019257,,7,2,5,4502,0,3,5,,2,002,"OLD OREGON TRAIL","AKRICH STREET",1214.00,E,N,A,-,N,,,,,,,,,,Y,2,0,1,1,A,-,08,22107,,N,E,I,A,A,H,-,D,D,0,,,,,Y,,A,01,1,0,0,0,0,0,0,0,0,"- ","- ",40.654350280761719,-122.33348083496094,SHASTA,REDDING,-122.333740234375,40.654121398925781
91652694,2021,2022-01-06,9135,2021-12-01,1733,019710,,3,2,9,4500,0,3,5,,2,003,"GAS POINT ROAD","FRANCIS STREET",265.00,E,N,A,-,N,,,,,,,,,,N,1,1,0,2,A,-,11,21954,A,N,G,C,D,A,H,-,D,D,0,Y,,,,Y,,N,60,0,0,0,1,0,0,0,0,0,"- ","- ",40.389301300048828,-122.31362915039062,SHASTA,UNINCORPORATED,-122.31365966796875,40.389259338378906
91652878,2020,2021-12-15,9135,2020-10-11,2054,020361,,7,2,9,4500,0,1,3,,1,302,"SR-273 N/B","THOMAS RD",0.00,,Y,A,-,Y,,,273,,,,,,N,Y,1,1,0,2,A,-,17,21200,,N,D,G,A,A,H,-,D,D,0,,Y,,,Y,,L,04,0,0,0,0,0,1,0,0,0,"- ","- ",40.489101409912109,-122.35784149169922,SHASTA,UNINCORPORATED,-122.35782623291016,40.489124298095703
91665371,2021,2022-05-10,9135,2021-12-25,1310,019257,,6,1,9,4500,0,1,3,,2,402,"STATE ROUTE 44","MILLER RANCH ROAD (WEST)",767.00,E,N,D,-,Y,,,,,,,,,,Y,2,0,5,2,A,-,05,21460,A,N,A,C,A,C,H,-,A,A,0,,,,,Y,,A,01,5,0,0,0,0,0,0,0,0,"- ","- ",40.300251007080078,-121.55422210693359,SHASTA,UNINCORPORATED,-121.95362091064453,40.510051727294922
91674698,2022,2022-01-10,9135,2022-01-02,1810,019101,,7,2,9,4500,0,1,3,,2,402,SR-44,"MILLER RANCH RD",2112.00,E,N,A,-,Y,SHA,,44,,R,24.050,H,,R,Y,2,0,4,2,A,-,05,21460,A,N,A,C,A,A,H,-,D,D,0,,,,,Y,,A,01,1,3,0,0,0,0,0,0,0,"- ","- ",40.510208129882812,-121.94785308837891,SHASTA,UNINCORPORATED,-121.94785308837891,40.51025390625
91680693,2022,2022-01-19,9135,2022-01-05,1700,017698,,3,2,2,4501,0,1,1,,2,053,"I-5 S/B TO NORTH STREET","NORTH STREET",120.00,N,N,B,-,Y,SHA,,5,,R,5.676,H,,L,Y,2,0,1,1,A,-,08,22107,,N,E,I,A,A,H,-,B,D,0,,,,,Y,,A,01,1,0,0,0,0,0,0,0,0,"- ","- ",40.455841064453125,-122.29589080810547,SHASTA,ANDERSON,-122.29566192626953,40.455974578857422
91684726,2022,2022-01-25,9135,2022-01-22,1648,018133,,6,2,9,4500,0,3,5,,2,001,"KESWICK DAM RD.","KESWICK DAM",1056.00,E,N,A,-,N,,,,,,,,,,Y,2,0,1,1,A,-,08,22107,,N,F,A,A,A,H,-,A,D,0,,,Y,,Y,,C,02,1,0,0,0,0,0,0,0,1,"- ","- ",40.612659454345703,-122.44175720214844,SHASTA,UNINCORPORATED,-122.40505218505859,40.625621795654297
91688695,2022,2022-01-28,9135,2022-01-18,1145,016087,,2,1,9,4500,0,1,3,,1,401,SR-44,"MILLVILE PLAINS RD.",3168.00,W,N,A,-,Y,SHA,,44,,R,9.992,H,,R,Y,2,0,1,1,A,-,08,22107,,N,E,8,A,A,H,-,A,D,0,,,,,Y,,A,07,1,0,0,0,0,0,0,0,0,"- ","- ",40.543628692626953,-122.18697357177734,SHASTA,UNINCORPORATED,-122.18704986572266,40.543567657470703
91691581,2021,2022-02-02,9135,2021-11-10,2257,018174,,3,3,5,4502,0,1,1,,2,054,"I-5 N/B TO SR-44 E/B","I-5 N/B",325.00,E,N,A,-,Y,,,5,,,,R,,N,Y,1,1,0,1,A,-,01,23152,A,N,E,8,A,A,H,-,D,D,0,,,,,Y,Y,A,01,0,0,0,0,0,0,0,0,0,"- ","- ",40.583061218261719,-122.35909271240234,SHASTA,REDDING,-122.35909271240234,40.583061218261719
91700624,2022,2022-02-14,9135,2022-02-05,0008,019111,,6,3,5,4502,0,1,1,,2,055,"I-5 N/B","OASIS RD",3168.00,S,N,A,-,Y,SHA,,5,,R,18.714,H,,R,Y,2,0,1,2,A,-,01,23152,A,N,F,A,A,A,H,-,D,D,0,,,,,Y,Y,D,22,1,0,0,0,0,0,0,0,0,"- ","- ",40.631961822509766,-122.36827850341797,SHASTA,REDDING,-122.36833190917969,40.631965637207031
91705746,2022,2022-02-22,9135,2022-02-13,1000,016480,,7,1,9,4500,0,3,5,,2,004,"OLD 44 DR.","SWEDE CREEK RD.",535.00,W,N,A,-,N,,,,,,,,,,Y,2,0,2,2,A,-,05,21460,A,N,A,C,A,A,H,-,A,D,0,,,,,Y,,A,01,2,0,0,0,0,0,0,0,0,"- ","- ",40.564231872558594,-122.22152709960938,SHASTA,UNINCORPORATED,-122.22159576416016,40.564247131347656
91717488,2022,2022-03-08,9135,2022-03-06,1633,018866,,7,2,9,4500,0,1,3,,2,603,SR-299,"PIT NO. 1 POWERHOUSE RD.",6864.00,E,N,A,-,Y,SHA,,299,,,88.877,H,,R,Y,2,0,3,1,A,-,08,22107,,N,E,I,A,A,H,-,A,D,0,,,,,Y,,A,07,1,2,0,0,0,0,0,0,0,"- ","- ",40.993400573730469,-121.48657989501953,SHASTA,UNINCORPORATED,-121.48658752441406,40.993427276611328
91720844,2022,2022-03-11,9135,2022-03-02,1618,018829,,3,2,9,4500,0,3,5,,2,004,"BALLS FERRY RD","LONE TREE ROAD",0.00,,Y,A,-,N,,,,,,,,,,Y,2,0,2,2,A,-,08,22107,,N,D,C,A,A,H,-,A,D,0,,,Y,,Y,,A,01,2,0,0,0,0,0,0,0,2,"- ","- ",40.426181793212891,-122.22501373291016,SHASTA,UNINCORPORATED,-122.22498321533203,40.426136016845703
91731066,2022,2022-03-24,9135,2022-03-12,1754,019683,,6,2,9,4500,0,3,5,,2,004,"DESCHUTES RD","OF LOS ALTOS",705.00,N,N,B,-,N,,,,,,,,,,Y,2,0,1,1,A,-,01,23152,A,N,F,A,A,A,H,-,B,D,0,,,Y,,Y,Y,C,02,1,0,0,0,0,0,0,0,1,"- ","- ",40.502548217773438,-122.23802947998047,SHASTA,UNINCORPORATED,-122.23846435546875,40.504207611083984
91731097,2022,2022-03-24,9135,2022-03-23,0200,019101,,3,3,9,4500,0,3,5,,2,003,"HAPPY VALLEY RD","MAJESTIC VIEW DR",10.00,W,N,A,-,N,,,,,,,,,,Y,2,0,1,1,A,-,08,22107,,N,F,A,A,A,H,-,D,D,0,,,Y,,Y,,C,02,1,0,0,0,0,0,0,0,1,"- ","- ",40.484569549560547,-122.37920379638672,SHASTA,UNINCORPORATED,-122.37921905517578,40.484607696533203
91743570,2022,2022-04-07,9135,2022-02-12,2010,019257,,6,2,9,4500,0,3,5,,2,004,"MAIN STREET","LONG BRANCH DRIVE",259.00,S,N,A,-,N,,,,,,,,,,N,1,1,0,2,A,-,03,22350,,N,G,B,E,A,H,-,C,D,0,Y,,,,Y,Y,A,01,0,0,0,1,0,0,0,0,0,"- ","- ",40.233558654785156,-122.16506195068359,SHASTA,UNINCORPORATED,-122.28079223632812,40.39324951171875
91743573,2022,2022-04-07,9135,2022-02-12,2009,019257,,6,2,9,4500,0,3,5,,2,004,"MAIN STREET","LONG BRANCH DRIVE",261.00,S,N,A,-,N,,,,,,,,,,N,1,1,0,2,A,-,09,21804,A,N,D,G,A,A,H,-,C,D,0,,Y,,,Y,Y,A,01,0,0,0,0,0,1,0,0,0,"- ","- ",40.233558654785156,-122.16506195068359,SHASTA,UNINCORPORATED,-122.28079223632812,40.393241882324219
91749223,2022,2022-04-15,9135,2022-04-05,2205,020361,,2,3,9,4500,0,1,1,,2,053,"I-5 S/B","GAS POINT RD",2963.00,N,N,A,-,Y,SHA,,5,,,1.464,H,,L,Y,2,0,1,2,A,-,01,23152,A,N,C,C,A,A,D,-,B,A,0,,,,Y,Y,Y,A,01,1,0,0,0,0,0,0,0,0,"- ","- ",40.3973388671875,-122.28379058837891,SHASTA,UNINCORPORATED,-122.28371429443359,40.397327423095703
91767797,2022,2022-05-09,9135,2022-04-23,1500,019030,,6,2,9,4500,0,3,5,,2,001,"NATIONAL FOREST","JONES VALLEY MARINA DR",594.00,E,N,A,-,N,,,,,,,,,,N,2,0,1,1,B,-,22,,,N,E,J,A,A,H,-,A,D,0,,,Y,,Y,Y,C,02,1,0,0,0,0,0,0,0,1,"- ","- ",40.731689453125,-122.233642578125,SHASTA,UNINCORPORATED,,
91767838,2022,2022-05-09,9135,2022-04-25,1817,018829,,1,2,9,4500,0,1,3,,1,201,SR-299,"CHEYENNE DRIVE",270.00,E,N,B,-,Y,SHA,,299,,,28.092,H,,R,Y,2,0,3,2,A,-,01,23152,F,N,A,C,A,B,H,-,A,D,0,,,,,Y,,D,22,2,0,1,0,0,0,0,0,0,"- ","- ",40.624168395996094,-122.30306243896484,SHASTA,UNINCORPORATED,-122.30304718017578,40.624141693115234
91768568,2022,2022-05-10,9135,2022-04-30,2035,018837,,6,2,9,4500,0,1,3,,1,302,"SR-273 S/B","RONA LN",130.00,N,N,B,-,Y,SHA,,273,,,7.686,H,,L,Y,2,0,3,3,A,-,03,22350,,N,C,4,E,A,H,-,C,D,0,Y,,,,Y,,A,01,1,2,0,0,1,0,0,0,0,"- ","- ",40.472068786621094,-122.33323669433594,SHASTA,UNINCORPORATED,-122.33319854736328,40.47210693359375
91769560,2022,2022-05-11,9135,2022-04-29,2348,019710,,5,3,9,4500,0,1,3,,2,040,"INTERSTATE 5 SOUTHBOUND TO SR-44 W/B","STATE ROUTE 44 WESTBOUND",720.00,N,N,A,-,Y,,,,,,,,,,Y,2,0,1,1,A,-,01,23152,A,N,F,A,A,A,H,-,D,D,0,,,Y,,Y,Y,C,02,1,0,0,0,0,0,0,0,1,"- ","- ",40.587108612060547,-122.36200714111328,SHASTA,UNINCORPORATED,-122.36074066162109,40.587478637695312
91769890,2022,2022-05-11,9135,2022-01-30,1854,019111,,7,2,9,4500,0,3,5,,2,003,"RIVERSIDE AVENUE","LOOP STREET",786.00,W,N,A,-,N,,,,,,,,,,N,1,1,0,2,A,-,17,21200,,N,C,G,A,A,H,-,D,D,0,,Y,,,Y,Y,L,04,0,0,0,0,0,1,0,0,0,"- ","- ",40.468418121337891,-122.31463623046875,SHASTA,UNINCORPORATED,-122.3145751953125,40.468429565429688
91773787,2022,2022-05-17,9135,2022-05-14,1210,017855,,6,1,9,4500,0,3,5,,2,004,"ASH CREEK ROAD","WILDCAT ROAD",2112.00,S,N,A,-,N,,,,,,,,,,Y,2,0,2,1,A,-,03,22350,,N,F,A,A,A,H,-,A,D,0,,,Y,,Y,,C,02,2,0,0,0,0,0,0,0,2,"- ","- ",40.459888458251953,-122.10353088378906,SHASTA,UNINCORPORATED,-122.10308837890625,40.460395812988281
91779929,2022,2022-05-25,9135,2022-05-17,1858,018837,,2,2,9,4500,0,3,5,,2,001,"J F KENNEDY MEMORIAL DR","PAIGE BAR RD",124.00,E,N,B,-,N,,,,,,,,,,Y,2,0,1,1,A,-,01,23152,A,N,E,I,A,A,H,-,A,A,0,,,,,Y,Y,D,22,1,0,0,0,0,0,0,0,0,"- ","- ",40.600311279296875,-122.53513336181641,SHASTA,UNINCORPORATED,-122.53507995605469,40.600269317626953
91785077,2022,2022-05-31,9135,2022-05-24,0005,018388,,2,3,9,4500,0,1,3,,2,402,SR-44,"BROKEOFF MEADOWS",175.00,E,N,A,-,N,,,,,,,,,,N,2,0,1,1,A,-,01,23152,A,M,E,I,A,A,H,-,D,D,0,,,,,Y,Y,D,22,1,0,0,0,0,0,0,0,0,"- ","- ",40.518901824951172,-121.681640625,SHASTA,UNINCORPORATED,-121.68169403076172,40.518955230712891
91786857,2022,2022-06-02,9135,2022-05-25,1830,018837,,3,2,9,4500,0,1,3,,1,201,SR-299,"HOADLEY PEAKS RD",8448.00,E,N,B,-,Y,SHA,,299,,R,1.910,H,,R,Y,2,0,1,1,A,-,03,22350,,N,F,A,A,A,H,-,A,D,0,,,Y,,Y,,C,02,1,0,0,0,0,0,0,0,1,"- ","- ",40.649318695068359,-122.70807647705078,SHASTA,UNINCORPORATED,-122.7081298828125,40.649387359619141
91791760,2022,2022-06-09,9135,2022-06-02,1915,018388,,4,2,9,4500,0,1,3,,2,020,"OAK RUN RD","JOHNSON RD",4224.00,W,N,B,-,N,,,,,,,,,,N,2,0,1,1,A,-,08,22107,,N,E,I,A,A,H,-,A,D,0,,,Y,,Y,,C,02,1,0,0,0,0,0,0,0,1,"- ","- ",40.700778961181641,-121.99504852294922,SHASTA,UNINCORPORATED,,
91793813,2022,2022-06-13,9135,2022-05-22,1730,019683,,7,2,5,4502,0,3,5,,2,002,"CHURN CREEK RD","CHURN CREEK BRIDGE #06C0128",615.00,E,N,A,-,N,,,,,,,,,,N,2,0,2,2,A,-,01,23152,A,N,A,C,A,A,H,-,A,D,0,,,,,Y,Y,A,01,1,1,0,0,0,0,0,0,0,"- ","- ",40.534988403320312,-122.34316253662109,SHASTA,REDDING,,
91798716,2022,2022-06-20,9135,2022-06-10,2115,020908,,5,2,9,4500,0,1,3,,2,605,SR-89,"CHARLIE BONE RD",3168.00,N,N,A,-,Y,SHA,,89,,,14.224,H,,R,Y,2,0,1,2,A,-,01,23152,A,N,D,C,A,A,H,-,D,D,0,,,,Y,Y,Y,D,22,1,0,0,0,0,0,0,0,0,"- ","- ",40.848079681396484,-121.52861785888672,SHASTA,UNINCORPORATED,-121.52864837646484,40.848049163818359
91803865,2022,2022-06-27,9135,2022-06-15,2225,018837,,3,3,5,4502,0,1,3,,2,040,"SR-44 E/B","SACRAMENTO RIVER TRAIL",900.00,E,N,B,-,Y,,,,,,,,,,Y,2,0,1,1,A,-,01,23152,A,N,E,8,A,A,H,-,C,D,0,,,,,Y,Y,D,22,1,0,0,0,0,0,0,0,0,"- ","- ",40.585121154785156,-122.36380004882812,SHASTA,REDDING,-122.36377716064453,40.585533142089844