CASE_ID,ACCIDENT_YEAR,PROC_DATE,JURIS,COLLISION_DATE,COLLISION_TIME,OFFICER_ID,REPORTING_DISTRICT,DAY_OF_WEEK,CHP_SHIFT,POPULATION,CNTY_CITY_LOC,SPECIAL_COND,BEAT_TYPE,CHP_BEAT_TYPE,CITY_DIVISION_LAPD,CHP_BEAT_CLASS,BEAT_NUMBER,PRIMARY_RD,SECONDARY_RD,DISTANCE,DIRECTION,INTERSECTION,WEATHER_1,WEATHER_2,STATE_HWY_IND,CALTRANS_COUNTY,CALTRANS_DISTRICT,STATE_ROUTE,ROUTE_SUFFIX,POSTMILE_PREFIX,POSTMILE,LOCATION_TYPE,RAMP_INTERSECTION,SIDE_OF_HWY,TOW_AWAY,COLLISION_SEVERITY,NUMBER_KILLED,NUMBER_INJURED,PARTY_COUNT,PRIMARY_COLL_FACTOR,PCF_CODE_OF_VIOL,PCF_VIOL_CATEGORY,PCF_VIOLATION,PCF_VIOL_SUBSECTION,HIT_AND_RUN,TYPE_OF_COLLISION,MVIW,PED_ACTION,ROAD_SURFACE,ROAD_COND_1,ROAD_COND_2,LIGHTING,CONTROL_DEVICE,CHP_ROAD_TYPE,PEDESTRIAN_ACCIDENT,BICYCLE_ACCIDENT,MOTORCYCLE_ACCIDENT,TRUCK_ACCIDENT,NOT_PRIVATE_PROPERTY,ALCOHOL_INVOLVED,STWD_VEHTYPE_AT_FAULT,CHP_VEHTYPE_AT_FAULT,COUNT_SEVERE_INJ,COUNT_VISIBLE_INJ,COUNT_COMPLAINT_PAIN,COUNT_PED_KILLED,COUNT_PED_INJURED,COUNT_BICYCLIST_KILLED,COUNT_BICYCLIST_INJURED,COUNT_MC_KILLED,COUNT_MC_INJURED,PRIMARY_RAMP,SECONDARY_RAMP,LATITUDE,LONGITUDE,COUNTY,CITY,POINT_X,POINT_Y
91806041,2022,2022-07-18,9135,2022-06-26,1600,019680,,7,2,9,4500,0,1,3,,2,604,"STATE HIGHWAY 44","BIG PINE CAMPGROUND ROAD",21120.00,E,N,A,-,Y,SHA,,44,,,57.371,H,,R,N,1,1,0,2,A,-,03,22350,,N,A,C,A,A,H,-,A,D,0,,,Y,Y,Y,,C,02,0,0,0,0,0,0,0,1,0,"- ","- ",40.623329162597656,-121.48103332519531,SHASTA,UNINCORPORATED,-121.48094940185547,40.623287200927734
91807187,2022,2022-06-30,9135,2022-06-04,0453,017428,,6,3,9,4500,0,3,5,,2,004,"DESCHUTES RD","HILLSIDE DR",431.00,N,N,B,-,N,,,,,,,,,,Y,2,0,1,1,A,-,08,22107,,M,E,I,A,B,H,-,D,D,0,,,,,Y,,D,22,1,0,0,0,0,0,0,0,0,"- ","- ",40.550701141357422,-122.23834228515625,SHASTA,UNINCORPORATED,-122.23834991455078,40.550464630126953
91810244,2022,2022-07-05,9135,2022-06-30,1020,016615,,4,1,9,4500,0,3,5,,2,004,"NORTH STREET","RIVER VALLEY RD",762.30,S,N,A,-,N,,,,,,,,,,Y,2,0,1,1,A,-,08,22107,,N,E,I,A,A,H,-,A,D,0,,,,,Y,,D,22,1,0,0,0,0,0,0,0,0,"- ","- ",40.474609375,-122.29280090332031,SHASTA,UNINCORPORATED,,
91815960,2022,2022-07-13,9146,2022-07-03,1945,017955,,7,2,9,4500,0,1,1,,2,014,I-5,"GIBSON RD",2823.00,N,N,B,-,Y,SHA,,5,,R,53.852,H,,R,N,2,0,1,1,C,-,18,,,N,F,A,A,A,H,-,A,D,0,,,Y,,Y,,-,"- ",1,0,0,0,0,0,0,0,1,"- ","- ",41.033321380615234,-122.397216796875,SHASTA,UNINCORPORATED,-122.39727783203125,41.0333251953125
91815983,2022,2022-07-22,9146,2022-07-01,1520,020514,,5,2,9,4500,0,3,5,,2,003,"CASTLE CREEK ROAD","NORTH FORK CASTLE CREEK BRIDGE",4224.00,E,N,A,-,N,,,,,,,,,,Y,2,0,1,2,A,-,01,23153,A,F,C,C,A,A,A,-,A,D,0,,,Y,,Y,Y,A,01,1,0,0,0,0,0,0,0,1,"- ","- ",41.157981872558594,-122.36476135253906,SHASTA,UNINCORPORATED,-122.34645080566406,41.155521392822266
91816278,2022,2022-07-27,9135,2022-07-07,1115,016461,,4,1,9,4500,0,1,3,,2,402,SR-44,"BENTHILL DR",1650.00,W,N,A,-,Y,SHA,,44,,,32.165,H,,R,Y,1,1,0,1,A,-,08,22107,,N,E,I,A,A,H,-,A,D,0,,,,,Y,,A,01,0,0,0,0,0,0,0,0,0,"- ","- ",40.493770599365234,-121.87857055664062,SHASTA,UNINCORPORATED,-121.8785400390625,40.493648529052734
91819487,2022,2022-07-18,9135,2022-07-10,1904,019683,,7,2,9,4500,0,3,5,,2,002,"BEAR MOUNTIAN RD.","HIDDEN VALLEY ROAD",332.00,S,N,A,-,N,,,,,,,,,,N,2,0,2,1,A,-,01,23152,A,N,E,I,A,A,H,-,A,D,0,,,,,Y,Y,D,22,1,1,0,0,0,0,0,0,0,"- ","- ",40.430328369140625,-122.14296722412109,SHASTA,UNINCORPORATED,-122.24154663085938,40.717540740966797
91826827,2022,2022-07-28,9135,2022-07-21,2242,019710,,4,3,9,4500,0,1,3,,2,303,"STATE HIGHWAY 36","SHIELDS ROAD",3800.00,E,N,A,-,Y,SHA,,36,,,1.031,H,,R,Y,2,0,1,1,A,-,05,21650,,N,F,A,A,A,H,-,D,D,0,,,,,Y,,A,07,1,0,0,0,0,0,0,0,0,"- ","- ",40.383499145507812,-123.00507354736328,SHASTA,UNINCORPORATED,-123.00509643554688,40.383495330810547
91831051,2022,2022-08-02,9135,2022-07-23,0208,020361,,6,3,9,4500,0,1,1,,2,054,"I-5 S/B","RIVERSIDE AVE",4224.00,N,N,A,-,Y,SHA,,5,,R,7.560,H,,L,N,2,0,4,2,A,-,01,23152,A,N,C,2,A,A,H,-,D,D,0,,,,,Y,Y,A,01,1,3,0,0,0,0,0,0,0,"- ","- ",40.477920532226562,-122.31714630126953,SHASTA,UNINCORPORATED,-122.31714630126953,40.477924346923828
91835265,2022,2022-08-08,9135,2022-08-04,1845,018837,,4,2,9,4500,0,3,5,,2,003,"HAWTHORNE AVE","SCARBOROUGH DRIVE",60.00,E,N,A,-,N,,,,,,,,,,Y,2,0,1,1,A,-,08,22107,,N,F,A,A,A,H,-,A,D,0,,,Y,,Y,,C,02,1,0,0,0,0,0,0,0,1,"- ","- ",40.478790283203125,-122.42717742919922,SHASTA,UNINCORPORATED,-122.42698669433594,40.478721618652344
91842255,2022,2022-08-17,9135,2022-08-04,0044,019683,,4,3,5,4502,0,3,5,,2,004,"INTERSTATE 5 N/B","LOMA VISTA DR OVERCROSSING",925.00,N,N,A,-,Y,SHA,,5,,R,13.116,H,,R,N,2,0,1,3,A,-,03,22350,,N,C,C,A,A,H,-,D,D,0,,,,,Y,,A,01,1,0,0,0,0,0,0,0,0,"- ","- ",40.552021026611328,-122.35511779785156,SHASTA,REDDING,-122.35515594482422,40.552013397216797
91858285,2022,2022-09-06,9135,2022-09-01,1855,016615,,4,2,9,4500,0,3,5,,2,003,"GAS POINT RD","SHIRLEY ST",2463.00,E,N,A,-,N,,,,,,,,,,Y,2,0,1,1,A,-,08,22107,,N,E,I,A,A,H,-,A,D,0,,,,,Y,,D,22,1,0,0,0,0,0,0,0,0,"- ","- ",40.389289855957031,-122.30300903320312,SHASTA,UNINCORPORATED,-122.30318450927734,40.389301300048828
91860921,2022,2022-09-09,9135,2022-08-18,1830,019257,,4,2,9,4500,0,1,3,,1,301,"STATE ROUTE 299 W/B","BUCKHORN SUMMIT",14467.00,E,N,A,-,Y,,,,,,,,,,Y,1,1,1,3,A,-,05,21651,A,N,B,C,A,A,H,-,A,D,0,,,,Y,Y,,A,01,0,1,0,0,0,0,0,0,0,"- ","- ",40.392608642578125,-122.41561126708984,SHASTA,UNINCORPORATED,,
91863075,2022,2022-09-13,9135,2022-08-28,1550,017698,,7,2,9,4500,0,3,5,,2,003,SR-36,"HARRISON GULCH",2640.00,W,N,A,-,Y,SHA,,36,,,3.111,H,,R,Y,1,1,0,1,A,-,08,22107,,N,E,I,A,A,H,-,A,D,0,,,Y,,Y,,C,02,0,0,0,0,0,0,0,1,0,"- ","- ",40.369808197021484,-122.98052978515625,SHASTA,UNINCORPORATED,-122.98075103759766,40.369857788085938
91867945,2022,2022-09-19,9135,2022-06-28,0450,020361,,2,3,9,4500,0,3,5,,2,003,"CANYON RD","CHINA GULCH ROAD",840.00,E,N,A,-,N,,,,,,,,,,Y,1,1,0,2,A,-,11,21954,A,N,G,B,D,A,H,-,D,D,0,Y,,,,Y,,N,60,0,0,0,1,0,0,0,0,0,"- ","- ",40.490581512451172,-122.39180755615234,SHASTA,UNINCORPORATED,-122.39188385009766,40.490459442138672
91876584,2022,2022-09-29,9135,2022-08-18,1150,016615,,4,1,9,4500,0,1,3,,1,301,SR-299,"JOHN F KENNEDY RD",1584.00,E,N,A,-,Y,SHA,,299,,,16.845,H,,R,Y,1,1,0,2,A,-,05,21460,A,N,A,C,A,A,H,-,A,D,0,,,,Y,Y,,A,07,0,0,0,0,0,0,0,0,0,"- ","- ",40.610519409179688,-122.51615142822266,SHASTA,UNINCORPORATED,-122.51616668701172,40.610507965087891
91897645,2022,2022-10-24,9135,2022-10-14,1605,020363,,5,2,9,4500,0,3,5,,2,004,"MILLVILLE PLAINS RD.","SPRIG WAY",2640.00,N,N,A,-,N,,,,,,,,,,N,2,0,3,1,A,-,01,23152,A,N,E,I,A,A,H,-,A,D,0,,,,,Y,Y,A,01,1,2,0,0,0,0,0,0,0,"- ","- ",40.505241394042969,-122.19390106201172,SHASTA,UNINCORPORATED,-122.19403839111328,40.504852294921875
91900827,2022,2022-10-27,9135,2022-10-22,1355,020361,,6,1,9,4500,0,3,5,,2,004,"BALLS FERRY ROAD","BLUE JAY LANE",210.00,S,N,C,-,N,,,,,,,,,,N,2,0,1,1,A,-,03,22350,,N,F,A,A,A,H,-,A,D,0,,,Y,,Y,,C,02,1,0,0,0,0,0,0,0,1,"- ","- ",40.420269012451172,-122.21678161621094,SHASTA,UNINCORPORATED,-122.21678924560547,40.420265197753906
91912582,2022,2022-11-08,9135,2022-11-05,1450,020361,,6,2,9,4500,0,1,1,,2,053,"I-5 NB FROM MAIN ST","CATTLEMAN DRIVE",1551.00,N,N,B,C,Y,,,,,,,,,,Y,2,0,1,1,A,-,08,22107,,N,F,0,A,B,H,-,A,D,0,,,,,Y,,-,"- ",1,0,0,0,0,0,0,0,0,"- ","- ",40.404731750488281,-122.28058624267578,SHASTA,UNINCORPORATED,-122.28058624267578,40.404731750488281
91917043,2022,2022-11-14,9135,2022-11-07,0805,019111,,1,1,9,4500,0,3,5,,2,001,"LAKE BLVD","COWGILL LN",41.00,S,N,B,-,N,,,,,,,,,,N,2,0,1,2,A,-,03,22350,,N,G,B,E,B,H,-,A,D,0,Y,,,,Y,,D,22,1,0,0,0,1,0,0,0,0,"- ","- ",40.637149810791016,-122.4033203125,SHASTA,UNINCORPORATED,-122.40325164794922,40.637336730957031
91931513,2022,2022-12-01,9135,2022-11-24,1550,019257,,4,2,9,4500,0,3,5,,2,002,"OLD OREGON TRAIL","HARLEY LEIGHTON ROAD",833.00,S,N,A,-,N,,,,,,,,,,N,2,0,1,2,A,-,01,23152,A,N,D,C,A,A,H,-,A,D,0,,,Y,,Y,Y,C,02,1,0,0,0,0,0,0,0,1,"- ","- ",40.584121704101562,-122.30699920654297,SHASTA,UNINCORPORATED,-122.30705261230469,40.583953857421875
91935561,2022,2022-12-06,9135,2022-12-03,1840,016513,,6,2,5,4502,0,1,3,,2,040,"SR-44 E/B","VICTOR AVE",2112.00,E,N,B,-,Y,SHA,,44,,R,1.675,H,,R,N,2,0,1,1,A,-,01,23152,G,N,E,I,A,B,H,-,D,D,0,,,,,Y,Y,A,01,1,0,0,0,0,0,0,0,0,"- ","- ",40.576301574707031,-122.33184051513672,SHASTA,REDDING,-122.33187103271484,40.576267242431641
91937149,2022,2022-12-08,9135,2022-11-23,2025,017698,,3,2,9,4500,0,3,5,,2,003,"ROGERS LANE","MARGARET LANE",55.00,W,N,A,-,N,,,,,,,,,,N,2,0,1,1,A,-,01,23152,A,N,F,A,A,A,H,-,D,D,0,,,Y,,Y,Y,C,02,1,0,0,0,0,0,0,0,1,"- ","- ",40.3837890625,-122.31707763671875,SHASTA,UNINCORPORATED,-122.31707763671875,40.383769989013672
91949033,2022,2022-12-22,9146,2022-12-20,0555,015592,,2,3,9,4500,0,1,1,,2,013,"INTERSTATE 5 NORTHBOUND","CASTLE CREEK ROAD",1056.00,N,N,B,-,Y,SHA,,5,,,63.809,H,,R,Y,2,0,2,1,A,-,08,22107,,N,E,8,A,A,H,-,C,D,0,,,,Y,Y,,F,26,1,1,0,0,0,0,0,0,0,"- ","- ",41.150131225585938,-122.31259155273438,SHASTA,UNINCORPORATED,-122.31262969970703,41.150211334228516
91968200,2022,2023-01-13,9135,2022-12-24,1725,019257,,6,2,5,4502,0,1,3,,2,040,"I-5 S/B FROM SR-44 E/B","INTERSTATE 5 S/B",1997.00,W,N,A,-,Y,SHA,,44,,L,1.570,H,,R,Y,1,1,0,2,A,-,05,21651,B,N,A,G,A,A,H,-,D,D,0,,Y,,,Y,,L,04,0,0,0,0,0,1,0,0,0,"- ","- ",40.585529327392578,-122.36509704589844,SHASTA,REDDING,-122.36508941650391,40.585624694824219
91970886,2022,2023-01-18,9135,2022-12-28,1410,019710,,3,2,9,4500,0,1,3,,1,401,"STATE ROUTE 44","SILVER BRIDGE RD",0.00,,Y,A,-,Y,SHA,,44,,R,8.049,H,,R,Y,1,1,2,2,A,-,09,21802,A,N,D,C,A,A,H,-,A,A,0,,,,,Y,,A,01,2,0,0,0,0,0,0,0,0,"- ","- ",40.553428649902344,-122.21977996826172,SHASTA,UNINCORPORATED,-122.21977996826172,40.553451538085938
91981722,2023,2023-01-30,9135,2023-01-29,"652 ",016480,,7,1,5,4502,0,1,3,,2,040,"I-5 S/B FROM SR-44 E/B",I-5,1056.00,W,N,A,-,Y,,,,,,,,,,N,2,0,1,2,A,-,11,21957,,N,G,B,E,A,H,-,D,D,0,Y,,,,Y,,N,60,1,0,0,0,1,0,0,0,0,"- ","- ",40.584300994873047,-122.36280822753906,SHASTA,REDDING,-122.36280822753906,40.584300994873047
91987759,2023,2023-02-06,9135,2023-01-21,2257,019801,,6,3,9,4500,0,1,3,,1,302,"SR-273 S/B","HAPPY VALLEY RD",2814.00,N,N,A,-,Y,SHA,,273," "," ",10.535,H,,L,N,1,1,0,2,A,-,11,21956,A,N,G,B,E,A,H,-,D,D,0,Y,,,,Y,,N,60,0,0,0,1,0,0,0,0,0,"- ","- ",40.499691009521484,-122.37355041503906,SHASTA,UNINCORPORATED,-122.37357330322266,40.499671936035156
91988477,2023,2023-02-07,9135,2023-02-05,"628 ",018866,,7,1,9,4500,0,1,3,,1,606,SR-89,"N. CLARK CREEK RD",1584.00,N,N,C,-,Y,SHA,,89," "," ",32.442,H,,R,N,2,0,1,1,A,-,13,22515,A,N,H,J,A,B,H,-,D,D,0,,,,,Y,,D,22,1,0,0,0,0,0,0,0,0,"- ","- ",41.057998657226562,-121.64501953125,SHASTA,UNINCORPORATED,-121.64500427246094,41.058006286621094
91992949,2023,2023-02-13,9135,2023-02-10,"230 ",020363,,5,3,9,4500,0,1,3,,1,301,"STATE ROUTE 299","ROCK CREEK RD",2112.00,E,N,A,-,Y,SHA,,299," "," ",18.163,H,,R,N,2,0,1,1,A,-,08,22107,,N,E,I,A,A,H,-,D,D,0,,,,,Y,,A,01,1,0,0,0,0,0,0,0,0,"- ","- ",40.601428985595703,-122.49540710449219,SHASTA,UNINCORPORATED,-122.49541473388672,40.601425170898438
92003758,2023,2023-02-27,9135,2023-02-14,1540,019257,,2,2,9,4500,0,1,3,,2,604,"STATE ROUTE 44","FOREST RTE 32N16",2534.00,E,N,B,-,Y,SHA,,44," "," ",53.809,H,,R,Y,2,0,2,1,A,-,08,22107,,N,E,I,A,C,H,-,A,D,0,,,,,Y,,D,22,1,1,0,0,0,0,0,0,0,"- ","- ",40.595748901367188,-121.53565979003906,SHASTA,UNINCORPORATED,-121.53569793701172,40.595760345458984
92008118,2023,2023-03-02,9135,2023-02-25,"638 ",017855,,6,1,2,4501,0,1,1,,2,053,"I-5 S/B","BALLS FERRY ROAD",1600.00,S,N,A,-,Y,SHA,,5," ",R,5.108,H,,L,N,2,0,1,1,A,-,03,22350,,N,E,I,A,C,H,-,D,D,0,,,,,Y,,D,22,1,0,0,0,0,0,0,0,0,"- ","- ",40.448989868164062,-122.29013824462891,SHASTA,ANDERSON,-122.29000091552734,40.449024200439453
92011308,2023,2023-03-08,9135,2023-01-13,1643,018133,,5,2,9,4500,0,3,5,,2,001,"KESWICK DAM RD.","IRON MOUNTAIN RD",3168.00,E,N,B,C,N,,,,,,,,,,Y,2,0,1,2,A,-,05,21460,A,F,A,C,A,B,H,-,B,A,0,,,,,Y,,D,22,1,0,0,0,0,0,0,0,0,"- ","- ",40.611221313476562,-122.45391082763672,SHASTA,UNINCORPORATED,-122.45388793945312,40.611209869384766
92027279,2023,2023-03-23,9135,2023-03-18,1250,016480,,6,1,5,4502,0,1,3,,2,040,"SR-44 W/B","OLD OREGON TRAIL",661.00,E,N,A,-,Y,SHA,,44," ",R,3.750,H,,L,Y,2,0,2,2,A,-,03,22350,,N,C,C,A,A,H,-,A,D,0,,,,,Y,,A,01,1,1,0,0,0,0,0,0,0,"- ","- ",40.5601806640625,-122.29853057861328,SHASTA,REDDING,-122.29851531982422,40.560195922851562
92027325,2023,2023-03-23,9135,2023-03-15,2003,019710,,3,2,9,4500,0,1,3,,1,401,"STATE HIGHWAY 44","MCCUMBER LAKE ROAD",2100.00,W,N,A,-,Y,SHA,,44," "," ",38.553,H,,R,Y,2,0,1,2,A,-,06,21751,,N,B,C,A,A,H,-,D,D,0,,,,,Y,,D,22,1,0,0,0,0,0,0,0,0,"- ","- ",40.517490386962891,-121.76383972167969,SHASTA,UNINCORPORATED,-121.76383972167969,40.517498016357422
92027328,2023,2023-03-23,9135,2023-02-12,1655,016513,,7,2,9,4500,0,1,1,,2,053,"I-5 N/B",SR-273,3643.00,S,N,A,-,Y,SHA,,5," ",R,3.128,H,,R,Y,1,1,2,1,D,-,00,,,N,E,I,A,A,H,-,A,D,0,,,,,Y,Y,-,"- ",1,1,0,0,0,0,0,0,0,"- ","- ",40.420909881591797,-122.28196716308594,SHASTA,UNINCORPORATED,-122.28205871582031,40.420902252197266
92039605,2023,2023-04-07,9135,2023-03-22,2155,017698,,3,2,9,4500,0,3,5,,2,004,"DESCHUTES ROAD","VALLOTTON LANE",2640.00,S,N,B,C,N,,,,,,,,,,Y,2,0,1,1,C,-,18,,,N,E,I,A,B,H,-,D,D,0,,,,,Y,,-,"- ",1,0,0,0,0,0,0,0,0,"- ","- ",40.616500854492188,-122.23420715332031,SHASTA,UNINCORPORATED,-122.23426055908203,40.616233825683594
92054704,2023,2023-04-27,9135,2023-04-09,"255 ",017698,,7,3,9,4500,0,1,3,,1,302,"SR-273 S/B","JESSE ROAD",10.00,W,N,A,-,Y,SHA,,273," "," ",9.221,H,,L,Y,2,0,1,1,A,-,01,23152,A,N,E,I,A,A,H,-,C,D,0,,,,,Y,Y,A,01,1,0,0,0,0,0,0,0,0,"- ","- ",40.486881256103516,-122.35501861572266,SHASTA,UNINCORPORATED,-122.35493469238281,40.486949920654297
92064103,2023,2023-05-08,9146,2023-04-26,1709,017955,,3,2,9,4500,0,1,1,,2,014,I-5,"GIBSON ROAD",7392.00,N,N,A,-,Y,SHA,,5," ",R,54.729,H,,R,Y,2,0,2,2,A,-,08,22107,,N,B,C,A,A,H,-,A,D,0,,,,Y,Y,,E,22,1,0,1,0,0,0,0,0,0,"- ","- ",41.045059204101562,-122.39215850830078,SHASTA,UNINCORPORATED,-122.39218902587891,41.045082092285156
92067638,2023,2023-05-12,9135,2023-05-11,"930 ",021571,,4,1,5,4502,0,1,3,,2,603,SR-299,"BALDY MCCULLEY RD",756.00,W,N,A,-,Y,SHA,,299," "," ",98.387,H,,R,Y,2,0,1,1,A,-,08,22107,,N,E,I,A,A,H,-,A,D,0,,,,,Y,,A,01,1,0,0,0,0,0,0,0,0,"- ","- ",41.067440032958984,-121.3486328125,SHASTA,REDDING,-121.34867095947266,41.067508697509766
92091917,2023,2023-06-12,9135,2023-05-25,1750,017698,,4,2,9,4500,0,3,5,,2,004,"OLD 44 DRIVE","KIBLEY ROAD",750.00,W,N,B,-,N,,,,,,,,,,N,2,0,1,2,A,-,03,22350,,N,D,C,A,B,H,-,A,D,0,,,Y,,Y,,C,02,1,0,0,0,0,0,0,0,1,"- ","- ",40.564189910888672,-122.26857757568359,SHASTA,UNINCORPORATED,-122.26987457275391,40.563922882080078
9211623,2020,2021-02-18,4502,2020-12-08,1601,R0158,R07,2,5,5,4502,0,0,0,,0,007,"LAKE BL","OASIS RD",0.00,,Y,A,-,N,,,,,,,,,,Y,1,1,2,2,A,-,00,23153,E,N,D,C,A,A,H,-,A,A,0,,,,,Y,,A,01,1,1,0,0,0,0,0,0,0,"- ","- ",40.627410888671875,-122.40522003173828,SHASTA,REDDING,-122.40522766113281,40.627368927001953
92138013,2023,2024-06-04,9135,2023-08-05,"355 ",020363,,6,3,9,4500,0,3,5,,2,003,"GAS POINT RD","DICKENS LN",1050.00,W,N,A,-,N,,,,,,,,,,N,1,1,0,1,A,-,01,23152,A,N,E,I,A,A,H,-,D,D,0,,,,,Y,Y,A,01,0,0,0,0,0,0,0,0,0,"- ","- ",40.388961791992188,-122.36627960205078,SHASTA,UNINCORPORATED,-122.3658447265625,40.3890380859375
92140972,2023,2023-08-10,9135,2023-07-30,1415,019683,,7,2,9,4500,0,3,5,,2,002,"SWEDE CREEK RD","WHITE ROCK RD.",0.00,,Y,A,-,N,,,,,,,,,,N,2,0,1,1,A,-,03,22350,,N,E,I,A,A,H,-,A,D,0,,,Y,,Y,,C,02,1,0,0,0,0,0,0,0,1,"- ","- ",40.579460144042969,-122.21987915039062,SHASTA,UNINCORPORATED,,
92143991,2023,2023-08-15,9135,2023-08-12,"45  ",020004,,6,3,9,4500,0,3,5,,2,004,"BALLS FERRY RD","DAVEY WAY",5.00,S,N,A,-,N,,,,,,,,,,Y,2,0,1,1,A,-,01,23152,A,M,E,8,A,A,H,-,D,A,0,,,,,Y,Y,D,22,1,0,0,0,0,0,0,0,0,"- ","- ",40.455268859863281,-122.27401733398438,SHASTA,UNINCORPORATED,-122.27420043945312,40.455211639404297
92154284,2023,2023-08-25,9135,2023-07-01,1835,020908,,6,2,9,4500,0,3,5,,2,002,"GLENBURN RD",SR-299,4752.00,N,N,A,-,N,,,,,,,,,,Y,1,1,0,1,A,-,01,23152,A,N,E,I,A,A,H,-,A,D,0,,,,,Y,Y,D,22,0,0,0,0,0,0,0,0,0,"- ","- ",41.008331298828125,-121.46050262451172,SHASTA,UNINCORPORATED,-121.46049499511719,41.008399963378906
92155793,2023,2023-08-28,9135,2023-08-20,1406,019683,,7,2,9,4500,0,3,5,,2,003,"WEST ANDERSON RD","DAVIDSON LN.",4460.00,N,N,B,-,N,,,,,,,,,,N,2,0,1,1,A,-,03,22350,,N,E,I,A,A,B,-,A,D,0,,,Y,,Y,,C,02,1,0,0,0,0,0,0,0,1,"- ","- ",40.423568725585938,-122.33216857910156,SHASTA,UNINCORPORATED,-122.33226776123047,40.423549652099609
92162421,2023,2023-09-05,9135,2023-08-30,1840,019493,,3,2,9,4500,0,2,S,,2,205,"OLD 44 DRIVE","TWIN CREEK LANE",300.00,E,N,A,-,N,,,,,,,,,,Y,2,0,1,1,A,-,08,22107,,N,E,8,A,A,H,-,A,D,0,,,,,Y,,D,22,1,0,0,0,0,0,0,0,0,"- ","- ",40.563808441162109,-122.28671264648438,SHASTA,UNINCORPORATED,-122.28661346435547,40.563899993896484
92166899,2023,2023-09-11,9135,2023-09-03,1400,019683,,7,2,9,4500,0,3,5,,2,004,"CHURN CREEK RD","QUAIL CREEK RD",30.00,S,N,A,-,N,,,,,,,,,,N,2,0,1,2,A,-,08,22100,A,N,A,C,A,A,H,-,A,D,0,,,Y,,Y,,A,01,1,0,0,0,0,0,0,0,1,"- ","- ",40.480098724365234,-122.31157684326172,SHASTA,UNINCORPORATED,-122.3115234375,40.480106353759766
92170255,2023,2023-09-14,9135,2023-09-01,1921,019683,,5,2,9,4500,0,1,1,,2,056,"INTERSTATE 5 S/B","TURNTABLE BAY RD. OVERCROSSING",1684.00,S,N,C,-,Y,SHA,,5," ",R,29.080,H,,L,N,2,0,1,1,A,-,03,22350,,N,F,A,A,B,H,-,D,D,0,,,,,Y,,A,07,1,0,0,0,0,0,0,0,0,"- ","- ",40.770069122314453,-122.3140869140625,SHASTA,UNINCORPORATED,-122.31404113769531,40.770042419433594
92171076,2023,2023-10-03,9135,2023-09-10,1850,016513,,7,2,9,4500,0,3,5,,2,003,"HAPPY VALLEY RD","OLINDA RD",0.00,,Y,A,-,N,,,,,,,,,,N,2,0,4,3,A,-,12,22450,A,N,D,C,A,A,H,-,A,A,0,,,,,Y,,A,08,1,0,3,0,0,0,0,0,0,"- ","- ",40.439460754394531,-122.40756988525391,SHASTA,UNINCORPORATED,-122.40760040283203,40.439449310302734
92171224,2023,2023-09-15,9135,2023-09-12,2300,018837,,2,3,9,4500,0,3,5,,2,002,"LAKE MCCUMBER ROAD","EMIGRANT TRL",380.00,N,N,A,-,N,,,,,,,,,,Y,2,0,1,1,A,-,01,23152,A,N,E,9,A,A,H,-,D,D,0,,,,,Y,Y,A,07,1,0,0,0,0,0,0,0,0,"- ","- ",40.528949737548828,-121.74690246582031,SHASTA,UNINCORPORATED,-121.74680328369141,40.528831481933594
92181489,2023,2023-09-27,9135,2023-09-25,"811 ",018866,,1,1,9,4500,0,1,3,,2,601,SR-299,"BUNCH GRASS LOOKOUT RD",1056.00,W,N,A,-,Y,,,,,,,,,,Y,2,0,1,2,A,-,03,22350,,N,C,C,A,A,D,-,A,A,0,,,,Y,Y,,A,07,1,0,0,0,0,0,0,0,0,"- ","- ",40.841751098632812,-121.76461791992188,SHASTA,UNINCORPORATED,-121.76641082763672,40.852310180664062
92196201,2023,2023-10-11,9135,2023-09-29,1830,019493,,5,2,9,4500,0,1,3,,1,201,"STATE ROUTE 299","SEAMAN GULCH RD",1500.00,E,N,C,-,Y,SHA,,299," "," ",41.777,H,,R,Y,2,0,2,1,A,-,03,22350,,N,E,I,A,B,H,-,A,D,0,,,,,Y,,A,07,2,0,0,0,0,0,0,0,0,"- ","- ",40.708431243896484,-122.09040832519531,SHASTA,UNINCORPORATED,-122.09052276611328,40.70843505859375