CASE_ID,ACCIDENT_YEAR,PROC_DATE,JURIS,COLLISION_DATE,COLLISION_TIME,OFFICER_ID,REPORTING_DISTRICT,DAY_OF_WEEK,CHP_SHIFT,POPULATION,CNTY_CITY_LOC,SPECIAL_COND,BEAT_TYPE,CHP_BEAT_TYPE,CITY_DIVISION_LAPD,CHP_BEAT_CLASS,BEAT_NUMBER,PRIMARY_RD,SECONDARY_RD,DISTANCE,DIRECTION,INTERSECTION,WEATHER_1,WEATHER_2,STATE_HWY_IND,CALTRANS_COUNTY,CALTRANS_DISTRICT,STATE_ROUTE,ROUTE_SUFFIX,POSTMILE_PREFIX,POSTMILE,LOCATION_TYPE,RAMP_INTERSECTION,SIDE_OF_HWY,TOW_AWAY,COLLISION_SEVERITY,NUMBER_KILLED,NUMBER_INJURED,PARTY_COUNT,PRIMARY_COLL_FACTOR,PCF_CODE_OF_VIOL,PCF_VIOL_CATEGORY,PCF_VIOLATION,PCF_VIOL_SUBSECTION,HIT_AND_RUN,TYPE_OF_COLLISION,MVIW,PED_ACTION,ROAD_SURFACE,ROAD_COND_1,ROAD_COND_2,LIGHTING,CONTROL_DEVICE,CHP_ROAD_TYPE,PEDESTRIAN_ACCIDENT,BICYCLE_ACCIDENT,MOTORCYCLE_ACCIDENT,TRUCK_ACCIDENT,NOT_PRIVATE_PROPERTY,ALCOHOL_INVOLVED,STWD_VEHTYPE_AT_FAULT,CHP_VEHTYPE_AT_FAULT,COUNT_SEVERE_INJ,COUNT_VISIBLE_INJ,COUNT_COMPLAINT_PAIN,COUNT_PED_KILLED,COUNT_PED_INJURED,COUNT_BICYCLIST_KILLED,COUNT_BICYCLIST_INJURED,COUNT_MC_KILLED,COUNT_MC_INJURED,PRIMARY_RAMP,SECONDARY_RAMP,LATITUDE,LONGITUDE,COUNTY,CITY,POINT_X,POINT_Y
92198930,2023,2023-10-13,9146,2023-10-06,"542 ",018347,,5,3,9,4500,0,1,1,,2,013,"I-5 S/B","SWEETBRIER AVENUE",1056.00,S,N,A,-,Y,SHA,,5," "," ",61.405,H,,L,N,2,0,1,2,A,-,03,22350,,F,E,9,E,A,H,-,D,D,0,Y,,,,Y,,D,22,1,0,0,0,1,0,0,0,0,"- ","- ",41.118679046630859,-122.32823181152344,SHASTA,UNINCORPORATED,-122.32815551757812,41.118679046630859
92203747,2023,2024-07-23,9135,2023-10-07,1946,019710,,6,2,9,4500,0,3,5,,2,004,"BALLS FERRY RD","ADOBE ROAD",510.00,E,N,A,-,N,,,,,,,,,,Y,2,0,1,2,A,-,01,23152,A,N,E,8,A,A,H,-,D,D,0,,,,,Y,Y,A,01,1,0,0,0,0,0,0,0,0,"- ","- ",40.404041290283203,-122.23191833496094,SHASTA,UNINCORPORATED,-122.23194885253906,40.404048919677734
92204789,2023,2023-10-20,9135,2023-10-16,"200 ",020491,,1,3,9,4500,0,1,3,,2,040,SR-44,"BOULDER RIDGE TRAIL",275.00,E,N,A,-,Y,SHA,,44," ",R,23.682,H,,R,Y,2,0,2,2,A,-,05,21460,A,N,A,C,A,A,H,-,D,D,0,,,,,Y,,A,01,2,0,0,0,0,0,0,0,0,"- ","- ",40.509738922119141,-121.95575714111328,SHASTA,UNINCORPORATED,-121.95576477050781,40.509754180908203
92228941,2023,2023-11-06,9135,2023-10-31,1138,018133,,2,1,9,4500,0,3,5,,2,002,"OLD OREGON TRAIL","COLLEGE VIEW DR",0.00,,Y,A,-,N,,,,,,,,,,Y,2,0,1,2,A,-,08,22107,,N,D,C,A,A,H,-,A,A,0,,,,,Y,,A,01,1,0,0,0,0,0,0,0,0,"- ","- ",40.619228363037109,-122.31857299804688,SHASTA,UNINCORPORATED,-122.31842041015625,40.619232177734375
92234226,2023,2023-11-13,9135,2023-10-14,"302 ",020491,,6,3,9,4500,0,1,1,,2,054,"I-5 S/B TO E. CYPRESS AVENUE","E. CYRESS AVENUE",1109.00,N,N,A,-,Y,SHA,,5," ",R,14.680,H,,L,N,1,1,0,2,A,-,11,21954,A,N,G,B,E,A,H,-,C,D,0,Y,,,,Y,,N,60,0,0,0,1,0,0,0,0,0,"- ","- ",40.574249267578125,-122.36078643798828,SHASTA,UNINCORPORATED,-122.36068725585938,40.574249267578125
92235435,2023,2023-11-14,9135,2023-11-10,1444,018829,,5,2,9,4500,0,3,5,,2,002,"NEVADA TRAIL","BUNTLINE DRIVE",130.00,S,N,A,-,N,,,,,,,,,,Y,2,0,1,1,B,-,22,,,N,F,A,A,A,H,-,A,D,0,,,Y,,Y,,C,06,1,0,0,0,0,0,0,0,1,"- ","- ",40.625930786132812,-122.279296875,SHASTA,UNINCORPORATED,-122.27949523925781,40.626094818115234
92236966,2023,2023-11-15,9146,2023-06-26,1930,017958,,1,2,9,4500,0,1,1,,2,014,"INTERSTATE 5","GIBSON ROAD",528.00,S,N,B,-,Y,,,,,,,,,,Y,1,1,0,1,A,-,08,22107,,N,F,0,A,A,H,-,B,D,0,,,Y,,Y,,C,02,0,0,0,0,0,0,0,1,0,"- ","- ",41.023830413818359,-122.29688262939453,SHASTA,UNINCORPORATED,-122.40606689453125,41.015491485595703
92239868,2023,2023-11-20,9135,2023-11-07,1811,019710,,2,2,9,4500,0,1,3,,1,301,"STATE ROUTE 299","MACKLEY ALLEY",170.00,E,N,A,-,Y,SHA,,5," ",R,16.978,H,,L,N,2,0,1,2,A,-,11,21954,A,N,G,B,D,A,H,-,D,D,0,Y,,,,Y,,N,60,1,0,0,0,1,0,0,0,0,"- ","- ",40.607440948486328,-122.36196136474609,SHASTA,UNINCORPORATED,-122.36195373535156,40.607440948486328
92249550,2023,2023-11-30,9135,2023-11-26,"140 ",021571,,7,3,9,4500,0,1,3,,2,603,SR-299,"AIRPORT WAY",1056.00,W,N,A,-,Y,SHA,,299," "," ",92.390,H,,R,Y,2,0,1,1,A,-,01,23152,A,N,E,8,A,A,H,-,D,D,0,,,,,Y,Y,A,01,1,0,0,0,0,0,0,0,0,"- ","- ",41.014991760253906,-121.4327392578125,SHASTA,UNINCORPORATED,-121.43264770507812,41.014961242675781
9225339,2020,2021-02-18,4502,2020-03-19,1739,529,R05,4,5,5,4502,0,0,0,,0,005,"CANYON CREEK RD","BUENAVENTURA BL",0.00,,Y,A,-,N,,,,,,,,,,Y,2,0,1,1,A,-,03,22350,,N,H,I,A,A,H,-,A,D,0,,,Y,,Y,,C,02,1,0,0,0,0,0,0,0,1,"- ","- ",40.557140350341797,-122.3992919921875,SHASTA,REDDING,-122.39926910400391,40.557121276855469
92260269,2023,2023-12-12,9135,2023-12-03,1108,018133,,7,1,9,4500,0,1,3,,1,301,SR-299,"WHISKEY CREEK RD",1584.00,W,N,B,-,Y,SHA,,299," "," ",13.557,H,,R,Y,2,0,2,2,A,-,05,21460,A,N,A,C,A,B,H,-,A,D,0,,,,,Y,,A,01,1,1,0,0,0,0,0,0,0,"- ","- ",40.636989593505859,-122.56597137451172,SHASTA,UNINCORPORATED,-122.56595611572266,40.636997222900391
92278397,2022,2024-01-03,9135,2022-03-01,1256,019447,,2,1,5,4502,0,1,1,,2,054,"INTERSTATE 5 NORTHBOUND","HILLTOP DRIVE OVERCROSSING",509.00,N,N,A,-,Y,SHA,,5,,R,16.244,H,,R,Y,2,0,2,3,A,-,08,22107,,N,C,E,E,A,H,-,A,D,0,Y,,,Y,Y,,F,26,2,0,0,0,1,0,0,0,0,"- ","- ",40.596931457519531,-122.36035919189453,SHASTA,REDDING,-122.36041259765625,40.596931457519531
92281718,2023,2024-01-08,9135,2023-10-31,1955,015418,,2,2,9,4500,0,1,3,,2,402,SR-44,"BRUSH CREEK ROAD",124.00,E,N,A,-,Y,SHA,,44," "," ",32.872,H,,R,Y,1,3,2,1,A,-,08,22107,,N,H,7,A,A,C,-,D,D,0,,,,,Y,,A,07,2,0,0,0,0,0,0,0,0,"- ","- ",40.49530029296875,-121.865966796875,SHASTA,UNINCORPORATED,-121.865966796875,40.495269775390625
92295790,2024,2024-01-24,9135,2024-01-09,2002,017428,,2,2,9,4500,0,3,5,,2,001,"WONDERLAND BLVD.","FLINTSTONE AVE.",35.00,S,N,B,-,N,,,,,,,,,,Y,2,0,1,2,D,-,00,,,F,B,G,A,A,H,-,D,D,0,,Y,,,Y,,-,"- ",1,0,0,0,0,0,1,0,0,"- ","- ",40.707439422607422,-122.33837890625,SHASTA,UNINCORPORATED,-122.33831787109375,40.707435607910156
92305979,2023,2024-02-08,9135,2023-11-04,2500,020361,,6,4,9,4500,0,3,5,,2,004,"ROCK CREEK ROAD","OLE AVE",235.00,S,N,A,-,N,,,,,,,,,,Y,1,1,0,1,A,-,01,23152,A,N,E,I,A,A,H,-,D,D,0,,,,,Y,Y,A,01,0,0,0,0,0,0,0,0,0,"- ","- ",40.444278717041016,-122.86952209472656,SHASTA,UNINCORPORATED,-121.86949920654297,40.444210052490234
92311508,2024,2024-02-12,9135,2024-02-07,"907 ",018866,,3,1,9,4500,0,1,3,,2,601,SR-299,"BUNCH GRASS LOOKOUT RD",1584.00,E,N,D,-,Y,SHA,,299," "," ",68.807,H,,R,Y,2,0,2,2,A,-,08,22107,,N,A,C,A,C,H,-,A,D,0,,,,,Y,,D,22,1,1,0,0,0,0,0,0,0,"- ","- ",40.853469848632812,-121.75142669677734,SHASTA,UNINCORPORATED,-121.75142669677734,40.853488922119141
92320324,2024,2024-02-22,9135,2024-02-19,1824,021161,,1,2,9,4500,0,3,5,,2,003,"SMITH ROAD","ADRA ROAD",274.00,E,N,B,C,N,,,,,,,,,,Y,2,0,1,1,A,-,03,22350,,N,E,8,A,B,H,-,D,D,0,,,,,Y,,A,01,1,0,0,0,0,0,0,0,0,"- ","- ",40.520069122314453,-122.34696960449219,SHASTA,UNINCORPORATED,-122.34686279296875,40.520103454589844
9232506,2020,2021-04-26,4502,2020-05-02,2047,R158,R01,6,5,5,4502,0,0,0,,0,001,"BROWNING ST","LANCERS LN",0.00,,Y,A,-,N,,,,,,,,,,Y,2,0,2,2,A,-,09,21802,A,N,D,C,A,A,H,-,C,A,0,,,,,Y,,A,07,2,0,0,0,0,0,0,0,0,"- ","- ",40.590591430664062,-122.34520721435547,SHASTA,REDDING,-122.34519195556641,40.590541839599609
92330035,2024,2024-03-05,9135,2024-02-14,2258,020683,,3,3,9,4500,0,1,3,,1,301,SR-299,"GRIZZLY GULCH RD",1584.00,W,N,C,-,Y,SHA,,299," "," ",11.076,H,,R,Y,1,2,1,1,A,-,08,22107,,N,F,A,A,B,H,-,D,D,0,,,,,Y,,D,22,0,0,1,0,0,0,0,0,0,"- ","- ",40.650718688964844,-122.60263824462891,SHASTA,UNINCORPORATED,-122.60264587402344,40.650722503662109
92367969,2024,2024-04-18,9135,2024-04-08,1230,018021,,1,1,9,4500,0,3,5,,2,002,"FENDERS FERRY RD","MC CLOUD RIVER BRIDGE",26400.00,E,N,A,-,N,,,,,,,,,,N,2,0,1,1,A,-,03,22350,,N,F,A,A,A,H,-,A,D,0,,,Y,,Y,,C,02,1,0,0,0,0,0,0,0,1,"- ","- ",40.913490295410156,-122.201171875,SHASTA,UNINCORPORATED,-122.24381256103516,40.932449340820312
92378356,2024,2024-04-30,9135,2024-04-19,1400,019493,,5,2,9,4500,0,3,5,,2,004,"BALLS FERRY RD","PANORAMA POINT ROAD",0.00,,Y,A,-,N,,,,,,,,,,Y,2,0,1,2,A,-,12,22450,A,N,B,2,A,A,H,-,A,A,0,,,,,Y,,A,01,1,0,0,0,0,0,0,0,0,"- ","- ",40.40325927734375,-122.24469757080078,SHASTA,UNINCORPORATED,-122.24464416503906,40.403312683105469
92396955,2024,2024-05-23,9135,2024-05-13,2316,019638,,1,3,9,4500,0,3,5,,2,002,"OAK RUN RD","EAGLE RIDGE RD",1000.00,E,N,A,-,N,,,,,,,,,,Y,2,0,1,1,A,-,01,23152,F,N,E,8,A,A,H,-,D,D,0,,,,,Y,,D,22,1,0,0,0,0,0,0,0,0,"- ","- ",40.605968475341797,-122.15583801269531,SHASTA,UNINCORPORATED,-122.16038513183594,40.603752136230469
92400168,2024,2024-05-28,9135,2024-05-17,1830,020363,,5,2,5,4502,0,3,5,,2,003,"YOLLA BOLLY RD.","FIDDLERS RD.",2000.00,E,N,A,-,N,,,,,,,,,,N,2,0,1,1,A,-,08,22107,,N,E,I,A,A,H,-,A,D,0,,,Y,,Y,,C,06,1,0,0,0,0,0,0,0,1,"- ","- ",40.379570007324219,-122.74394226074219,SHASTA,REDDING,-122.73681640625,40.419513702392578
9240235,2021,2021-04-30,4501,2021-03-20,1704,236,A01,6,5,2,4501,0,0,0,,0,001,"FACTORY OUTLETS DR","RT 5",0.00,,Y,A,-,Y,SHA,2,5,-,R,4.124,R,4,N,N,2,0,1,1,D,-,00,,,N,E,I,A,A,H,-,A,D,0,,Y,,,Y,,-,"- ",1,0,0,0,0,0,1,0,0,"- ",NF,,,SHASTA,ANDERSON,-122.28591156005859,40.435100555419922
92410633,2024,2024-06-10,9135,2024-06-01,1659,021161,,6,2,9,4500,0,3,5,,2,004,"WILDCAT ROAD","BATTLE CREEK BOTTOM RD",528.00,N,N,A,-,N,,,,,,,,,,N,2,0,1,1,A,-,03,22350,,N,F,A,A,A,H,-,A,D,0,,,Y,,Y,,C,02,1,0,0,0,0,0,0,0,1,"- ","- ",40.434829711914062,-121.97963714599609,SHASTA,UNINCORPORATED,-121.97925567626953,40.432804107666016
92411833,2024,2024-06-11,9135,2024-05-25,1525,017428,,6,2,9,4500,0,3,5,,2,001,"JFK MEMORIAL DR.","BRANDY CREEK RD.",6336.00,E,N,A,-,N,,,,,,,,,,Y,2,0,3,2,A,-,01,23152,A,N,A,C,A,A,H,-,A,D,0,,,,,Y,Y,A,01,1,2,0,0,0,0,0,0,0,"- ","- ",40.609279632568359,-122.55905914306641,SHASTA,UNINCORPORATED,-122.56033325195312,40.609596252441406
92413079,2024,2024-06-12,9146,2024-06-03,1645,019430,,1,2,9,4500,0,1,1,,2,013,"I-5 N/B","CONANT RD.",158.00,S,N,A,-,Y,SHA,,5," "," ",60.479,H,,R,Y,2,0,1,1,A,-,08,22107,,N,E,8,A,A,H,-,A,D,0,,,,,Y,,D,22,1,0,0,0,0,0,0,0,0,"- ","- ",41.107429504394531,-122.33194732666016,SHASTA,UNINCORPORATED,-122.33198547363281,41.107467651367188
92416300,2024,2024-06-17,9135,2024-06-16,1200,023792,,7,1,5,4502,0,1,1,,2,054,"SB I-5",HILLTOP,1215.30,N,N,A,-,Y,SHA,,5," ",R,16.381,H,,R,Y,2,0,1,1,A,-,08,22107,,N,E,I,A,A,H,-,A,D,0,,,Y,,Y,,C,02,1,0,0,0,0,0,0,0,1,"- ","- ",40.598911285400391,-122.36076354980469,SHASTA,REDDING,-122.36042022705078,40.598911285400391
92417117,2024,2024-06-18,9135,2024-06-17,1245,016480,,1,1,9,4500,0,1,3,,1,301,"SR-299 W/B","HOADLEY PEAKS RD.",8448.00,E,N,A,-,Y,SHA,,299," ",R,1.891,H,,L,Y,2,0,1,1,A,-,08,22107,,N,E,I,A,A,H,-,A,D,0,,,,,Y,,D,22,1,0,0,0,0,0,0,0,0,"- ","- ",40.649158477783203,-122.70842742919922,SHASTA,UNINCORPORATED,-122.70846557617188,40.649288177490234
92425056,2024,2024-06-27,9146,2024-06-17,1330,020819,,1,1,9,4500,0,3,5,,2,003,"GIRARD RIDGE RD","RIVERSIDE RD",23760.00,E,N,A,-,N,,,,,,,,,,N,2,0,1,1,B,-,22,,,N,E,I,A,A,H,-,A,D,0,,,Y,,Y,,C,06,1,0,0,0,0,0,0,0,1,"- ","- ",41.124641418457031,-122.29042053222656,SHASTA,UNINCORPORATED,-122.28767395019531,41.124332427978516
92427799,2024,2024-07-01,9135,2024-06-22,1934,021168,,6,2,5,4502,0,1,3,,2,040,"SR 44","PARK MARINA DR",528.00,W,N,A,-,Y,SHA,,44," ",L,1.091,H,,R,Y,2,0,1,2,A,-,01,23152,A,N,C,C,A,A,H,-,A,D,0,,,,,Y,Y,A,07,1,0,0,0,0,0,0,0,0,"- ","- ",40.586368560791016,-122.37406921386719,SHASTA,REDDING,-122.37408447265625,40.586254119873047
92427827,2024,2024-07-01,9135,2024-06-22,1920,020696,,6,2,5,4502,0,1,1,,2,054,"NB I-5 TO E/B SR-44 TRANSITION ROAD","HILLTOP DR.",100.00,W,N,A,-,Y,,,,,,,,,,Y,2,0,1,1,A,-,01,23152,A,N,F,A,A,A,H,-,D,D,0,,,,,Y,Y,D,22,1,0,0,0,0,0,0,0,0,"- ","- ",40.582729339599609,-122.35923767089844,SHASTA,REDDING,-122.36041259765625,40.595500946044922
92429939,2024,2024-07-03,9135,2024-06-30,1834,019638,,7,2,9,4500,0,3,5,,2,001,"ROCK CREEK RD","STARDUST LN",38.00,E,N,A,-,N,,,,,,,,,,Y,2,0,1,1,A,-,08,22107,,N,F,I,A,A,H,-,A,D,0,,,,,Y,,A,07,1,0,0,0,0,0,0,0,0,"- ","- ",40.609130859375,-122.49565887451172,SHASTA,UNINCORPORATED,-122.49597930908203,40.609115600585938
92431575,2024,2024-07-05,9135,2024-06-30,2300,020683,,7,3,9,4500,0,3,5,,2,002,"WHITMORE RD","MIDHILL DRIVE",240.00,E,N,A,-,N,,,,,,,,,,Y,2,0,1,1,A,-,03,22350,,N,E,I,A,A,H,-,D,D,0,,,,,Y,,A,01,1,0,0,0,0,0,0,0,0,"- ","- ",40.622310638427734,-121.98017120361328,SHASTA,UNINCORPORATED,,
92436477,2024,2024-07-11,9135,2024-07-05,"140 ",021161,,5,3,9,4500,0,3,5,,2,001,"WESTSIDE ROAD","CORAM DRIVE",8976.00,S,N,A,-,N,,,,,,,,,,N,2,0,2,1,A,-,01,23153,A,N,E,I,A,A,H,-,D,D,0,,,Y,,Y,Y,C,06,1,1,0,0,0,0,0,0,2,"- ","- ",40.727119445800781,-122.44403076171875,SHASTA,UNINCORPORATED,-122.43010711669922,40.718219757080078
9248550,2021,2021-04-14,4501,2021-02-15,1408,230,A01,1,5,2,4501,0,0,0,,0,001,"NORTH ST","WEST CENTER ST",0.00,,Y,A,-,N,,,,,,,,,,Y,2,0,1,1,A,-,01,23152,A,N,E,I,A,A,H,-,C,D,0,,,Y,,Y,Y,C,02,1,0,0,0,0,0,0,0,1,"- ","- ",,,SHASTA,ANDERSON,-122.30159759521484,40.450248718261719
9256390,2020,2021-07-22,4502,2020-12-25,0121,R0193,R04,5,5,5,4502,0,0,0,,0,004,"SOUTH BONNYVIEW","BECHELLI LN",0.00,,Y,B,-,N,,,,,,,,,,Y,1,1,0,2,A,-,11,21954,A,N,G,B,D,A,H,-,C,A,0,Y,,,,Y,,N,60,0,0,0,1,0,0,0,0,0,"- ","- ",,,SHASTA,REDDING,-122.354736328125,40.538959503173828
9256541,2021,2021-08-30,4502,2021-01-12,1144,R0078,TRF,2,5,5,4502,0,0,0,,0,006,"RT 299","BENTON DR",285.00,N,N,C,-,Y,SHA,2,273,-,-,17.880,H,-,S,Y,1,1,1,2,A,-,05,21650,,N,F,C,A,B,H,-,A,D,0,,,,,Y,,D,22,0,1,0,0,0,0,0,0,0,"- ","- ",40.599510192871094,-122.38411712646484,SHASTA,REDDING,-122.38348388671875,40.600238800048828
92596447,2024,2024-07-24,9135,2024-06-19,"945 ",016513,,3,1,9,4500,0,3,5,,2,004,"DESCHUTES RD","BALLS FERRY RD",250.00,N,N,A,-,N,,,,,,,,,,N,1,1,0,2,A,-,09,21804,A,N,D,G,A,A,H,-,A,D,0,,Y,,Y,Y,,M,91,0,0,0,0,0,1,0,0,0,"- ","- ",40.447559356689453,-122.25782775878906,SHASTA,UNINCORPORATED,-122.2578125,40.447616577148438
9269962,2020,2021-06-08,4502,2020-08-22,0738,530,,6,5,5,4502,0,0,0,,0,003,"AIRPORT RD","HARTNELL AV",0.00,,Y,F,-,N,,,,,,,,,,Y,2,0,2,2,A,-,01,23152,A,N,D,C,A,A,H,-,A,A,0,,,,,Y,,A,01,1,1,0,0,0,0,0,0,0,"- ","- ",40.5589599609375,-122.30174255371094,SHASTA,REDDING,-122.30174255371094,40.558971405029297
9273203,2020,2021-06-18,4502,2020-10-06,0722,R0158,R04,2,5,5,4502,0,0,0,,0,004,"CYPRESS AV","ATHENS AV",24.00,W,N,A,-,N,,,,,,,,,,Y,2,0,1,2,A,-,12,21453,A,N,D,G,A,A,H,-,A,A,0,,Y,,,Y,,L,04,1,0,0,0,0,0,1,0,0,"- ","- ",40.573028564453125,-122.376708984375,SHASTA,REDDING,-122.37686920166016,40.573085784912109
9277920,2020,2021-07-15,4502,2020-09-12,1942,525,R02,6,5,5,4502,0,0,0,,0,002,"BECHELLI LN","GROVE ST",35.00,S,N,A,-,N,,,,,,,,,,N,2,0,1,2,A,-,03,22350,,N,D,G,A,A,H,-,C,A,0,,Y,,,Y,,L,04,1,0,0,0,0,0,1,0,0,"- ","- ",40.572078704833984,-122.36277770996094,SHASTA,REDDING,-122.36277008056641,40.571952819824219
92877341,2024,2024-07-29,9135,2024-07-27,"8   ",020696,,6,3,9,4500,0,1,3,,1,302,SR-273,"OVERLAND DR.",370.00,N,N,A,-,Y,SHA,,273," "," ",8.879,H,,R,N,2,0,1,2,A,-,11,21954,A,F,G,B,E,A,H,-,D,D,0,Y,,,,Y,,N,60,1,0,0,0,1,0,0,0,0,"- ","- ",40.483650207519531,-122.35012817382812,SHASTA,UNINCORPORATED,-122.34999084472656,40.483768463134766
92997288,2024,2024-07-31,9135,2024-06-19,"102 ",019638,,3,3,9,4500,0,3,5,,2,004,"BALLS FERRY RD","TREFOIL LN.",528.00,N,N,A,-,N,,,,,,,,,,Y,1,1,0,2,A,-,01,23152,,F,E,1,F,A,H,-,D,D,0,Y,,,,Y,Y,-,"- ",0,0,0,1,0,0,0,0,0,"- ","- ",40.397041320800781,-122.25341796875,SHASTA,UNINCORPORATED,-122.25347900390625,40.397167205810547
9312357,2021,2021-09-09,4501,2021-07-03,1032,238,A01,6,5,2,4501,0,0,0,,0,001,"RT 273","NORTH ST",7.50,N,N,A,-,Y,SHA,2,273,-,-,5.450,H,-,S,Y,2,0,2,2,A,-,01,23153,B,N,C,C,A,A,H,-,A,A,0,,,,,Y,Y,A,01,1,1,0,0,0,0,0,0,0,"- ","- ",,,SHASTA,ANDERSON,-122.30165100097656,40.450527191162109
9317499,2021,2021-09-02,4502,2021-01-10,0134,170,R04,7,5,5,4502,0,0,0,,0,R04,"EASTSIDE RD","PROGRESS ST",685.00,S,N,A,-,N,,,,,,,,,,Y,2,0,1,1,A,-,03,22350,,N,E,I,A,A,H,-,C,A,0,,,,,Y,,A,08,1,0,0,0,0,0,0,0,0,"- ","- ",40.556529998779297,-122.38773345947266,SHASTA,REDDING,-122.38738250732422,40.554668426513672
9320407,2021,2023-06-20,4502,2021-08-12,1921,193,R01,4,5,5,4502,0,0,0,,0,001,"OLD OREGON TRAIL","DER KINDER RD",168.00,N,N,A,-,N,,,,,,,,,,Y,1,1,0,2,A,-,05,21460,A,N,B,C,A,A,H,-,B,D,0,,,,,Y,Y,A,01,0,0,0,0,0,0,0,0,0,"- ","- ",,,SHASTA,REDDING,-122.29962921142578,40.569694519042969
9320410,2021,2023-06-20,4502,2021-10-17,2054,193,R03,7,5,5,4502,0,0,0,,0,,"C ST","5TH ST",90.00,N,N,A,-,N,,,,,,,,,,Y,1,1,1,3,A,-,00,21956,B,N,G,B,E,A,H,-,D,D,0,Y,,,,Y,,A,01,1,0,0,0,1,0,0,0,0,"- ","- ",,,SHASTA,REDDING,-122.35837554931641,40.560001373291016
93491523,2024,2024-08-05,9135,2024-07-23,2130,017698,,2,2,9,4500,0,3,5,,2,003,"HAWTHORNE AVENUE","KIM LANE",2112.00,W,N,A,-,N,,,,,,,,,,N,2,0,1,2,D,-,00,,,N,C,G,A,A,H,-,D,D,0,,Y,,,Y,,-,"- ",1,0,0,0,0,0,1,0,0,"- ","- ",40.477958679199219,-122.41780090332031,SHASTA,UNINCORPORATED,-122.41829681396484,40.478000640869141
93542097,2024,2024-08-05,9135,2024-07-28,2351,019493,,7,3,9,4500,0,1,S,,2,202,SR-299,"MPM 299SHA50.46",20.00,W,N,A,-,Y,SHA,,299," "," ",50.743,H,,R,Y,2,0,1,1,A,-,08,22107,,N,F,A,A,A,H,-,D,D,0,,,Y,,Y,,C,02,1,0,0,0,0,0,0,0,1,"- ","- ",40.780479431152344,-121.97566223144531,SHASTA,UNINCORPORATED,-121.9757080078125,40.780521392822266
9355840,2021,2021-11-10,4502,2021-03-26,0640,190,R07,5,5,5,4502,0,0,0,,0,007,"LAKE BL","NORTH MARKET ST",160.00,E,N,A,-,Y,SHA,2,299,-,-,24.120,H,-,E,Y,2,0,1,1,A,-,07,21658,A,N,E,I,A,A,H,-,A,D,0,,,Y,,Y,Y,C,02,1,0,0,0,0,0,0,0,1,"- ","- ",40.609428405761719,-122.37663269042969,SHASTA,REDDING,-122.37604522705078,40.609447479248047
9364992,2021,2021-12-30,4501,2021-11-16,1434,228,A02,2,5,2,4501,0,0,0,,0,CITY,"NORTH ST","OAK ST",0.00,,Y,A,-,N,,,,,,,,,,Y,2,0,1,2,A,-,09,21802,A,N,D,C,A,A,H,-,A,A,0,,,Y,,Y,,A,01,1,0,0,0,0,0,0,0,1,"- ","- ",,,SHASTA,ANDERSON,-122.29759979248047,40.453819274902344
9378466,2021,2021-12-09,4501,2021-11-04,2021,207,A01,4,5,2,4501,0,0,0,,0,A01,"RT 273","BRUCE ST",0.00,,Y,A,-,Y,SHA,2,273,-,-,5.060,H,-,S,N,2,0,1,2,A,-,05,21650,,F,A,C,A,A,H,-,D,D,0,,,Y,,Y,,C,03,1,0,0,0,0,0,0,0,1,"- ","- ",40.444759368896484,-122.29575347900391,SHASTA,ANDERSON,-122.296875,40.446456909179688
9378474,2021,2021-12-08,4501,2021-10-04,1844,228,A01,1,5,2,4501,0,0,0,,0,CITY,"RT 273","BRIGGS ST",0.00,,Y,A,-,Y,SHA,2,273,-,-,5.830,I,5,S,Y,2,0,2,2,A,-,01,23152,A,N,D,C,A,A,H,-,B,A,0,,,Y,,Y,Y,C,02,1,0,1,0,0,0,0,0,1,"- ","- ",,,SHASTA,ANDERSON,-122.30710601806641,40.454235076904297
9402052,2021,2022-03-08,4502,2021-05-13,0655,158,R03,4,5,5,4502,0,0,0,,0,003,"RANCHO RD","GOODWATER AV",623.00,E,N,A,-,N,,,,,,,,,,Y,2,0,1,2,A,-,01,23153,F,N,F,C,A,A,H,-,A,D,0,,,,,Y,,A,07,1,0,0,0,0,0,0,0,0,"- ","- ",40.534770965576172,-122.30278778076172,SHASTA,REDDING,-122.31241607666016,40.534717559814453
9433560,2022,2022-10-28,4502,2022-02-22,1030,539,R05,2,5,5,4502,0,0,0,,0,005,"CALIFORNIA ST","PLACER ST",0.00,,Y,A,-,N,,,,,,,,,,Y,2,0,1,2,A,-,12,21453,A,N,D,C,A,A,H,-,A,A,0,,,,,Y,,A,01,1,0,0,0,0,0,0,0,0,"- ","- ",40.582061767578125,-122.39132690429688,SHASTA,REDDING,-122.39131927490234,40.582061767578125