CASE_ID,ACCIDENT_YEAR,PROC_DATE,JURIS,COLLISION_DATE,COLLISION_TIME,OFFICER_ID,REPORTING_DISTRICT,DAY_OF_WEEK,CHP_SHIFT,POPULATION,CNTY_CITY_LOC,SPECIAL_COND,BEAT_TYPE,CHP_BEAT_TYPE,CITY_DIVISION_LAPD,CHP_BEAT_CLASS,BEAT_NUMBER,PRIMARY_RD,SECONDARY_RD,DISTANCE,DIRECTION,INTERSECTION,WEATHER_1,WEATHER_2,STATE_HWY_IND,CALTRANS_COUNTY,CALTRANS_DISTRICT,STATE_ROUTE,ROUTE_SUFFIX,POSTMILE_PREFIX,POSTMILE,LOCATION_TYPE,RAMP_INTERSECTION,SIDE_OF_HWY,TOW_AWAY,COLLISION_SEVERITY,NUMBER_KILLED,NUMBER_INJURED,PARTY_COUNT,PRIMARY_COLL_FACTOR,PCF_CODE_OF_VIOL,PCF_VIOL_CATEGORY,PCF_VIOLATION,PCF_VIOL_SUBSECTION,HIT_AND_RUN,TYPE_OF_COLLISION,MVIW,PED_ACTION,ROAD_SURFACE,ROAD_COND_1,ROAD_COND_2,LIGHTING,CONTROL_DEVICE,CHP_ROAD_TYPE,PEDESTRIAN_ACCIDENT,BICYCLE_ACCIDENT,MOTORCYCLE_ACCIDENT,TRUCK_ACCIDENT,NOT_PRIVATE_PROPERTY,ALCOHOL_INVOLVED,STWD_VEHTYPE_AT_FAULT,CHP_VEHTYPE_AT_FAULT,COUNT_SEVERE_INJ,COUNT_VISIBLE_INJ,COUNT_COMPLAINT_PAIN,COUNT_PED_KILLED,COUNT_PED_INJURED,COUNT_BICYCLIST_KILLED,COUNT_BICYCLIST_INJURED,COUNT_MC_KILLED,COUNT_MC_INJURED,PRIMARY_RAMP,SECONDARY_RAMP,LATITUDE,LONGITUDE,COUNTY,CITY,POINT_X,POINT_Y
9433754,2021,2022-10-17,4502,2021-12-01,1143,526,R02,3,5,5,4502,0,0,0,,0,002,"CHURN CREEK RD","HARTNELL AV",234.00,S,N,A,-,N,,,,,,,,,,Y,2,0,1,2,A,-,09,21804,A,N,D,G,A,A,H,-,A,D,0,,Y,,,Y,,L,04,1,0,0,0,0,0,1,0,0,"- ","- ",40.563808441162109,-122.3531494140625,SHASTA,REDDING,-122.35311889648438,40.563179016113281
9435408,2021,2022-05-02,4502,2021-07-25,1215,539,R04,7,5,5,4502,0,0,0,,0,004,"SOUTH BONNYVIEW RD","EASTSIDE RD",81.00,E,N,A,-,N,,,,,,,,,,Y,2,0,5,4,A,-,03,22350,,F,C,C,A,A,H,-,A,A,0,,,,,Y,,A,01,1,4,0,0,0,0,0,0,0,"- ","- ",40.529850006103516,-122.38031768798828,SHASTA,REDDING,-122.38006591796875,40.530017852783203
94371883,2024,2025-08-27,9135,2024-08-16,2307,023834,,5,3,9,4500,0,1,1,,2,056,"S/B I-5","BRIDGE BAY ROAD OVERCROSSING",5036.00,N,N,A,-,Y,SHA,,5," ",R,28.583,H,,R,N,1,1,1,6,A,-,03,22350,,N,A,J,A,A,H,-,D,D,0,,,,Y,Y,,A,07,1,0,0,0,0,0,0,0,0,"- ","- ",40.764308929443359,-122.31877136230469,SHASTA,UNINCORPORATED,-122.31873321533203,40.764308929443359
94379552,2024,2024-09-03,9135,2024-07-11,"130 ",020361,,4,3,9,4500,0,1,3,,1,302,SR-273,"HAPPY VALLEY ROAD",0.00,,Y,B,-,N,,,,,,,,,,Y,1,2,1,1,A,-,08,22107,,N,E,I,A,A,H,-,C,A,0,,,,,Y,,A,01,1,0,0,0,0,0,0,0,0,"- ","- ",40.494510650634766,-122.36564636230469,SHASTA,UNINCORPORATED,-122.36597442626953,40.494457244873047
94415013,2024,2024-10-01,9135,2024-08-15,"217 ",019638,,4,3,9,4500,0,1,3,,1,201,"SR-299 E/B","BLUE SKY RD",15.00,W,N,A,-,Y,SHA,,299," "," ",34.543,H,,R,Y,1,2,0,1,A,-,08,22107,,N,E,I,A,A,H,-,D,D,0,,,,,Y,,D,22,0,0,0,0,0,0,0,0,0,"- ","- ",40.661170959472656,-122.196533203125,SHASTA,UNINCORPORATED,-122.19651031494141,40.661224365234375
94420935,2024,2024-11-18,9135,2024-09-25,1925,021204,,3,2,9,4500,0,3,5,,2,003,"W. ANDERSON DR","OLINDA RD",8448.00,S,N,A,-,N,,,,,,,,,,Y,2,0,2,2,A,-,01,23152,A,N,A,C,A,A,H,-,D,D,0,,,,,Y,Y,A,07,2,0,0,0,0,0,0,0,0,"- ","- ",40.429218292236328,-122.32875823974609,SHASTA,UNINCORPORATED,-122.30428314208984,40.437698364257812
94423054,2024,2024-10-08,9135,2024-09-26,1030,019493,,4,1,9,4500,0,3,5,,2,003,"CLEAR CREEK RD","CLOVERDALE RD",3168.00,W,N,A,-,N,,,,,,,,,,Y,2,0,1,1,C,-,18,,,N,E,H,A,A,H,-,A,D,0,,,Y,,Y,,-,"- ",1,0,0,0,0,0,0,0,1,"- ","- ",40.488739013671875,-122.52123260498047,SHASTA,UNINCORPORATED,-122.52176666259766,40.488979339599609
94424812,2024,2024-10-09,9135,2024-09-28,1045,019493,,6,1,9,4500,0,3,5,,2,001,"LAKE BLVD","MAC'S RD",10.00,S,N,A,-,N,,,,,,,,,,N,2,0,1,2,A,-,03,22350,,N,C,G,A,A,H,-,A,D,0,,Y,,,Y,,A,01,1,0,0,0,0,0,1,0,0,"- ","- ",40.639541625976562,-122.40115356445312,SHASTA,UNINCORPORATED,-122.40119934082031,40.639636993408203
94434991,2024,2024-10-17,9135,2024-08-29,"50  ",020363,,4,3,5,4502,0,1,3,,2,040,"SR-44 E/B","OLD OREGON TRAIL",2165.00,E,N,A,-,Y,SHA,,44," ",R,4.039,H,,R,Y,1,1,3,1,A,-,01,23152,F,N,E,8,A,A,H,-,D,D,0,,,,,Y,,A,07,3,0,0,0,0,0,0,0,0,"- ","- ",40.557918548583984,-122.29374694824219,SHASTA,REDDING,-122.29370880126953,40.558063507080078
94438146,2024,2024-10-21,9135,2024-08-15,2115,020363,,4,2,5,4502,0,3,5,,2,003,"ANDERSON DR.","SHOOTING STAR WAY",3432.00,S,N,A,-,N,,,,,,,,,,Y,1,1,0,1,A,-,01,23152,F,N,E,8,A,A,H,-,D,D,0,,,,,Y,,A,01,0,0,0,0,0,0,0,0,0,"- ","- ",40.431720733642578,-122.32032775878906,SHASTA,REDDING,-122.32061767578125,40.431632995605469
94449857,2024,2024-10-29,9135,2024-10-14,1440,019257,,1,2,9,4500,0,1,3,,2,602,"STATE ROUTE 299","ROFF WAY",60.00,E,N,A,-,Y,SHA,,299," "," ",75.753,H,,R,N,2,0,1,2,D,-,00,,,N,D,G,A,A,H,-,A,D,0,,Y,,,Y,,-,"- ",1,0,0,0,0,0,1,0,0,"- ","- ",40.887409210205078,-121.65545654296875,SHASTA,UNINCORPORATED,-121.65532684326172,40.887340545654297
94452105,2024,2024-10-31,9135,2024-08-10,1905,020361,,6,2,9,4500,0,1,3,,2,402,SR-44,"BLACK BUTTE ROAD",1384.00,W,N,A,-,Y,SHA,,44," ",R,20.981,H,,R,Y,1,1,2,2,A,-,05,21460,A,N,A,C,A,A,H,-,A,D,0,,,,,Y,Y,D,22,1,1,0,0,0,0,0,0,0,"- ","- ",40.503288269042969,-121.99897766113281,SHASTA,UNINCORPORATED,-121.99893188476562,40.503318786621094
94453071,2024,2024-10-31,9135,2024-10-14,1713,019257,,1,2,9,4500,0,1,3,,2,603,"STATE ROUTE 299","PIT #1 POWERHOUSE ROAD",5808.00,E,N,A,-,Y,SHA,,299," "," ",88.574,H,,R,Y,1,1,0,1,A,-,08,22107,,N,E,J,A,A,H,-,A,D,0,,,Y,,Y,,C,02,0,0,0,0,0,0,0,1,0,"- ","- ",40.993671417236328,-121.49221038818359,SHASTA,UNINCORPORATED,-121.49221038818359,40.993663787841797
94459977,2024,2024-11-06,9146,2024-10-28,2350,017958,,1,3,9,4500,0,1,1,,2,013,"INTERSTATE 5 (SOUTHBOUND)","CRAG VIEW DRIVE",1300.00,S,N,A,-,Y,SHA,,5," "," ",66.548,H,,R,Y,2,0,2,2,A,-,03,22350,,N,C,C,A,A,H,-,D,D,0,,,,Y,Y,,G,25,1,1,0,0,0,0,0,0,0,"- ","- ",41.178188323974609,-122.2938232421875,SHASTA,UNINCORPORATED,-122.29369354248047,41.178134918212891
94461363,2024,2024-11-07,9135,2024-10-19,1600,020363,,6,2,9,4500,0,3,5,,2,002,"OAK RUN RD","FERN RD",20064.00,S,N,A,-,N,,,,,,,,,,N,2,0,1,1,A,-,01,23152,A,N,E,I,A,A,H,-,A,D,0,,,,,Y,Y,D,22,1,0,0,0,0,0,0,0,0,"- ","- ",40.643001556396484,-122.08373260498047,SHASTA,UNINCORPORATED,,
9446383,2021,2022-06-03,4502,2021-09-26,0410,112,R02,7,5,5,4502,0,0,0,,0,002,"LARKSPUR LN",MIRAGLIA,492.00,S,N,A,-,N,,,,,,,,,,Y,2,0,3,1,A,-,08,22107,,N,E,I,A,A,H,-,C,D,0,,,,,Y,,D,22,1,2,0,0,0,0,0,0,0,"- ","- ",40.566131591796875,-122.35533905029297,SHASTA,REDDING,-122.35559844970703,40.566051483154297
9446487,2021,2022-05-27,4502,2021-09-27,1603,162,R03,1,5,5,4502,0,0,0,,0,003,"CHURN CREEK RD","ALROSE LN",34.00,E,N,A,-,N,,,,,,,,,,Y,2,0,2,3,A,-,09,21801,A,N,A,C,A,A,H,-,A,D,0,,,,,Y,,A,01,1,1,0,0,0,0,0,0,0,"- ","- ",40.538108825683594,-122.34898376464844,SHASTA,REDDING,-122.34774780273438,40.537822723388672
94465451,2024,2024-11-12,9146,2024-10-31,1655,021333,,4,2,9,4500,0,1,1,,2,013,"INTERSTATE 5","FLUME CREEK RD",2640.00,S,N,C,-,Y,SHA,,5," "," ",58.911,H,,R,Y,2,0,1,1,A,-,03,22350,,N,E,I,A,B,H,-,D,D,0,,,,,Y,,D,22,1,0,0,0,0,0,0,0,0,"- ","- ",41.091281890869141,-122.35141754150391,SHASTA,UNINCORPORATED,-122.35145568847656,41.091320037841797
9448779,2021,2022-06-06,4502,2021-10-25,1931,537,R07,1,5,5,4502,0,0,0,,0,007,"BELTLINE RD","ORSMBY WY",0.00,,Y,B,-,N,,,,,,,,,,Y,2,0,1,2,A,-,09,21800,B,N,D,C,A,A,H,-,C,D,0,,,Y,,Y,,A,01,1,0,0,0,0,0,0,0,0,"- ","- ",40.623680114746094,-122.38793182373047,SHASTA,REDDING,-122.38789367675781,40.623641967773438
94489207,2024,2024-12-02,9135,2024-11-23,2210,021168,,6,3,9,4500,0,3,5,,2,004,"OAK STREET","PALM AVENUE",0.00,,Y,B,-,N,,,,,,,,,,Y,2,0,1,1,A,-,01,23153,A,N,E,I,A,B,H,-,D,D,0,,,,,Y,Y,A,07,1,0,0,0,0,0,0,0,0,"- ","- ",40.450969696044922,-122.45420074462891,SHASTA,UNINCORPORATED,-122.45436096191406,40.451129913330078
94490389,2024,2024-12-03,9135,2024-11-28,1650,021571,,4,2,9,4500,0,1,3,,1,606,SR-89,"LAKE BRITTON BRIDGE",220.00,S,N,A,-,Y,SHA,,89," "," ",29.142,H,,R,Y,2,0,2,2,A,-,03,22350,,N,A,C,A,C,B,-,B,D,0,,,,,Y,,A,07,1,1,0,0,0,0,0,0,0,"- ","- ",41.015960693359375,-121.62384033203125,SHASTA,UNINCORPORATED,-121.62384796142578,41.015972137451172
94497018,2024,2024-12-13,9135,2024-11-30,"410 ",020361,,6,3,9,4500,0,1,3,,2,402,SR-44,"BROKEOFF MEADOWS RD",360.00,E,N,A,-,N,,,,,,,,,,Y,2,0,1,1,A,-,08,22107,,N,E,I,A,A,H,-,D,A,0,,,,,Y,,D,22,1,0,0,0,0,0,0,0,0,"- ","- ",40.520050048828125,-121.68105316162109,SHASTA,UNINCORPORATED,-121.68138122558594,40.520042419433594
94502393,2024,2024-12-13,9135,2024-11-17,1510,019801,,7,2,9,4500,0,3,5,,2,004,"SMITH RD","I-5 N/B",420.00,E,N,A,-,N,,,,,,,,,,N,1,1,1,1,A,-,08,22107,,N,F,A,A,A,H,-,A,D,0,,,,,Y,,M,96,0,1,0,0,0,0,0,0,0,"- ","- ",40.520069122314453,-122.34349822998047,SHASTA,UNINCORPORATED,-122.34391021728516,40.52008056640625
94517177,2024,2024-12-26,9135,2024-11-22,2150,021426,,5,2,9,4500,0,3,5,,2,004,"DERSCH ROAD","LEOPARD DRIVE",2534.00,W,N,C,-,N,,,,,,,,,,Y,1,1,0,1,A,-,08,22107,,N,E,8,A,B,H,-,D,D,0,,,,,Y,,A,07,0,0,0,0,0,0,0,0,0,"- ","- ",40.481361389160156,-122.16752624511719,SHASTA,UNINCORPORATED,-122.16757202148438,40.4813232421875
94535145,2024,2025-01-13,9135,2024-12-26,2207,024110,,4,3,5,4502,0,1,1,,2,054,"I-5 S/B","HARTNELL AVE",750.00,S,N,B,C,Y,SHA,,5," ",R,13.812,H,,L,Y,2,0,3,1,A,-,01,23152,A,M,E,I,A,B,H,-,C,D,0,,,,,Y,Y,A,01,1,1,1,0,0,0,0,0,0,"- ","- ",40.561820983886719,-122.35868072509766,SHASTA,REDDING,-122.35865783691406,40.561824798583984
94535327,2024,2025-01-13,9135,2024-12-20,1900,021168,,5,2,9,4500,0,3,5,,2,004,"PARKVILLE ROAD","ASH CREEK",16.00,N,N,A,-,N,,,,,,,,,,Y,1,1,1,1,A,-,01,23152,A,N,E,I,A,A,H,-,D,D,0,,,,,Y,Y,D,22,0,1,0,0,0,0,0,0,0,"- ","- ",40.436508178710938,-122.19181823730469,SHASTA,UNINCORPORATED,-122.19084930419922,40.422019958496094
94547023,2025,2025-01-23,9135,2025-01-11,2312,021168,,6,3,9,4500,0,3,5,,2,002,"OAK RUN ROAD","OLD 44 DRIVE",4752.00,E,N,B,-,N,,,,,,,,,,Y,2,0,1,1,A,-,01,23152,A,N,F,A,A,A,H,-,D,D,0,,,,,Y,Y,A,01,1,0,0,0,0,0,0,0,0,"- ","- ",40.580360412597656,-122.18106079101562,SHASTA,UNINCORPORATED,-122.18193054199219,40.579368591308594
94550586,2025,2025-01-27,9135,2025-01-18,"915 ",017698,,6,1,9,4500,0,3,5,,2,003,SR-36,"HARRISON GULCH ROAD",18480.00,W,N,A,-,Y,SHA,,36," "," ",0.138,H,,R,Y,2,0,1,1,A,-,03,22350,,N,E,I,A,A,H,-,A,D,0,,,,,Y,,A,01,1,0,0,0,0,0,0,0,0,"- ","- ",40.381580352783203,-123.013671875,SHASTA,UNINCORPORATED,-123.01366424560547,40.381542205810547
94572535,2024,2025-02-10,9135,2024-11-29,1110,016461,,5,1,9,4500,0,3,5,,2,002,"GILMAN ROAD","STATTON RD",9.00,E,N,A,-,N,,,,,,,,,,Y,1,1,1,1,A,-,03,22350,,N,E,I,A,C,H,-,A,D,0,,,,,Y,,A,07,0,1,0,0,0,0,0,0,0,"- ","- ",40.85565185546875,-122.31983947753906,SHASTA,UNINCORPORATED,-122.31913757324219,40.856155395507812
94634409,2025,2025-05-07,9135,2025-03-16,"310 ",024340,,7,3,9,4500,0,3,5,,2,004,"DESCHUTES ROAD","GRAND ESTATES DRIVE",20.00,S,N,B,G,N,,,,,,,,,,Y,2,0,1,1,A,-,01,23152,A,N,E,8,A,B,H,-,C,D,0,,,,,Y,Y,D,22,1,0,0,0,0,0,0,0,0,"- ","- ",40.549289703369141,-122.23818206787109,SHASTA,UNINCORPORATED,-122.23831939697266,40.549335479736328
9464792,2022,2022-12-01,4500,2022-10-13,1628,314,S3B,4,5,2,4580,0,0,0,,0,CSL,"CASCADE BL","AUTUMN HARVEST WY",0.00,,Y,A,-,N,,,,,,,,,,Y,2,0,1,2,A,-,04,21703,,N,C,C,A,A,H,-,A,D,0,,,,,Y,,A,01,1,0,0,0,0,0,0,0,0,"- ","- ",,,SHASTA,"SHASTA LAKE",-122.35962677001953,40.655349731445312
94656348,2025,2025-04-21,9135,2025-03-28,1713,024334,,5,2,9,4500,0,3,5,,2,003,"SWASEY DR","WHISPERING WOODS TRL",170.00,S,N,A,-,N,,,,,,,,,,Y,2,0,1,1,A,-,08,22107,,N,F,0,A,A,H,-,A,D,0,,,Y,,Y,,-,"- ",1,0,0,0,0,0,0,0,1,"- ","- ",40.573398590087891,-122.47650909423828,SHASTA,UNINCORPORATED,-122.47579193115234,40.573238372802734
94714798,2025,2025-06-05,9135,2025-05-29,"730 ",024432,,4,1,9,4500,0,3,5,,2,003,"GAS POINT ROAD","POWERS ROAD",500.00,W,N,A,-,N,,,,,,,,,,Y,2,0,2,2,A,-,08,22107,,N,A,C,A,A,H,-,A,D,0,,,,,Y,,A,01,1,1,0,0,0,0,0,0,0,"- ","- ",40.389358520507812,-122.29857635498047,SHASTA,UNINCORPORATED,,
94728484,2025,2025-07-23,9135,2025-06-10,1310,018890,,2,1,9,4500,0,3,5,,2,004,"CHURN CREEK RD","DUNCAN LN",30.00,N,N,A,-,N,,,,,,,,,,Y,1,1,0,1,C,-,18,,,N,E,8,A,A,H,-,A,D,0,,,,,Y,,-,"- ",0,0,0,0,0,0,0,0,0,"- ","- ",40.49871826171875,-122.32398986816406,SHASTA,UNINCORPORATED,-122.32384490966797,40.498664855957031
94735461,2025,2025-06-23,9135,2025-06-14,1355,024432,,6,1,9,4500,0,3,5,,2,001,"TRINITY MOUNTAIN RD","E FORK ROAD",2150.00,N,N,A,-,N,,,,,,,,,,N,2,0,1,1,A,-,08,22107,,N,F,A,A,A,H,-,A,D,0,,,Y,,Y,,C,02,1,0,0,0,0,0,0,0,1,"- ","- ",40.760078430175781,-122.61477661132812,SHASTA,UNINCORPORATED,-122.61479187011719,40.76019287109375
94745773,2025,2025-07-01,9135,2025-06-24,2146,024473,,2,2,9,4500,0,1,1,,2,054,"I-5 S/B","SOUTH BONNYVIEW RD",2640.00,S,N,A,-,Y,SHA,,5," ",R,11.443,H,,L,Y,2,0,2,1,A,-,01,23152,G,N,F,A,A,A,H,-,D,D,0,,,,,Y,Y,A,01,1,1,0,0,0,0,0,0,0,"- ","- ",40.528450012207031,-122.34819030761719,SHASTA,UNINCORPORATED,-122.34809875488281,40.528469085693359
9512706,2022,2022-10-31,4502,2022-01-28,1700,R154,R02,5,5,5,4502,0,0,0,,0,R02,"BECHELLI LN","BEAGLE LN",303.00,S,N,A,-,N,,,,,,,,,,N,2,0,1,2,A,-,05,21650,1,N,D,G,A,A,H,-,A,D,0,,Y,,,Y,,L,04,1,0,0,0,0,0,1,0,0,"- ","- ",,,SHASTA,REDDING,-122.36269378662109,40.56646728515625
9517208,2022,2022-12-21,4502,2022-06-21,1247,526,R06,2,5,5,4502,0,0,0,,0,006,"QUARTZ HILL RD","SNOW LN",435.00,N,N,A,-,N,,,,,,,,,,Y,2,0,1,2,A,-,03,22350,,N,B,C,A,A,H,-,A,D,0,,,Y,,Y,,C,02,1,0,0,0,0,0,0,0,1,"- ","- ",40.601108551025391,-122.40277862548828,SHASTA,REDDING,-122.40203094482422,40.599094390869141
9520347,2022,2023-02-22,4502,2022-08-23,2332,151,R04,2,5,5,4502,0,0,0,,0,004,"RT 273","WYNDHAM LN",878.00,S,N,A,-,Y,SHA,2,273,-,-,14.790,H,-,S,Y,1,1,0,2,A,-,00,21956,B,N,G,B,E,A,E,-,D,D,0,Y,,,,Y,,N,60,0,0,0,1,0,0,0,0,0,"- ","- ",40.554588317871094,-122.38816070556641,SHASTA,REDDING,-122.38835144042969,40.559181213378906
9520451,2022,2023-02-22,4502,2022-02-11,0646,338,,5,5,5,4502,0,0,0,,0,003,"SOUTH BONNYVIEW RD","RT 5",270.00,W,N,A,-,N,,,,,,,,,,Y,1,1,0,2,A,-,11,21954,A,N,G,B,D,A,H,-,B,D,0,Y,,,,Y,Y,N,60,0,0,0,1,0,0,0,0,0,"- ",SO,40.538539886474609,-122.35189819335938,SHASTA,REDDING,-122.35218811035156,40.538608551025391
9520471,2022,2023-02-17,4502,2022-11-19,2020,158,RTU,6,5,5,4502,0,0,0,,0,004,"STATE ST","FAVRETTO AV",68.00,W,N,A,-,N,,,,,,,,,,Y,1,1,0,2,A,-,21,22106,,N,G,B,E,A,H,-,D,D,0,Y,,,,Y,,-,,0,0,0,1,0,0,0,0,0,"- ","- ",40.572231292724609,-122.38613128662109,SHASTA,REDDING,-122.38639068603516,40.572292327880859
9529695,2022,2022-12-08,4500,2022-09-03,1735,342,S3B,6,5,2,4580,0,0,0,,0,S3B,"RT 151","MUSSEL SHOALS AV",0.00,,Y,A,-,Y,SHA,2,151,-,-,6.385,I,6,W,N,2,0,1,2,A,-,09,21801,A,N,D,G,A,A,H,-,A,A,0,,Y,,,Y,Y,A,01,1,0,0,0,0,0,1,0,0,"- ","- ",40.680431365966797,-122.35839080810547,SHASTA,"SHASTA LAKE",-122.35842132568359,40.680320739746094
9530550,2022,2022-12-06,4502,2022-03-13,0816,154,R03,7,5,5,4502,0,0,0,,0,R03,"S BONNYVIEW","BECHELLI LN",0.00,,Y,A,-,N,,,,,,,,,,Y,2,0,2,2,A,-,12,21453,A,N,D,C,A,A,H,-,A,A,0,,,,,Y,,A,01,1,1,0,0,0,0,0,0,0,"- ","- ",,,SHASTA,REDDING,-122.354736328125,40.538959503173828
9548627,2022,2023-03-01,4500,2022-12-08,1510,328,S3B,4,5,2,4580,0,0,0,,0,S3B,"SHASTA DAM BL","ROUGE RD",0.00,,Y,C,-,Y,SHA,2,151,-,-,5.042,I,5,E,Y,2,0,1,2,A,-,09,21800,A,N,D,C,A,B,H,-,A,D,0,,,,,Y,,A,01,1,0,0,0,0,0,0,0,0,"- ","- ",40.685108184814453,-122.38237762451172,SHASTA,"SHASTA LAKE",-122.38233947753906,40.685096740722656
9584941,2023,2023-05-23,4500,2023-03-26,1338,335,S3B,7,5,2,4580,0,0,0,,0,03B,"FORT PECK ST","LASSEN AV",205.00,W,N,B,-,N,,,,,,,,,,N,2,0,1,1,A,-,01,23153,A,N,F,A,A,D,B,-,A,A,0,,,Y,,Y,Y,C,06,1,0,0,0,0,0,0,0,1,"- ","- ",,,SHASTA,"SHASTA LAKE",-122.37467956542969,40.678855895996094
9624087,2022,2023-10-30,4502,2022-02-05,0610,158,R04,6,5,5,4502,0,0,0,,0,004,RT-273,"S. BONNYVIEW RD",0.00,,Y,A,-,Y,SHA,2,273,-,-,12.680,I,5,N,Y,1,1,0,2,A,-,11,21456,B,N,G,B,B,A,H,-,D,A,0,Y,,,,Y,,N,60,0,0,0,1,0,0,0,0,0,"- ","- ",,,SHASTA,REDDING,-122.3834228515625,40.528999328613281
9640335,2023,2025-06-25,4502,2023-06-02,2146,151,,5,5,5,4502,0,0,0,,0,R01,"HILLTOP DR","LAKE BL",0.00,S,N,A,-,N,,,,,,,,,,Y,1,1,0,1,A,-,01,23152,B,N,E,I,A,A,H,-,C,D,0,,,Y,,Y,Y,C,02,0,0,0,0,0,0,0,1,0,"- ","- ",,,SHASTA,REDDING,-122.37397766113281,40.610179901123047
9640704,2023,2024-07-15,4502,2023-12-30,"617 ",154,,6,5,5,4502,0,0,0,,0,R02,"HILLTOP DR","MISTLETOE LN",579.00,N,N,C,-,N,,,,,,,,,,Y,1,1,0,2,A,-,11,21954,A,N,G,B,D,B,H,-,C,D,0,Y,,,,Y,,N,60,0,0,0,1,0,0,0,0,0,"- ","- ",,,SHASTA,REDDING,-122.35781860351562,40.580028533935547
9640866,2023,2024-08-16,4502,2023-09-08,"616 ",185,,5,5,5,4502,0,0,0,,0,R04,"RT 273","GIRVAN RD",244.00,S,N,A,-,Y,SHA,2,273,-,-,11.470,H,-,N,Y,1,1,0,2,A,-,11,21954,A,N,G,B,D,A,H,-,B,D,0,Y,,,,Y,,N,60,0,0,0,1,0,0,0,0,0,"- ","- ",,,SHASTA,REDDING,-122.38037109375,40.511714935302734
9653945,2023,2024-02-14,4500,2023-10-31,"625 ",349,,2,5,2,4580,0,0,0,,0,,"LAKE BL","BUCKEYE DUMP RD",0.00,,Y,A,-,N,,,,,,,,,,Y,2,0,1,1,C,-,18,,,N,F,A,A,A,H,-,D,D,0,,,,,Y,,-,"- ",1,0,0,0,0,0,0,0,0,"- ","- ",,,SHASTA,"SHASTA LAKE",-122.40303039550781,40.685920715332031
6291245,2014,2014-10-20,9135,2014-07-25,2122,016424,,5,2,9,4500,0,1,3,,1,401,"RT 44","TOMPATA TRL",162.00,W,N,A,-,Y,SHA,2,44,-,R,14.710,H,-,W,Y,1,1,3,1,A,-,01,23152,A,N,E,I,A,A,H,-,D,D,0,,,,,Y,Y,A,01,2,1,0,0,0,0,0,0,0,"- ","- ",40.533009999999997,-122.1318,SHASTA,UNINCORPORATED,-122.10619526000001,40.526801720000002
6291616,2014,2014-11-13,9135,2014-09-13,0139,16191,,6,3,9,4500,0,3,5,,2,001,"LAKESHORE DR","MAMMOTH DR",332.00,S,N,A,-,N,,,,,,,,,,Y,1,1,1,1,A,-,01,23152,A,N,E,I,A,A,H,-,C,D,0,,,,,Y,Y,A,01,0,1,0,0,0,0,0,0,0,"- ","- ",,,SHASTA,UNINCORPORATED,-122.38402600000001,40.888689110000001
6291868,2014,2015-01-28,9135,2014-09-19,0029,16480,,5,3,9,4500,0,1,3,,1,201,"RT 299","MCCANDLESS GULCH RD",6864.00,E,N,A,-,Y,SHA,2,299,-,-,48.040,H,-,E,Y,1,1,3,2,A,-,03,22350,,N,F,A,A,A,H,-,D,D,0,,,,Y,Y,,G,25,1,2,0,0,0,0,0,0,0,"- ","- ",40.77805,-122.00490000000001,SHASTA,UNINCORPORATED,-122.01169985,40.765391350000002
6359179,2014,2015-11-14,9135,2014-02-15,1515,016424,,6,2,9,4500,0,1,3,,1,201,"RT 299","OAK RUN RD",11616.00,E,N,B,C,Y,SHA,2,299,-,-,49.170,H,-,W,Y,2,0,5,2,A,-,08,22107,,N,E,I,A,B,H,-,A,D,0,,,,,Y,,D,22,2,2,1,0,0,0,0,0,0,"- ","- ",,,SHASTA,UNINCORPORATED,-122.00418319000001,40.778371559999997
6403321,2014,2014-06-20,9135,2014-03-05,1845,013145,,3,2,9,4500,0,3,5,,2,006,"GLENBURN RD","RT 299",10032.00,N,N,B,C,N,,,,,,,,,,N,2,0,1,2,A,-,11,21956,,N,G,B,E,B,H,-,C,D,0,Y,,,,Y,Y,N,60,1,0,0,0,1,0,0,0,0,"- ","- ",,,SHASTA,UNINCORPORATED,-121.47111397,41.018328279999999
6436925,2014,2015-11-14,9135,2014-03-21,1639,016191,,5,2,9,4500,0,1,3,,1,201,"RT 299","CHURN CREEK RD",3696.00,E,N,A,-,Y,SHA,2,299,-,-,26.400,H,-,W,Y,2,0,1,1,A,-,08,22107,,N,F,I,A,A,H,-,A,D,1,,,,,Y,,D,22,1,0,0,0,0,0,0,0,0,"- ","- ",,,SHASTA,UNINCORPORATED,-122.3341568,40.617661130000002