CASE_ID,ACCIDENT_YEAR,PROC_DATE,JURIS,COLLISION_DATE,COLLISION_TIME,OFFICER_ID,REPORTING_DISTRICT,DAY_OF_WEEK,CHP_SHIFT,POPULATION,CNTY_CITY_LOC,SPECIAL_COND,BEAT_TYPE,CHP_BEAT_TYPE,CITY_DIVISION_LAPD,CHP_BEAT_CLASS,BEAT_NUMBER,PRIMARY_RD,SECONDARY_RD,DISTANCE,DIRECTION,INTERSECTION,WEATHER_1,WEATHER_2,STATE_HWY_IND,CALTRANS_COUNTY,CALTRANS_DISTRICT,STATE_ROUTE,ROUTE_SUFFIX,POSTMILE_PREFIX,POSTMILE,LOCATION_TYPE,RAMP_INTERSECTION,SIDE_OF_HWY,TOW_AWAY,COLLISION_SEVERITY,NUMBER_KILLED,NUMBER_INJURED,PARTY_COUNT,PRIMARY_COLL_FACTOR,PCF_CODE_OF_VIOL,PCF_VIOL_CATEGORY,PCF_VIOLATION,PCF_VIOL_SUBSECTION,HIT_AND_RUN,TYPE_OF_COLLISION,MVIW,PED_ACTION,ROAD_SURFACE,ROAD_COND_1,ROAD_COND_2,LIGHTING,CONTROL_DEVICE,CHP_ROAD_TYPE,PEDESTRIAN_ACCIDENT,BICYCLE_ACCIDENT,MOTORCYCLE_ACCIDENT,TRUCK_ACCIDENT,NOT_PRIVATE_PROPERTY,ALCOHOL_INVOLVED,STWD_VEHTYPE_AT_FAULT,CHP_VEHTYPE_AT_FAULT,COUNT_SEVERE_INJ,COUNT_VISIBLE_INJ,COUNT_COMPLAINT_PAIN,COUNT_PED_KILLED,COUNT_PED_INJURED,COUNT_BICYCLIST_KILLED,COUNT_BICYCLIST_INJURED,COUNT_MC_KILLED,COUNT_MC_INJURED,PRIMARY_RAMP,SECONDARY_RAMP,LATITUDE,LONGITUDE,COUNTY,CITY,POINT_X,POINT_Y
6457707,2014,2014-07-09,9135,2014-04-06,1140,12978,,7,1,9,4500,0,3,5,,2,003,"PLACER RD","PLACER VIEW CT",634.00,E,N,A,-,N,,,,,,,,,,Y,2,0,2,2,A,-,05,21460,A,N,B,C,A,A,H,-,A,D,0,,,Y,,Y,,C,02,1,0,1,0,0,0,0,0,1,"- ","- ",40.519840000000002,-122.49757,SHASTA,UNINCORPORATED,-122.49918983000001,40.519583040000001
6583094,2014,2016-04-27,9135,2014-07-24,1109,015133,,4,1,9,4500,0,1,3,,1,301,"RT 299","CRYSTAL CREEK RD",36432.00,W,N,A,-,Y,SHA,2,299,-,-,0.500,H,-,E,Y,2,0,1,2,A,-,08,22107,,N,B,C,A,A,H,-,A,D,0,,,Y,Y,Y,,C,02,1,0,0,0,0,0,0,0,1,"- ","- ",40.641579999999998,-122.72918,SHASTA,UNINCORPORATED,-122.72979739,40.64128384
6584769,2014,2016-04-27,9135,2014-08-02,0930,012264,,6,1,9,4500,0,1,3,,1,302,"RT 273","HAPPY VALLEY RD",840.00,N,N,A,-,Y,SHA,2,273,-,-,10.150,H,-,N,Y,2,0,1,1,A,-,08,22107,,N,F,A,A,A,H,-,A,D,0,,,,,Y,,D,22,1,0,0,0,0,0,0,0,0,"- ","- ",40.496099999999998,-122.36811,SHASTA,UNINCORPORATED,-122.36806110000001,40.496110260000002
6592246,2014,2014-09-02,9135,2014-07-20,1940,015418,,7,2,9,4500,0,3,5,,2,001,"OASIS RD","WOGGON LN",0.00,,Y,A,-,N,,,,,,,,,,Y,2,0,1,2,A,-,09,21804,A,N,D,C,A,A,H,-,A,D,0,,,Y,,Y,,A,08,1,0,0,0,0,0,0,0,1,"- ","- ",,,SHASTA,UNINCORPORATED,-122.39246991,40.632699889999998
6600130,2014,2016-04-25,9135,2014-08-23,2055,16480,,6,2,9,4500,0,1,1,,2,056,"RT 5","LAKESHORE DR",1351.00,S,N,A,-,Y,SHA,2,5,-,R,40.790,H,-,S,Y,2,0,2,1,A,-,08,22107,,N,F,A,A,A,H,-,C,D,1,,,,,Y,,D,22,1,1,0,0,0,0,0,0,0,"- ","- ",,,SHASTA,UNINCORPORATED,-122.38376864,40.888600009999998
6606192,2014,2014-10-02,9135,2014-06-22,0845,12099,,7,1,9,4500,0,1,1,,2,056,"RT 5","GILMAN RD",1056.00,N,N,A,-,Y,SHA,2,5,-,R,37.030,H,-,S,Y,1,1,0,1,A,-,08,22107,,N,E,I,A,A,H,-,A,D,1,,,,,Y,,A,01,0,0,0,0,0,0,0,0,0,"- ","- ",,,SHASTA,UNINCORPORATED,-122.34149373,40.849656770000003
6620797,2014,2014-09-22,9135,2014-08-23,1315,012264,,6,1,9,4500,0,3,5,,2,003,"PLACER RD","CLEAR CREEK BRIDGE",435.00,E,N,A,-,N,,,,,,,,,,N,2,0,1,1,A,-,08,22107,,N,E,I,A,A,H,-,A,D,0,,,Y,,Y,,C,02,1,0,0,0,0,0,0,0,1,"- ","- ",40.511679999999998,-122.52070000000001,SHASTA,UNINCORPORATED,-122.54943556000001,40.490865960000001
6623147,2014,2014-09-23,9135,2014-08-29,1335,18026,,5,1,9,4500,0,3,5,,2,007,"LASSEN CO RD 439","RT 299",5280.00,S,N,A,-,N,,,,,,,,,,Y,2,0,1,1,A,-,03,22350,,N,F,A,A,A,G,-,A,D,0,,,,,Y,,A,01,1,0,0,0,0,0,0,0,0,"- ","- ",,,SHASTA,UNINCORPORATED,,
6666106,2014,2014-12-18,9135,2014-10-11,1522,015627,,6,2,9,4500,0,3,5,,2,003,"HILL ST","VIRGINIA AV",40.00,E,N,A,-,N,,,,,,,,,,Y,2,0,1,2,A,-,08,22107,,N,E,E,A,A,H,-,A,A,0,,,Y,,Y,,C,02,1,0,0,0,0,0,0,0,1,"- ","- ",,,SHASTA,UNINCORPORATED,-122.33331475,40.468742290000002
6708421,2014,2015-01-07,9135,2014-11-01,0253,16461,,6,3,9,4500,0,3,5,,2,003,"HAPPY VALLEY RD","WHITE OAK DR",1056.00,W,N,B,-,N,,,,,,,,,,N,2,0,1,1,A,-,08,22107,,N,F,A,A,A,H,-,D,D,0,,,Y,,Y,,C,02,1,0,0,0,0,0,0,0,1,"- ","- ",,,SHASTA,UNINCORPORATED,-122.37520787,40.488180210000003
6718490,2014,2015-11-06,9146,2014-11-23,0738,15592,,7,1,9,4500,0,1,1,,2,014,"RT 5","POLLARD FLAT",1584.00,N,N,B,-,Y,SHA,2,5,-,R,51.110,H,-,N,Y,1,1,34,1,A,-,08,22107,,N,E,I,A,A,H,-,A,D,1,,,,,Y,,I,10,5,19,10,0,0,0,0,0,0,"- ","- ",41.001829999999998,-122.41097000000001,SHASTA,UNINCORPORATED,-122.41128388,41.001634340000003
6734885,2014,2016-06-16,9135,2014-11-29,1315,015133,,6,1,9,4500,0,1,1,,2,056,"RT 5","RIVERVIEW RD",877.00,S,N,B,-,Y,SHA,2,5,-,R,42.150,H,-,N,Y,2,0,1,1,A,-,08,22107,,N,E,I,A,B,H,-,A,D,1,,,,,Y,,D,22,1,0,0,0,0,0,0,0,0,"- ","- ",40.903329999999997,-122.38319,SHASTA,UNINCORPORATED,-122.38430231,40.908278199999998
6734889,2014,2016-06-16,9135,2014-12-04,1730,016325,,4,2,2,4501,0,1,1,,2,053,"RT 5","MPM 5 SHA 4.56",43.00,N,N,B,C,Y,SHA,2,5,-,R,4.570,H,-,S,Y,2,0,5,4,A,-,03,22350,,N,C,C,A,B,H,-,C,D,1,,,,,Y,,D,22,1,1,3,0,0,0,0,0,0,"- ","- ",,,SHASTA,ANDERSON,-122.28815681,40.441580510000001
6735503,2014,2016-03-15,9135,2014-12-25,0415,012264,,4,3,9,4500,0,3,5,,2,002,"INWOOD RD","RT 44",9504.00,N,N,A,-,N,,,,,,,,,,Y,2,0,1,1,A,-,03,22350,,N,E,I,A,B,H,-,D,D,0,,,,,Y,,D,22,1,0,0,0,0,0,0,0,0,"- ","- ",40.516910000000003,-121.97414999999999,SHASTA,UNINCORPORATED,-121.97409971,40.516481919999997
6801107,2015,2015-03-27,9135,2015-01-12,1300,14761,,1,1,9,4500,0,3,5,,2,003,"OLINDA RD","TWYLA RD",530.00,E,N,A,-,N,,,,,,,,,,N,2,0,1,1,A,-,01,23152,A,N,E,I,A,A,H,-,A,D,0,,,,,Y,Y,A,01,1,0,0,0,0,0,0,0,0,"- ","- ",40.443159999999999,-122.37058,SHASTA,UNINCORPORATED,-122.37049628,40.443100450000003
6854202,2014,2015-04-11,9135,2014-10-05,1055,12864,,7,1,9,4500,0,3,5,,2,001,"FOREST SERVICE RD 35N77A","BRUSH CREEK RD",5280.00,S,N,A,-,N,,,,,,,,,,Y,1,1,1,1,B,-,22,,,N,F,A,A,A,H,-,A,D,0,,,Y,,Y,,C,06,1,0,0,0,0,0,0,1,1,"- ","- ",40.85575,-122.56529999999999,SHASTA,UNINCORPORATED,-122.56530404,40.855776280000001
6854494,2014,2016-01-07,4502,2014-06-10,1236,105,,2,5,5,4502,0,0,0,,0,002,"AIRPORT RD","SHASTA VIEW",307.00,S,N,A,-,N,,,,,,,,,,Y,1,1,0,2,A,-,03,22350,,N,C,C,A,A,H,-,A,D,0,,,,,Y,Y,A,08,0,0,0,0,0,0,0,0,0,"- ","- ",,,SHASTA,REDDING,-122.30276556,40.522197040000002
6854623,2015,2015-05-14,9135,2015-03-14,2240,15667,,6,3,9,4500,0,3,5,,2,004,"E STILLWATER WY","TOMKENS WY",1056.00,S,N,B,-,N,,,,,,,,,,Y,1,1,0,1,A,-,01,23152,A,N,E,I,A,A,H,-,D,D,0,,,,,Y,Y,A,01,0,0,0,0,0,0,0,0,0,"- ","- ",,,SHASTA,UNINCORPORATED,-122.29638,40.610129999999998
6899155,2015,2015-05-14,4501,2015-03-28,1844,A420,SHAST,6,5,2,4501,0,0,0,,0,002,"RIVERSIDE AV","ALEXANDER DR",64.00,W,N,A,-,N,,,,,,,,,,Y,2,0,1,1,A,-,03,22350,,N,H,A,A,A,H,-,A,D,0,,,,,Y,Y,-,,1,0,0,0,0,0,0,0,0,"- ","- ",,,SHASTA,ANDERSON,-122.30517818,40.469528830000002
6962212,2015,2015-07-01,9135,2015-05-24,0245,017956,,7,3,9,4500,0,3,5,,2,004,"ADOBE RD","BALLS FERRY RD",2112.00,S,N,A,-,N,,,,,,,,,,Y,2,0,3,1,A,-,01,23152,A,N,E,I,A,A,H,-,D,D,0,,,,,Y,Y,A,01,1,2,0,0,0,0,0,0,0,"- ","- ",40.40052,-122.23293,SHASTA,UNINCORPORATED,-122.23249378,40.398295320000003
7006684,2015,2016-04-12,9135,2015-02-11,1016,13331,,3,1,9,4500,0,1,3,,1,302,"RT 273","THOMAS RD",0.00,,Y,A,-,Y,SHA,2,273,-,-,9.430,I,5,S,Y,1,1,1,2,A,-,03,22350,,N,D,C,A,A,H,-,A,B,0,,,,,Y,,D,22,1,0,0,0,0,0,0,0,0,"- ","- ",40.48892,-122.35796999999999,SHASTA,UNINCORPORATED,-122.35791218,40.488982669999999
7006761,2014,2016-01-13,4502,2014-05-05,2341,105,,1,5,5,4502,0,0,0,,0,007,"LAKE BL","ST MARKS ST",870.00,E,N,A,-,N,,,,,,,,,,Y,1,1,0,2,D,-,00,,,N,G,B,A,A,H,-,C,D,0,,Y,,,Y,Y,-,"- ",0,0,0,0,0,1,0,0,0,"- ","- ",,,SHASTA,REDDING,-122.38932866,40.615368089999997
7006762,2014,2016-01-13,4502,2014-05-30,2117,166,,5,5,5,4502,0,0,0,,0,005,"COURT ST","GOLD ST",0.00,,Y,A,-,N,,,,,,,,,,N,1,1,0,2,A,-,11,21954,A,N,D,B,D,A,H,-,C,D,0,Y,,,,Y,,N,60,0,0,0,1,0,0,0,0,0,"- ","- ",,,SHASTA,REDDING,-122.39379995,40.578599969999999
7139559,2014,2016-01-09,4502,2014-12-04,0008,115,,4,5,5,4502,0,0,0,,0,001,"SHASTA VIEW DR","TARMAC RD",0.00,,Y,B,-,N,,,,,,,,,,Y,2,0,1,2,A,-,01,23152,A,N,E,I,A,B,H,-,C,A,0,,,,,Y,,A,01,1,0,0,0,0,0,0,0,0,"- ","- ",,,SHASTA,REDDING,-122.32441996999999,40.576549999999997
7139659,2014,2016-01-09,4502,2014-09-26,2118,101,,5,5,5,4502,0,0,0,,0,002,"HILLTOP DR","EAST CYPRESS AV",201.00,N,N,A,-,N,,,,,,,,,,Y,2,0,1,2,A,-,08,22102,,N,C,C,A,A,H,-,C,D,0,,,Y,,Y,,-,"- ",1,0,0,0,0,0,0,0,1,"- ","- ",,,SHASTA,REDDING,-122.35804328,40.57160176
7154245,2014,2016-01-12,4502,2014-05-30,0941,150,,5,5,5,4502,0,0,0,,0,004,"SOUTH BONNYVIEW RD","INDIANWOOD DR",779.00,W,N,A,-,N,,,,,,,,,,Y,2,0,3,2,A,-,05,21650,,N,A,C,A,A,H,-,A,D,0,,,,,Y,,A,07,2,1,0,0,0,0,0,0,0,"- ","- ",,,SHASTA,REDDING,-122.36333978,40.535232479999998
7154248,2014,2016-03-21,4502,2014-05-26,0342,111,4502,1,5,5,4502,0,0,0,,0,0B5,"RT 273","BUENAVENTURA BL",49.00,N,N,A,-,Y,SHA,2,273,-,-,12.480,H,-,N,N,2,0,1,2,D,-,00,,,F,G,B,D,A,H,-,C,A,0,Y,,,,Y,,-,"- ",1,0,0,0,1,0,0,0,0,"- ","- ",,,SHASTA,REDDING,-122.38291022,40.526102829999999
7194593,2016,2016-03-10,4501,2016-01-23,0939,416,ANDER,6,5,2,4501,0,0,0,,0,001,"SILVER ST","DIAMOND ST",0.00,,Y,B,C,N,,,,,,,,,,Y,2,0,1,3,A,-,03,22350,,F,A,C,A,B,G,-,A,A,0,,,,,Y,,A,01,1,0,0,0,0,0,0,0,0,"- ","- ",,,SHASTA,ANDERSON,-122.30741987,40.452379929999999
7199590,2016,2018-09-24,4502,2016-10-05,1142,147,,3,5,5,4502,0,0,0,,0,003,"SOUTH BONNYVIEW RD",RT5,59.00,E,N,A,-,Y,SHA,2,5,-,R,11.927,R,4,N,Y,1,1,0,2,A,-,09,21453,B,N,B,C,A,A,H,-,A,A,0,,,Y,,Y,,A,07,0,0,0,0,0,0,0,1,0,"- ",NF,,,SHASTA,REDDING,-122.34982761000001,40.535234959999997
7199596,2016,2018-09-24,4502,2016-08-11,0827,166,,4,5,5,4502,0,0,0,,0,007,"RT 299","BOULDER DR",30.00,E,N,A,-,Y,SHA,2,299,-,-,24.449,I,5,W,Y,1,1,0,2,A,-,12,21453,A,N,H,G,A,A,H,-,A,B,0,,Y,,,Y,,D,22,0,0,0,0,0,1,0,0,0,"- ","- ",,,SHASTA,REDDING,-122.37013032999999,40.611090169999997
7200165,2017,2019-04-08,4502,2017-03-10,1634,166,,5,5,5,4502,0,0,0,,0,006,"RT 273","BENTON DR",0.00,,Y,A,-,Y,SHA,2,273,-,-,17.820,I,5,N,Y,1,1,2,4,A,-,12,21453,A,M,D,C,A,A,H,-,A,A,0,,,,,Y,Y,D,22,0,1,1,0,0,0,0,0,0,"- ","- ",,,SHASTA,REDDING,-122.38401162,40.599492849999997
7200186,2017,2017-06-14,4502,2017-04-06,2016,145,FO,4,5,5,4502,0,0,0,,0,006,"NORTH MARKET ST","RIVERSIDE DR",43.00,N,N,C,-,N,,,,,,,,,,Y,1,1,0,2,A,-,11,21954,A,N,G,B,D,B,H,-,C,A,0,Y,,,,Y,,N,60,0,0,0,1,0,0,0,0,0,"- ","- ",,,SHASTA,REDDING,-122.39329158,40.590457899999997
8006597,2015,2016-04-06,4502,2015-05-09,1226,321,SRMC,6,5,5,4502,0,0,0,,0,006,"SACRAMENTO RIVER TRL","N COURT ONTRAIO",7920.00,W,N,A,-,N,,,,,,,,,,N,2,0,1,1,B,-,22,,,N,F,J,A,A,H,-,A,A,0,,Y,,,Y,,-,"- ",1,0,0,0,0,0,1,0,0,"- ","- ",,,SHASTA,REDDING,,
8032024,2015,2016-04-29,4502,2015-07-28,2007,120,,2,5,5,4502,0,0,0,,0,002,"CHURN CREEK RD","HARTNELL AV",150.00,N,N,A,-,N,,,,,,,,,,Y,2,0,1,2,A,-,08,22107,,N,A,C,A,A,H,-,B,D,0,,,Y,,Y,,A,01,1,0,0,0,0,0,0,0,1,"- ","- ",,,SHASTA,REDDING,-122.35312,40.56423187
8032053,2015,2016-04-29,4502,2015-11-11,1718,166,,3,5,5,4502,0,0,0,,0,002,"VICTOR AV","CYPRESS AV",259.00,N,N,A,-,N,,,,,,,,,,Y,2,0,1,3,A,-,11,21954,A,N,E,B,D,A,H,-,C,D,0,Y,,,,Y,Y,N,60,1,0,0,0,1,0,0,0,0,"- ","- ",,,SHASTA,REDDING,-122.33877969,40.571700999999997
8032073,2015,2016-04-29,4502,2015-11-15,0437,158,SC,7,5,5,4502,0,0,0,,0,002,"CYPRESS AV","HARTNELL AV",0.00,,Y,C,-,N,,,,,,,,,,Y,2,0,1,1,A,-,08,22107,,N,E,I,A,B,H,-,C,A,0,,,,,Y,,A,01,1,0,0,0,0,0,0,0,0,"- ","- ",,,SHASTA,REDDING,-122.36957986,40.57125989
8032144,2015,2016-04-29,4502,2015-12-14,1822,145,,1,5,5,4502,0,0,0,,0,004,"CYPRESS AV","ATHENS AV",23.00,E,N,A,-,N,,,,,,,,,,Y,2,0,6,2,A,-,09,21453,C,N,A,C,A,A,H,-,C,A,0,,,,,Y,,A,07,1,3,2,0,0,0,0,0,0,"- ","- ",,,SHASTA,REDDING,-122.37671469999999,40.573033709999997
8104697,2016,2016-08-23,4502,2016-06-15,1751,101,,3,5,5,4502,0,0,0,,0,001,"CHURN CREEK RD","PALACIO DR",0.00,S,N,C,-,N,,,,,,,,,,Y,2,0,2,4,A,-,03,22350,,N,G,B,E,B,H,-,A,D,0,Y,,,,Y,,A,01,2,0,0,0,2,0,0,0,0,"- ","- ",,,SHASTA,REDDING,-122.34560998000001,40.605199890000002
8104701,2016,2016-08-23,4502,2016-06-17,0936,166,,5,5,5,4502,0,0,0,,0,007,"OASIS RD","OAK LEAF LN",12.00,W,N,A,-,N,,,,,,,,,,Y,2,0,1,1,A,-,05,21650,,N,E,I,A,A,H,-,A,D,0,,,,,Y,,A,07,1,0,0,0,0,0,0,0,0,"- ","- ",,,SHASTA,REDDING,-122.3831601,40.635897659999998
8109197,2016,2016-10-19,4502,2016-05-06,2155,179,RPD,5,5,5,4502,0,0,0,,0,007,"WHITE RIVER DR","REDWOOD BL",150.00,S,N,B,-,N,,,,,,,,,,Y,2,0,2,1,A,-,01,23152,A,N,E,I,A,B,G,-,D,D,0,,,Y,,Y,Y,C,02,1,1,0,0,0,0,0,0,2,"- ","- ",,,SHASTA,REDDING,-122.38249738,40.621973560000001
8141609,2016,2016-12-07,4501,2016-08-28,1535,A404,4501,7,5,2,4501,0,0,0,,0,001,"FACTORY OUTLETS DR","DESCHUTES RD",0.00,,Y,A,-,N,,,,,,,,,,N,2,0,1,1,A,-,03,22350,,N,E,I,A,A,H,-,A,D,0,,,Y,,Y,Y,C,02,1,0,0,0,0,0,0,0,1,"- ","- ",,,SHASTA,ANDERSON,-122.2877199,40.437379919999998
8167860,2019,2020-02-03,4501,2019-06-29,2200,234,A01,6,5,2,4501,0,0,0,,0,A01,"RT 273","BRUCE ST",0.00,,Y,A,-,Y,SHA,2,273,-,-,4.920,I,5,S,N,2,0,1,2,A,-,11,21456,B,N,G,B,B,A,H,-,C,A,0,Y,,,Y,Y,,N,60,1,0,0,0,1,0,0,0,0,"- ","- ",,,SHASTA,ANDERSON,-122.29573059082031,40.444755554199219
8170573,2017,2018-06-06,4501,2017-12-15,2331,418,,5,5,2,4501,0,0,0,,0,001,"RT 273","SOUTH ST",650.00,S,N,A,-,Y,SHA,2,273,-,-,5.090,H,-,S,N,2,0,1,2,A,-,11,21956,A,N,G,B,E,A,H,-,D,D,0,Y,,,,Y,Y,N,60,1,0,0,0,1,0,0,0,0,"- ","- ",,,SHASTA,ANDERSON,-122.29712044999999,40.446820070000001
8201659,2017,2017-03-29,4500,2017-02-09,1016,0209,4500,4,5,2,4580,0,0,0,,0,003,"CASCADE BL","3RD ST",0.00,,Y,B,C,N,,,,,,,,,,N,2,0,1,2,A,-,00,20001,A,F,C,B,E,B,A,-,A,D,0,Y,,,,Y,Y,-,,1,0,0,0,1,0,0,0,0,"- ","- ",,,SHASTA,"SHASTA LAKE",-122.35253994,40.677809949999997
8312048,2017,2017-02-27,4501,2017-01-19,0243,420,SHAST,4,5,2,4501,0,0,0,,0,001,"PINON AV","LODGEPOLE AV",88.00,E,N,-,-,N,,,,,,,,,,Y,2,0,1,2,A,-,"- ",,,N,-,-,A,-,-,-,-,-,0,,,,,Y,,-,"- ",1,0,0,0,0,0,0,0,0,"- ","- ",,,SHASTA,ANDERSON,-122.29598434,40.439293630000002
8347786,2016,2017-04-25,4502,2016-08-20,2225,166,,6,5,5,4502,0,0,0,,0,004,"PARKVIEW AV","STATE ST",105.00,W,N,A,-,N,,,,,,,,,,Y,2,0,1,2,A,-,11,21954,A,N,G,B,C,A,H,-,C,D,0,Y,,,,Y,Y,N,60,1,0,0,0,1,0,0,0,0,"- ","- ",,,SHASTA,REDDING,-122.38053836,40.571248650000001
8355542,2016,2017-04-28,4502,2016-11-22,1100,166,,2,5,5,4502,0,0,0,,0,003,"VICTOR AV","MARLENE AV",0.00,,Y,B,-,N,,,,,,,,,,Y,2,0,1,2,D,-,00,,,N,D,C,A,A,H,-,A,D,0,,,Y,,Y,,-,"- ",1,0,0,0,0,0,0,0,1,"- ","- ",,,SHASTA,REDDING,-122.33828991999999,40.558119959999999
8355557,2016,2017-04-28,4502,2016-10-28,1515,173,,5,5,5,4502,0,0,0,,0,002,"EAST CYPRESS AV","BEVERLY DR",70.00,W,N,B,C,N,,,,,,,,,,,2,0,1,2,A,-,10,21950,A,N,D,B,C,B,H,-,A,A,0,Y,,,,Y,,A,01,1,0,0,0,1,0,0,0,0,"- ","- ",,,SHASTA,REDDING,-122.36555206,40.571060000000003
8375067,2017,2017-06-05,4502,2017-03-16,1809,134,,4,5,5,4502,0,0,0,,0,006,"EUREKA WY","BUENAVENTURA BL",395.00,E,N,A,-,N,,,,,,,,,,N,2,0,1,2,A,-,09,21801,A,N,D,C,A,A,H,-,A,D,0,,,Y,,Y,,A,01,1,0,0,0,0,0,0,0,1,"- ","- ",,,SHASTA,REDDING,-122.42546972,40.584051469999999
8465895,2019,2021-05-25,4502,2019-01-14,1216,314,,1,5,5,4502,0,0,0,,0,007,"OLD OREGON TRL","LA CRESCENTA DR",1265.00,W,N,B,-,N,,,,,,,,,,Y,1,1,0,2,A,-,03,22350,,N,B,C,A,A,H,-,A,A,0,,,,,Y,Y,D,22,0,0,0,0,0,0,0,0,0,"- ","- ",40.671138763427734,-122.32588958740234,SHASTA,REDDING,-122.32514190673828,40.665916442871094
84733898,2025,2025-06-20,4502,2025-05-06,1954,107,,2,5,5,4502,0,0,0,,0,R01,"HILLTOP DRIVE",I-5,0.00,,Y,A,-,Y,,,,,,,,,,Y,2,0,2,3,A,-,01,23152,B,N,D,C,A,A,H,-,B,D,0,,,,Y,Y,Y,A,01,1,1,0,0,0,0,0,0,0,"- ","- ",,,SHASTA,REDDING,-122.36077117919922,40.595489501953125
84757267,2023,2025-07-10,4502,2023-08-12,1751,525,,6,5,5,4502,0,0,0,,0,,"HILLTOP DRIVE TRAILHEAD","ST. THOMAS PARKWAY",516.00,E,N,A,-,N,,,,,,,,,,N,2,0,1,1,B,-,22,,,N,E,8,A,A,H,-,A,D,0,,Y,,,Y,,L,04,1,0,0,0,0,0,1,0,0,"- ","- ",,,SHASTA,REDDING,-122.36897277832031,40.597293853759766
84758780,2023,2025-07-11,4502,2023-11-25,1516,158,,6,5,5,4502,0,0,0,,0,R03,"HARTNELL AVE","ARCADE WAY",225.00,W,N,A,-,N,,,,,,,,,,Y,1,1,2,2,A,-,01,23153,G,N,D,C,A,A,H,-,A,D,0,,,,,Y,Y,D,22,1,1,0,0,0,0,0,0,0,"- ","- ",,,SHASTA,REDDING,-122.35130310058594,40.563812255859375
84766700,2024,2025-07-17,4502,2024-05-09,"830 ",151,,4,5,5,4502,0,0,0,,0,R04,"RT 273","CEDARS ROAD",0.00,,Y,A,-,Y,,,,,,,,,,N,2,0,1,2,A,-,05,21650,,N,D,G,A,A,H,-,A,A,0,,Y,,,Y,,L,04,1,0,0,0,0,0,1,0,0,"- ","- ",,,SHASTA,REDDING,-122.38362121582031,40.528900146484375
84768014,2024,2025-07-18,4502,2024-07-17,1253,185,,3,5,5,4502,0,0,0,,0,R02,"HARTNELL AVENUE","ARCADE WAY",137.50,W,N,A,-,N,,,,,,,,,,Y,2,0,2,2,A,-,09,21804,A,N,D,C,A,A,H,-,A,D,0,,,Y,,Y,,A,08,1,0,1,0,0,0,0,0,1,"- ","- ",,,SHASTA,REDDING,-122.35098266601562,40.563804626464844
84770262,2024,2025-07-21,4502,2024-10-01,1154,185,,2,5,5,4502,0,0,0,,0,R02,"HARTNELL AVENUE","HENDERSON ROAD",61.00,S,N,A,-,N,,,,,,,,,,N,2,0,1,2,A,-,08,22107,,N,D,G,A,A,H,-,A,D,0,,Y,,,Y,,L,04,1,0,0,0,0,0,1,0,0,"- ","- ",,,SHASTA,REDDING,-122.36957550048828,40.570644378662109
84772684,2024,2025-07-22,4502,2024-12-03,1211,154,,2,5,5,4502,0,0,0,,0,R06,"PARK MARINA DRIVE","SOUTH STREET",0.00,,Y,A,-,N,,,,,,,,,,Y,2,0,1,2,A,-,09,21801,A,N,D,C,A,A,H,-,A,D,0,,,Y,,Y,,A,01,1,0,0,0,0,0,0,0,1,"- ","- ",,,SHASTA,REDDING,-122.37049865722656,40.579723358154297
84773006,2025,2025-07-22,4502,2025-01-10,"630 ",529,,5,5,5,4502,0,0,0,,0,R07,"LAKE BL","MAGNUMS WY",410.00,S,N,A,-,N,,,,,,,,,,N,2,0,1,2,A,-,17,21228,A,N,D,B,A,A,H,-,B,D,0,,,,,Y,,M,94,1,0,0,0,0,0,0,0,0,"- ","- ",,,SHASTA,REDDING,-122.40402984619141,40.623245239257812
8525513,2017,2018-01-16,4502,2017-09-27,1528,145,,3,5,5,4502,0,0,0,,0,003,"AIRPORT RD","MARVEL LN",49.00,S,N,A,-,N,,,,,,,,,,Y,2,0,2,3,A,-,03,22350,,N,A,C,A,A,H,-,A,D,0,,,,,Y,,A,01,2,0,0,0,0,0,0,0,0,"- ","- ",,,SHASTA,REDDING,-122.29376076,40.489323980000002
8526511,2017,2018-06-06,4501,2017-12-06,2202,418,4501,3,5,2,4501,0,0,0,,0,001,"RT 273","SOUTH ST",475.00,S,N,A,-,Y,SHA,2,273,-,-,5.090,H,-,N,N,2,0,2,3,A,-,10,21950,A,N,G,B,D,A,H,-,D,D,0,Y,,,,Y,Y,N,60,1,1,0,0,2,0,0,0,0,"- ","- ",,,SHASTA,ANDERSON,-122.29716000000001,40.447130000000001
8648247,2018,2018-10-11,4502,2018-03-21,2011,145,,3,5,5,4502,0,0,0,,0,005,"CALIFORNIA ST","SOUTH ST",12.00,S,N,C,-,N,,,,,,,,,,Y,1,1,3,2,A,-,12,21453,A,N,D,C,A,B,H,-,C,A,0,,,,,Y,Y,A,01,2,0,1,0,0,0,0,0,0,"- ","- ",,,SHASTA,REDDING,-122.39064788818359,40.580436706542969
8648714,2018,2020-05-22,4502,2018-11-01,0655,158,R04,4,5,5,4502,0,0,0,,0,004,"RT 273","GIRVAN RD",0.00,,Y,A,-,Y,SHA,2,273,-,-,11.570,I,5,S,Y,1,1,0,1,A,-,12,21453,A,N,F,I,A,A,H,-,C,A,0,,,,,Y,Y,B,07,0,0,0,0,0,0,0,0,0,"- ","- ",40.513050079345703,-122.38065338134766,SHASTA,REDDING,-122.38080596923828,40.513118743896484
8716568,2018,2018-10-17,4502,2018-05-04,2102,105,,5,5,5,4502,0,0,0,,0,007,"LAKE BL","NORTHPOINT DR",25.00,N,N,A,-,N,,,,,,,,,,N,2,0,1,2,A,-,05,21650,,N,D,J,A,A,H,-,C,A,0,,Y,,,Y,Y,L,04,1,0,0,0,0,0,1,0,0,"- ","- ",,,SHASTA,REDDING,-122.38141632080078,40.611179351806641
8721460,2018,2018-10-29,4502,2018-06-03,1712,134,,7,5,5,4502,0,0,0,,0,006,"CONTINENTAL ST","PLACER ST",0.00,,Y,A,-,N,,,,,,,,,,Y,2,0,1,2,A,-,11,21954,A,N,D,B,E,A,H,-,A,A,0,Y,,,,Y,,N,60,1,0,0,0,1,0,0,0,0,"- ","- ",,,SHASTA,REDDING,-122.38478851318359,40.583671569824219