CASE_ID,ACCIDENT_YEAR,PROC_DATE,JURIS,COLLISION_DATE,COLLISION_TIME,OFFICER_ID,REPORTING_DISTRICT,DAY_OF_WEEK,CHP_SHIFT,POPULATION,CNTY_CITY_LOC,SPECIAL_COND,BEAT_TYPE,CHP_BEAT_TYPE,CITY_DIVISION_LAPD,CHP_BEAT_CLASS,BEAT_NUMBER,PRIMARY_RD,SECONDARY_RD,DISTANCE,DIRECTION,INTERSECTION,WEATHER_1,WEATHER_2,STATE_HWY_IND,CALTRANS_COUNTY,CALTRANS_DISTRICT,STATE_ROUTE,ROUTE_SUFFIX,POSTMILE_PREFIX,POSTMILE,LOCATION_TYPE,RAMP_INTERSECTION,SIDE_OF_HWY,TOW_AWAY,COLLISION_SEVERITY,NUMBER_KILLED,NUMBER_INJURED,PARTY_COUNT,PRIMARY_COLL_FACTOR,PCF_CODE_OF_VIOL,PCF_VIOL_CATEGORY,PCF_VIOLATION,PCF_VIOL_SUBSECTION,HIT_AND_RUN,TYPE_OF_COLLISION,MVIW,PED_ACTION,ROAD_SURFACE,ROAD_COND_1,ROAD_COND_2,LIGHTING,CONTROL_DEVICE,CHP_ROAD_TYPE,PEDESTRIAN_ACCIDENT,BICYCLE_ACCIDENT,MOTORCYCLE_ACCIDENT,TRUCK_ACCIDENT,NOT_PRIVATE_PROPERTY,ALCOHOL_INVOLVED,STWD_VEHTYPE_AT_FAULT,CHP_VEHTYPE_AT_FAULT,COUNT_SEVERE_INJ,COUNT_VISIBLE_INJ,COUNT_COMPLAINT_PAIN,COUNT_PED_KILLED,COUNT_PED_INJURED,COUNT_BICYCLIST_KILLED,COUNT_BICYCLIST_INJURED,COUNT_MC_KILLED,COUNT_MC_INJURED,PRIMARY_RAMP,SECONDARY_RAMP,LATITUDE,LONGITUDE,COUNTY,CITY,POINT_X,POINT_Y
8911076,2020,2020-05-20,4502,2020-02-11,1416,163,,2,5,5,4502,0,0,0,,0,006,"EUREKA WY","WHISKEYTOWN CT",23.00,E,N,A,-,Y,SHA,2,299,-,-,22.978,I,5,W,Y,1,1,1,3,A,-,09,21804,A,N,D,C,A,A,H,-,A,D,0,,,,,Y,,A,01,0,0,1,0,0,0,0,0,0,"- ","- ",40.585788726806641,-122.41295623779297,SHASTA,REDDING,-122.41300201416016,40.585826873779297
8911544,2019,2020-10-22,4502,2019-11-06,0938,R0158,R01,3,5,5,4502,0,0,0,,0,001,"HILLTOP DR","RT 5",0.00,,Y,A,-,N,,,,,,,,,,Y,1,1,2,2,A,-,08,22107,,N,D,C,A,A,H,-,A,D,0,,,,,Y,,A,07,0,2,0,0,0,0,0,0,0,"- ","- ",40.595428466796875,-122.36176300048828,SHASTA,REDDING,-122.36077117919922,40.595489501953125
8911949,2020,2022-06-14,4502,2020-07-25,0106,R0090,TRF,6,5,5,4502,0,0,0,,0,005,"RT 273","EAST ST",0.00,,Y,A,-,Y,SHA,2,273,-,-,16.050,I,5,N,Y,1,2,0,1,A,-,03,22350,,N,E,I,A,A,H,-,C,A,0,,,,,Y,Y,A,01,0,0,0,0,0,0,0,0,0,"- ","- ",40.578178405761719,-122.38655090332031,SHASTA,REDDING,-122.38650512695312,40.577125549316406
8939166,2019,2021-05-28,4502,2019-09-12,1908,R0158,R02,4,5,5,4502,0,0,0,,0,002,"HARTNELL AV","SHOTWICK TRL",23.00,S,N,A,-,N,,,,,,,,,,Y,1,1,0,1,A,-,03,22350,,N,E,I,A,A,H,-,A,D,0,,,Y,,Y,Y,C,02,0,0,0,0,0,0,0,1,0,"- ","- ",40.565738677978516,-122.36830902099609,SHASTA,REDDING,-122.36757659912109,40.564445495605469
8944812,2019,2019-09-30,4502,2019-03-02,0657,185,R02,6,5,5,4502,0,0,0,,0,,"CHURN CREEK RD","KALLERUP DR",0.00,,Y,C,-,N,,,,,,,,,,Y,2,0,1,2,A,-,09,21801,A,N,D,C,A,B,H,-,A,D,0,,,Y,,Y,,A,01,1,0,0,0,0,0,0,0,1,"- ","- ",,,SHASTA,REDDING,-122.35308837890625,40.576339721679688
8965531,2019,2019-10-30,4502,2019-05-17,1302,YABRA108,R01,5,5,5,4502,0,0,0,,0,001,"CHURN CREEK RD","PALACIO DR",1376.00,S,N,B,-,N,,,,,,,,,,N,2,0,1,2,A,-,05,21650,,N,H,G,A,A,H,-,A,D,0,,Y,,,Y,,A,01,1,0,0,0,0,0,1,0,0,"- ","- ",40.599510192871094,-122.34883880615234,SHASTA,REDDING,-122.34539794921875,40.601474761962891
90006402,2015,2015-10-19,9135,2015-07-22,1945,015418,,3,2,9,4500,0,3,5,,2,001,"IRON MOUNTAIN ROAD",SR-299,2112.00,N,N,A,-,N,,,,,,,,,,N,2,0,2,1,A,-,03,22350,,N,F,A,A,A,B,-,A,D,0,,,Y,,Y,,C,02,1,1,0,0,0,0,0,0,2,"- ","- ",,,SHASTA,UNINCORPORATED,-121.94870392999999,40.796407520000002
90007498,2015,2015-10-19,9135,2015-07-25,1955,017956,,6,2,9,4500,0,1,3,,2,040,"SR-44 W/B","AIRPORT WAY",889.00,E,N,A,-,Y,,,44,,,,,,W,Y,2,0,1,1,A,-,01,23152,A,N,F,A,A,A,H,-,A,D,0,,,,,Y,Y,A,01,1,0,0,0,0,0,0,0,0,"- ","- ",40.514919999999996,-121.81018,SHASTA,UNINCORPORATED,-121.81018149000001,40.514923039999999
90008189,2015,2015-10-19,9135,2015-08-03,1645,016087,,1,2,2,4501,0,1,1,,2,053,"I-5 S/B","SOUTH ANDERSON OVERHEAD",65.00,N,N,A,-,Y,,,,,,,,,,Y,2,0,3,2,A,-,03,22350,,N,C,C,A,A,H,-,A,D,0,,,,,Y,,A,01,2,0,1,0,0,0,0,0,0,"- ","- ",,,SHASTA,ANDERSON,,
90011357,2015,2015-10-19,9135,2015-08-18,2120,016513,,2,2,9,4500,0,3,5,,2,004,"FOURTH ST","WILLOW ST",50.00,W,N,A,-,N,,,,,,,,,,N,2,0,1,2,A,-,08,22107,,F,B,G,A,A,H,-,C,D,0,,Y,Y,,Y,,L,04,1,0,0,0,0,0,1,0,0,"- ","- ",,,SHASTA,UNINCORPORATED,-122.27751954999999,40.38935
90012880,2015,2015-10-19,9135,2015-08-27,1855,015667,,4,2,5,4502,0,1,3,,2,040,"S-44 W/B TO VICTOR AVE.R","VICTOR AVE.",88.00,E,N,A,-,Y,,,,,,,,,,N,2,0,1,1,A,-,03,22350,,N,E,I,A,A,H,-,A,D,0,,,Y,,Y,,C,02,1,0,0,0,0,0,0,0,1,"- ","- ",,,SHASTA,REDDING,-122.33844563,40.57979675
9001727,2019,2019-12-30,4502,2019-07-02,1243,538,,2,5,5,4502,0,0,0,,0,,"CHURN CREEK RD","VICTOR AV",6.00,S,N,A,-,N,,,,,,,,,,Y,2,0,4,2,A,-,09,21801,A,N,A,C,A,A,H,-,A,D,0,,,,,Y,,A,07,1,0,3,0,0,0,0,0,0,"- ","- ",,,SHASTA,REDDING,-122.33619689941406,40.53472900390625
90018477,2015,2015-10-19,9135,2015-09-09,1325,012864,,3,1,9,4500,0,3,5,,2,002,"SR-299 WESTBOUND","HELENA DRIVE",0.00,,Y,A,-,Y,,,,,,,,,,Y,2,0,4,2,A,-,09,21801,A,N,D,C,A,A,H,-,A,D,0,,,,,Y,,A,01,1,2,1,0,0,0,0,0,0,"- ","- ",,,SHASTA,UNINCORPORATED,-122.2732199,40.630559939999998
90035989,2015,2015-10-29,9135,2015-08-08,0800,015627,,6,1,9,4500,0,3,5,,2,004,"MILLVILLE PLAINS RD","BASCOM RD",960.00,S,N,A,-,N,,,,,,,,,,Y,1,1,0,1,A,-,01,23152,A,N,F,A,A,A,H,-,A,A,0,,,,,Y,Y,A,01,0,0,0,0,0,0,0,0,0,"- ","- ",,,SHASTA,UNINCORPORATED,-122.17676892999999,40.525908960000002
90044240,2015,2015-11-04,9135,2015-10-28,2005,015418,,3,2,9,4500,0,3,5,,2,002,"OLD ALTURAS ROAD","BOYLE ROAD",3168.00,E,N,A,-,N,,,,,,,,,,Y,2,0,1,1,A,-,08,22107,,N,F,A,A,A,H,-,D,D,0,,,,,Y,,A,01,1,0,0,0,0,0,0,0,0,"- ","- ",,,SHASTA,UNINCORPORATED,-122.28222101999999,40.60127627
90048875,2015,2015-11-11,9135,2015-11-02,1150,016513,,1,1,9,4500,0,3,5,,2,003,"GAS POINT RD","MAJESTIC OAK CIR",4224.00,E,N,B,-,N,,,,,,,,,,Y,2,0,1,1,A,-,08,22107,,N,E,I,A,A,H,-,A,D,0,,,,,Y,,A,07,1,0,0,0,0,0,0,0,0,"- ","- ",,,SHASTA,UNINCORPORATED,-122.34194786,40.3893269
90051452,2015,2015-11-16,9146,2015-10-28,1055,16697,,3,1,9,4500,0,1,1,,2,013,"I-5 S/B","SODA CREEK",3696.00,S,N,B,C,Y,,,5,,,,,,S,Y,2,0,1,4,A,-,03,22350,,N,C,C,A,B,H,-,A,D,0,,,,Y,Y,,E,22,1,0,0,0,0,0,0,0,0,"- ","- ",41.153399999999998,-122.29601,SHASTA,UNINCORPORATED,-122.29603459,41.153444399999998
90061628,2015,2015-11-30,9135,2015-11-01,0423,013861,,7,3,9,4500,0,3,5,,2,003,"OLINDA ROAD","POPLAR AVENUE",36.00,W,N,B,-,N,,,,,,,,,,Y,2,0,2,1,A,-,01,23152,E,N,E,I,A,A,H,-,D,D,0,,,,,Y,,D,22,2,0,0,0,0,0,0,0,0,"- ","- ",40.43918,-122.39782,SHASTA,UNINCORPORATED,-122.39782931000001,40.439213080000002
90067531,2015,2015-12-08,9135,2015-11-27,2240,018133,,5,3,9,4500,0,3,5,,2,002,"NORTH STAR DR.","OLD OREGON TRL",0.00,,Y,A,-,N,,,,,,,,,,Y,2,0,2,1,A,-,01,23152,A,N,E,I,A,A,H,-,C,D,0,,,,,Y,Y,A,01,2,0,0,0,0,0,0,0,0,"- ","- ",40.578200000000002,-122.30525,SHASTA,UNINCORPORATED,-122.30540996000001,40.578249890000002
90076103,2015,2015-12-17,9135,2015-12-05,0030,017428,,6,3,9,4500,0,3,5,,2,003,"CHINA GULCH DR.","SYLVAN LN.",632.00,E,N,B,-,N,,,,,,,,,,Y,2,0,1,1,A,-,01,23152,A,N,E,I,A,A,H,-,D,A,0,,,,,Y,Y,A,01,1,0,0,0,0,0,0,0,0,"- ","- ",,,SHASTA,UNINCORPORATED,-122.39805982,40.490374520000003
90127877,2016,2016-03-02,9135,2016-02-27,0745,013331,,6,1,9,4500,0,3,5,,2,003,"GAS POINT RD","EL CAMINO DR",172.00,W,N,A,-,N,,,,,,,,,,Y,2,0,1,1,A,-,08,22107,,N,E,I,A,A,H,-,A,D,0,,,,,Y,,D,22,1,0,0,0,0,0,0,0,0,"- ","- ",,,SHASTA,UNINCORPORATED,-122.34405676,40.38943561
90128017,2016,2016-03-02,9135,2016-02-27,1315,018213,,6,1,9,4500,0,3,5,,2,006,"FOREST ROUTE 32N20","BRAINS WAY",2640.00,S,N,A,-,N,,,,,,,,,,N,2,0,1,1,A,-,03,38305,,N,E,J,A,A,C,-,A,D,0,,,Y,,Y,,C,06,1,0,0,0,0,0,0,0,1,"- ","- ",40.6267,-121.42394,SHASTA,UNINCORPORATED,-121.42386496,40.626655139999997
90147878,2016,2016-03-30,9135,2016-03-21,1446,013145,,1,2,9,4500,0,1,3,,2,402,SR-44,"MILLER'S RANCH ROAD (EAST)",1320.00,E,N,D,-,Y,,,,,,,,,,Y,2,0,2,2,A,-,03,22350,,N,A,C,A,C,H,-,A,D,0,,,,,Y,,A,01,1,0,1,0,0,0,0,0,0,"- ","- ",,,SHASTA,UNINCORPORATED,-121.92056488999999,40.498852970000002
90178298,2016,2016-05-12,9135,2016-05-02,1200,012142,,1,1,9,4500,0,1,3,,2,603,"STATE ROUTE 299","GLENBURN RD.",0.00,,Y,B,-,Y,,,,,,,,,,Y,2,0,4,2,A,-,09,21801,A,N,A,C,A,A,H,-,A,A,0,,,,,Y,,A,01,2,2,0,0,0,0,0,0,0,"- ","- ",,,SHASTA,UNINCORPORATED,-121.44662991,41.001219910000003
90190971,2016,2016-05-31,9135,2016-05-23,2230,016325,,1,3,5,4502,0,1,3,,2,040,"SR-44 WESTBOUND","LIBERTY ST",175.00,E,N,B,-,Y,,,,,,,,,,Y,2,0,1,1,A,-,03,22350,,N,F,A,A,A,H,-,C,D,0,,,Y,,Y,,C,02,1,0,0,0,0,0,0,0,1,"- ","- ",,,SHASTA,REDDING,-122.38716948,40.58706797
90202394,2016,2016-06-15,9135,2016-06-14,1845,016087,,2,2,9,4500,0,3,5,,2,002,"TAMARACK RD","FERN RD.",500.00,E,N,A,-,N,,,,,,,,,,N,2,0,1,1,C,-,18,,,N,E,H,A,A,H,-,A,D,0,,,Y,,Y,,-,"- ",1,0,0,0,0,0,0,0,1,"- ","- ",,,SHASTA,UNINCORPORATED,-121.88502342,40.632142299999998
9020533,2019,2020-09-10,4501,2019-10-28,2058,235,A01,1,5,2,4501,0,0,0,,0,A01,"RT 273","3RD ST",0.00,,Y,A,-,Y,SHA,2,273,-,-,6.400,I,5,N,Y,2,0,1,3,A,-,09,21800,D,N,F,C,A,A,G,-,D,B,0,,,,,Y,,A,01,1,0,0,0,0,0,0,0,0,"- ","- ",,,SHASTA,ANDERSON,-122.31491088867188,40.459774017333984
90232731,2016,2016-07-28,9135,2016-07-22,2143,017698,,5,2,5,4502,0,3,5,,2,004,"OLD OREGON TRAIL","VIKING WAY",320.00,N,N,A,-,N,,,,,,,,,,Y,2,0,2,2,A,-,01,23152,A,F,C,C,A,A,H,-,C,D,0,,,,,Y,Y,D,22,1,0,1,0,0,0,0,0,0,"- ","- ",,,SHASTA,REDDING,-122.30585898,40.57905659
90250788,2016,2016-08-23,9135,2016-08-09,1930,013145,,2,2,9,4500,0,1,3,,2,402,"WITHROW ROAD","NO. FORK BEAR CREEK BRIDGE",792.00,W,N,A,-,N,,,,,,,,,,N,2,0,2,1,A,-,03,22350,,N,E,I,A,A,H,-,A,D,0,,,Y,,Y,Y,C,06,1,1,0,0,0,0,0,0,2,"- ","- ",,,SHASTA,UNINCORPORATED,,
90259961,2016,2016-09-02,9135,2016-09-01,0820,013331,,4,1,9,4500,0,3,5,,2,003,"CHINA GULCH ROAD","CANYON RD",0.00,,N,A,-,N,,,,,,,,,,Y,2,0,2,2,A,-,05,21460,A,N,A,C,A,A,H,-,A,D,0,,,,,Y,,D,22,2,0,0,0,0,0,0,0,0,"- ","- ",,,SHASTA,UNINCORPORATED,-122.39365991,40.488619960000001
90268537,2016,2016-09-15,9135,2016-09-11,1806,015363,,7,2,9,4500,0,3,5,,2,003,"PLACER ROAD","MULE TOWN RD.",1320.00,W,N,A,-,N,,,,,,,,,,Y,2,0,1,1,A,-,03,22350,,N,E,I,A,A,H,-,A,D,0,,,Y,,Y,,C,02,1,0,0,0,0,0,0,0,1,"- ","- ",,,SHASTA,UNINCORPORATED,-122.51942366999999,40.513085670000002
90268904,2016,2016-09-16,9135,2016-08-09,1720,016513,,2,2,9,4500,0,1,3,,1,301,"SR-299 E/B","HOADLEY PEAKS RD",10560.00,E,N,A,-,Y,,,299,,,,,,E,Y,1,1,1,1,A,-,08,22107,,N,F,A,A,A,H,-,A,D,0,,,,Y,Y,,G,25,0,0,1,0,0,0,0,0,0,"- ","- ",40.657620000000001,-122.69895,SHASTA,UNINCORPORATED,-122.69892272,40.657608070000002
90270084,2016,2016-09-19,9135,2016-09-16,0615,014516,,5,1,9,4500,0,3,5,,2,001,"IRON MOUNTAIN RD","ROCK CREEK RD",11669.00,N,N,A,-,N,,,,,,,,,,Y,2,0,1,1,A,-,08,22107,,N,E,I,A,A,H,-,B,D,0,,,Y,,Y,,C,02,1,0,0,0,0,0,0,0,1,"- ","- ",40.639780000000002,-122.45587999999999,SHASTA,UNINCORPORATED,-122.45959963999999,40.648633089999997
90270443,2016,2016-09-19,9135,2016-08-03,1440,015627,,3,2,9,4500,0,1,3,,1,401,"STATE ROUTE 44","TOMPATA TRAIL",245.00,E,N,A,-,Y,,,,,,,,,,Y,1,1,2,2,A,-,01,23152,F,N,A,C,A,A,H,-,A,D,0,,,,,Y,Y,A,01,1,1,0,0,0,0,0,0,0,"- ","- ",,,SHASTA,UNINCORPORATED,-122.13101526,40.53287126
90281113,2016,2016-09-30,9135,2016-09-26,1625,015363,,1,2,9,4500,0,3,5,,2,003,"PLACER ROAD","PLATEAU CIR",365.00,E,N,A,-,N,,,,,,,,,,Y,2,0,1,2,A,-,09,21802,A,N,A,C,A,A,H,-,A,D,0,,,Y,,Y,,A,01,1,0,0,0,0,0,0,0,1,"- ","- ",,,SHASTA,UNINCORPORATED,-122.46379012,40.545689940000003
90285522,2016,2016-10-06,9135,2016-10-04,1723,015363,,2,2,9,4500,0,3,5,,2,004,"DERSCH ROAD","PARKVILLE RD",11088.00,E,N,A,-,N,,,,,,,,,,Y,2,0,1,1,A,-,01,23152,A,N,E,I,A,A,H,-,A,D,0,,,,,Y,Y,A,01,1,0,0,0,0,0,0,0,0,"- ","- ",,,SHASTA,UNINCORPORATED,-122.15405486,40.485303629999997
90294424,2016,2016-10-18,9135,2016-10-07,1755,018471,,5,2,5,4502,0,1,1,,2,053,"I-5 S/B","KNIGHTON ROAD",3696.00,S,N,A,-,Y,,,,,,,,,,Y,2,0,2,2,A,-,03,22350,,N,C,C,A,A,H,-,A,D,0,,,,Y,Y,,A,08,1,1,0,0,0,0,0,0,0,"- ","- ",40.496549999999999,-122.33228,SHASTA,REDDING,-122.33224624,40.496449400000003
90307044,2016,2016-10-31,9135,2016-09-26,1750,016513,,1,2,9,4500,0,3,5,,2,003,"OLINDA ROAD","PETER PAN GULCH",1056.00,W,N,A,-,N,,,,,,,,,,Y,1,1,1,1,A,-,08,22107,,N,E,I,A,A,H,-,A,D,0,,,,,Y,Y,D,22,0,1,0,0,0,0,0,0,0,"- ","- ",,,SHASTA,UNINCORPORATED,-122.32218392999999,40.441721270000002
90332623,2016,2016-11-29,9135,2016-11-24,1405,014516,,4,2,9,4500,0,3,5,,2,002,"FOREST RD","LAKEVIEW DR",23074.00,W,N,A,-,Y,,,,,,,,,,N,2,0,1,1,B,-,22,,,N,F,A,A,A,H,-,A,D,0,,,Y,,Y,,C,06,1,0,0,0,0,0,0,0,1,"- ","- ",40.890540000000001,-122.4284,SHASTA,UNINCORPORATED,-122.39357,40.87811
90337506,2016,2016-12-06,9135,2016-11-30,0948,017698,,3,1,5,4502,0,3,5,,2,003,"GAS POINT ROAD","DELLA LANE",298.00,W,N,B,-,N,,,,,,,,,,Y,2,0,2,3,A,-,09,21801,A,N,D,C,A,B,H,-,A,D,0,,,,,Y,,A,01,1,0,1,0,0,0,0,0,0,"- ","- ",40.389240000000001,-122.29509,SHASTA,REDDING,-122.29504012,40.389304080000002
90346712,2016,2016-12-16,9135,2016-09-26,1035,015640,,1,1,9,4500,0,1,3,,1,201,SR-299,"OAK KNOLLS RD",5333.00,E,N,A,-,Y,,,299,,,,,,,Y,1,1,1,2,A,-,06,21751,,N,A,C,A,A,H,-,A,D,0,,,,,Y,,A,01,1,0,0,0,0,0,0,0,0,"- ","- ",40.652209999999997,-122.21771,SHASTA,UNINCORPORATED,-122.21777147,40.652252060000002
90358916,2016,2017-01-02,9135,2016-12-17,1905,018829,,6,2,9,4500,0,3,5,,2,001,"WONDERLAND BLVD","BASS DRIVE",1715.00,S,N,A,-,N,,,,,,,,,,N,2,0,2,2,A,-,11,21954,A,M,G,B,E,A,H,-,C,D,0,Y,,,,Y,,N,60,1,1,0,0,1,0,0,0,0,"- ","- ",40.712060000000001,-122.33382,SHASTA,UNINCORPORATED,-122.33369734999999,40.712148990000003
90375247,2016,2017-01-23,9135,2016-12-26,0817,015627,,1,1,9,4500,0,3,5,,2,003,"PLACER ROAD","MULE TOWN ROAD",2112.00,W,N,B,-,N,,,,,,,,,,N,2,0,1,2,A,-,21,22106,,N,G,B,E,A,H,-,A,D,0,Y,,,,Y,,A,07,1,0,0,0,1,0,0,0,0,"- ","- ",40.511850000000003,-122.52182000000001,SHASTA,UNINCORPORATED,-122.52125673,40.511718360000003
90417319,2017,2017-03-22,9135,2017-03-14,1110,016513,,2,1,9,4500,0,3,5,,2,003,"HAPPY VALLEY RD","TRIPLE S ROAD",0.00,,Y,A,-,N,,,,,,,,,,Y,2,0,1,2,A,-,03,22350,,N,D,C,A,A,H,-,A,D,0,,,,,Y,,D,22,1,0,0,0,0,0,0,0,0,"- ","- ",,,SHASTA,UNINCORPORATED,-122.40143987,40.460069879999999
90426949,2017,2017-08-18,9135,2017-03-31,1826,018829,,5,2,5,4502,0,1,3,,2,020,"SR-299 W/B","SR-299 E/B TRANSITION TO I-5 N/B",234.00,E,N,A,-,Y,,,299,,,,,,W,Y,1,1,1,1,A,-,08,22107,,N,F,I,A,A,H,-,A,D,0,,,,,Y,,D,22,0,1,0,0,0,0,0,0,0,"- ","- ",40.613019999999999,-122.35987,SHASTA,REDDING,-122.35985741,40.612946790000002
90469101,2017,2017-06-01,9135,2017-05-25,1538,015133,,4,2,9,4500,0,3,5,,2,001,"WALKER MINE ROAD","FARGO LANE",422.00,W,N,A,-,N,,,,,,,,,,Y,2,0,1,1,A,-,08,22107,,N,F,A,A,A,H,-,A,D,0,,,Y,,Y,,C,02,1,0,0,0,0,0,0,0,1,"- ","- ",40.664839999999998,-122.40486,SHASTA,UNINCORPORATED,-122.40508099,40.664805430000001
90471886,2017,2017-06-06,9135,2017-05-30,1725,017698,,2,2,9,4500,0,3,5,,2,003,"CANYON ROAD","VALLEY VIEW ROAD",1584.00,W,N,A,-,N,,,,,,,,,,Y,2,0,1,1,A,-,08,22107,,N,E,I,A,A,H,-,A,D,0,,,,,Y,,A,01,1,0,0,0,0,0,0,0,0,"- ","- ",,,SHASTA,UNINCORPORATED,-122.38655909000001,40.494700909999999
90472555,2017,2017-06-07,9146,2017-05-26,1815,017958,,5,2,9,4500,0,1,1,,2,013,"FROM I-5 (S/B) TO SODA CREEK ROAD","SODA CREEK",300.00,N,N,A,-,Y,,,5,,,,R,,,Y,2,0,1,1,A,-,08,22107,,N,E,I,A,A,H,-,A,A,0,,,,,Y,,A,01,1,0,0,0,0,0,0,0,0,"- ","- ",41.16328,-122.29788000000001,SHASTA,UNINCORPORATED,-122.29788000000001,41.16328
90490857,2017,2017-06-29,9135,2017-06-24,2030,018520,,6,2,9,4500,0,3,5,,2,003,"OAK ST","SETTING SUN DR",0.00,,Y,A,-,N,,,,,,,,,,Y,2,0,1,1,A,-,01,23152,A,N,E,I,A,A,H,-,A,D,0,,,,,Y,Y,A,01,1,0,0,0,0,0,0,0,0,"- ","- ",,,SHASTA,UNINCORPORATED,-122.45462993,40.484989900000002
90492932,2017,2017-07-20,9135,2017-06-24,2000,019680,,6,2,9,4500,0,1,3,,2,604,"STATE ROUTE 89","STATE ROUTE 44",0.00,,Y,A,-,Y,,,,,,,,,,Y,2,0,3,1,A,-,08,22107,,N,E,I,A,A,H,-,A,D,0,,,,,Y,,M,47,3,0,0,0,0,0,0,0,0,"- ","- ",,,SHASTA,UNINCORPORATED,-121.57777987,40.544589989999999
90497581,2017,2017-07-10,9135,2017-07-07,2010,012142,,5,2,9,4500,0,1,3,,1,606,"STATE ROUTE 89","CLARK CREEK RD",3168.00,N,N,A,-,Y,,,,,,,,,,Y,2,0,1,1,C,-,18,,,N,E,H,A,A,H,-,B,D,0,,,Y,,Y,,-,"- ",1,0,0,0,0,0,0,0,1,"- ","- ",,,SHASTA,UNINCORPORATED,-121.64468902,41.05765263
90500014,2017,2017-07-13,9135,2017-07-08,1533,018133,,6,2,9,4500,0,1,3,,1,301,SR-299,"ROCK CREEK RD",567.00,E,N,A,-,Y,,,299,,,,,,,Y,2,0,4,2,A,-,05,21460,A,N,B,I,A,A,H,-,A,D,0,,,,,Y,,A,07,1,2,1,0,0,0,0,0,0,"- ","- ",40.604050000000001,-122.5003,SHASTA,UNINCORPORATED,-122.5003044,40.604028730000003
90503720,2017,2017-07-19,9135,2017-07-09,1535,015627,,7,2,9,4500,0,1,3,,1,301,SR-299,"CRYSTAL CREEK RD",33739.00,W,N,A,-,Y,,,,,,,,,,Y,2,0,1,1,A,-,03,22350,,N,F,A,A,A,H,-,A,D,0,,,Y,,Y,,C,02,1,0,0,0,0,0,0,0,1,"- ","- ",,,SHASTA,UNINCORPORATED,-122.72710669,40.642437620000003
90513131,2017,2017-07-31,9135,2017-07-20,2215,018520,,4,3,9,4500,0,3,5,,2,004,"BALLS FERRY RD","RODEO DR",95.00,N,N,A,-,N,,,,,,,,,,N,2,0,1,2,A,-,08,22107,,N,C,G,A,A,H,-,D,D,0,,Y,,,Y,,L,04,1,0,0,0,0,0,1,0,0,"- ","- ",,,SHASTA,UNINCORPORATED,-122.240782,40.437115980000002
90516872,2017,2017-08-04,9135,2017-07-30,0340,018520,,7,3,9,4500,0,3,5,,2,003,"GAS POINT RD","MAJESTIC OAK CIR",100.00,E,N,A,-,N,,,,,,,,,,Y,2,0,1,1,A,-,01,23152,A,N,F,I,A,A,H,-,D,D,0,,,Y,,Y,Y,C,02,1,0,0,0,0,0,0,0,1,"- ","- ",,,SHASTA,UNINCORPORATED,-122.35674096,40.389625610000003
90519791,2017,2017-08-09,9135,2017-08-05,0600,016672,,6,1,9,4500,0,1,3,,1,301,"STATE ROUTE 299 E/B","CRYSTAL CREEK RD",34320.00,W,N,A,-,Y,,,,,,,,,,N,2,0,1,1,A,-,08,22107,,N,E,I,A,A,H,-,D,D,0,,,,,Y,,A,01,1,0,0,0,0,0,0,0,0,"- ","- ",,,SHASTA,UNINCORPORATED,-122.72874591999999,40.643000479999998
90535362,2017,2017-08-28,9135,2017-08-25,1045,16461,,5,1,9,4500,0,3,5,,2,001,"QUARTZ HILL RD","KESWICK DAM RD",300.00,S,N,A,-,N,,,,,,,,,,Y,2,0,1,1,A,-,08,22107,,N,E,I,A,A,H,-,A,D,0,,,Y,,Y,,C,02,1,0,0,0,0,0,0,0,1,"- ","- ",,,SHASTA,UNINCORPORATED,-122.42735598,40.616256110000002
90541837,2017,2017-09-06,9135,2017-08-29,1710,018021,,2,2,9,4500,0,3,5,,2,004,"WHITMORE RD","BUGGY LN",12144.00,S,N,A,-,N,,,,,,,,,,Y,2,0,1,1,A,-,08,22107,,N,E,I,A,A,H,-,A,D,0,,,,,Y,,A,01,1,0,0,0,0,0,0,0,0,"- ","- ",40.60783,-122.05259,SHASTA,UNINCORPORATED,-122.05134051,40.60554672
90549959,2017,2017-09-18,9135,2017-09-13,2255,019030,,3,3,9,4500,0,1,1,,2,053,"I-5 S/B","NORTH ST",3168.00,N,N,A,-,Y,,,,,,,,,,Y,2,0,1,1,A,-,08,22107,,N,F,A,A,A,H,-,C,D,0,,,,,Y,,A,01,1,0,0,0,0,0,0,0,0,"- ","- ",,,SHASTA,UNINCORPORATED,-122.30220246,40.462660800000002
90574332,2017,2017-10-19,9135,2017-10-17,2240,019680,,2,3,9,4500,0,1,3,,2,603,"HIGHWAY 299     W","MCARTHUR RD",689.00,W,N,A,-,Y,,,,,,,,,,Y,2,0,1,1,A,-,01,23152,A,N,E,I,A,A,H,-,D,D,0,,,,,Y,Y,D,22,1,0,0,0,0,0,0,0,0,"- ","- ",41.050159999999998,-121.39842,SHASTA,UNINCORPORATED,-121.40535638,41.048961390000002
90580894,2017,2017-10-27,9146,2017-10-19,0840,019430,,4,1,9,4500,0,1,1,,2,014,"I-5 S/B","SLATE CREEK",75.00,N,N,B,C,Y,,,5,,,,,,S,Y,2,0,1,2,A,-,03,22350,,N,D,C,A,B,H,-,D,D,0,,,,Y,Y,,A,01,1,0,0,0,0,0,0,0,0,"- ","- ",40.976080000000003,-122.43319,SHASTA,UNINCORPORATED,-122.43319901,40.976078710000003