CASE_ID,ACCIDENT_YEAR,PROC_DATE,JURIS,COLLISION_DATE,COLLISION_TIME,OFFICER_ID,REPORTING_DISTRICT,DAY_OF_WEEK,CHP_SHIFT,POPULATION,CNTY_CITY_LOC,SPECIAL_COND,BEAT_TYPE,CHP_BEAT_TYPE,CITY_DIVISION_LAPD,CHP_BEAT_CLASS,BEAT_NUMBER,PRIMARY_RD,SECONDARY_RD,DISTANCE,DIRECTION,INTERSECTION,WEATHER_1,WEATHER_2,STATE_HWY_IND,CALTRANS_COUNTY,CALTRANS_DISTRICT,STATE_ROUTE,ROUTE_SUFFIX,POSTMILE_PREFIX,POSTMILE,LOCATION_TYPE,RAMP_INTERSECTION,SIDE_OF_HWY,TOW_AWAY,COLLISION_SEVERITY,NUMBER_KILLED,NUMBER_INJURED,PARTY_COUNT,PRIMARY_COLL_FACTOR,PCF_CODE_OF_VIOL,PCF_VIOL_CATEGORY,PCF_VIOLATION,PCF_VIOL_SUBSECTION,HIT_AND_RUN,TYPE_OF_COLLISION,MVIW,PED_ACTION,ROAD_SURFACE,ROAD_COND_1,ROAD_COND_2,LIGHTING,CONTROL_DEVICE,CHP_ROAD_TYPE,PEDESTRIAN_ACCIDENT,BICYCLE_ACCIDENT,MOTORCYCLE_ACCIDENT,TRUCK_ACCIDENT,NOT_PRIVATE_PROPERTY,ALCOHOL_INVOLVED,STWD_VEHTYPE_AT_FAULT,CHP_VEHTYPE_AT_FAULT,COUNT_SEVERE_INJ,COUNT_VISIBLE_INJ,COUNT_COMPLAINT_PAIN,COUNT_PED_KILLED,COUNT_PED_INJURED,COUNT_BICYCLIST_KILLED,COUNT_BICYCLIST_INJURED,COUNT_MC_KILLED,COUNT_MC_INJURED,PRIMARY_RAMP,SECONDARY_RAMP,LATITUDE,LONGITUDE,COUNTY,CITY,POINT_X,POINT_Y
90589269,2017,2017-11-07,9135,2017-11-06,0515,016960,,1,3,9,4500,0,3,5,,2,002,"DRY CREEK ROAD","STATE ROUTE 299",1200.00,N,N,A,-,N,,,,,,,,,,Y,2,0,1,1,A,-,08,22107,,N,F,A,A,A,H,-,D,A,0,,,,,Y,,D,22,1,0,0,0,0,0,0,0,0,"- ","- ",40.643009999999997,-122.24021,SHASTA,UNINCORPORATED,-122.24009038,40.642084629999999
90592852,2017,2017-11-13,9135,2017-11-04,2145,013331,,6,2,9,4500,0,1,3,,1,302,"SR-273 S/B","HAPPY VALLEY RD",0.00,,Y,A,-,Y,,,,,,,,,,Y,2,0,1,2,A,-,11,21954,A,N,G,B,D,A,H,-,C,A,0,Y,,,,Y,,N,60,1,0,0,0,1,0,0,0,0,"- ","- ",40.491300000000003,-122.366,SHASTA,UNINCORPORATED,-122.36596993000001,40.49445995
90674560,2018,2018-03-05,9135,2018-02-25,1700,018388,,7,2,9,4500,0,3,5,,2,004,"CLEAR CREEK RD","CLOVERDALE RD",1584.00,W,N,A,-,N,,,,,,,,,,Y,2,0,1,1,A,-,01,23152,A,N,E,I,A,A,H,-,A,D,0,,,,,Y,Y,A,01,1,0,0,0,0,0,0,0,0,"- ","- ",40.48828125,-122.51689910888672,SHASTA,UNINCORPORATED,-122.51674652099609,40.488494873046875
90703934,2018,2018-04-12,9135,2018-04-09,1655,012142,,1,2,9,4500,0,1,3,,2,604,"STATE ROUTE 44","SUGAR LOAF LN.",792.00,E,N,A,-,Y,,,44,,,,,,,Y,2,0,2,1,A,-,08,22107,,N,E,I,A,A,H,-,A,D,0,,,,,Y,,E,22,1,1,0,0,0,0,0,0,0,"- ","- ",40.651920318603516,-121.45990753173828,SHASTA,UNINCORPORATED,-121.459716796875,40.651729583740234
90708133,2018,2018-04-18,9135,2018-04-15,1140,014425,,7,1,9,4500,0,3,5,,2,002,"EMMIGRANT TRAIL",SR-44,1584.00,N,N,B,-,N,,,,,,,,,,N,2,0,1,1,A,-,03,22350,,N,F,A,A,A,H,-,A,D,0,,,Y,,Y,,C,06,1,0,0,0,0,0,0,0,1,"- ","- ",40.493839263916016,-122.88755035400391,SHASTA,UNINCORPORATED,-121.88559722900391,40.496379852294922
90728213,2018,2018-05-17,9135,2018-05-07,2203,017428,,1,3,9,4500,0,1,3,,1,301,SR-299,"J F KENNEDY MEMORIAL DR",358.00,E,N,A,-,Y,,,299,,,,,,,Y,2,0,3,1,A,-,01,23152,A,N,E,I,A,A,H,-,D,D,0,,,,,Y,Y,A,07,1,2,0,0,0,0,0,0,0,"- ","- ",40.614288330078125,-122.51889038085938,SHASTA,UNINCORPORATED,-122.51880645751953,40.614353179931641
90731248,2018,2018-05-22,9135,2018-05-09,2115,018391,,3,2,9,4500,0,3,5,,2,004,"CHURN CREEK RD.","SEA LANE",232.00,S,N,A,-,N,,,,,,,,,,N,2,0,1,2,A,-,03,22350,,F,H,G,A,A,H,-,D,D,0,,Y,,,Y,,-,99,1,0,0,0,0,0,1,0,0,"- ","- ",40.524879455566406,-122.33370971679688,SHASTA,UNINCORPORATED,-122.33370208740234,40.52490234375
90745537,2018,2018-06-26,9135,2018-06-09,2025,019101,,6,2,9,4500,0,1,3,,1,302,"SR-273 S/B","OVERLAND DR",1056.00,N,N,A,-,Y,,,273,,,,,,S,Y,2,0,1,1,A,-,01,23152,F,N,E,I,A,A,H,-,A,D,0,,,,,Y,,A,01,1,0,0,0,0,0,0,0,0,"- ","- ",40.484550476074219,-122.35089111328125,SHASTA,UNINCORPORATED,-122.35105895996094,40.484302520751953
90763439,2018,2018-07-05,9135,2018-07-04,1740,16461,,3,2,9,4500,0,3,5,,2,002,"GILMAN RD","BONNIE VISTA LN",2112.00,E,N,A,-,N,,,,,,,,,,N,2,0,1,1,C,-,18,,,N,H,H,A,A,H,-,A,D,0,,,Y,,Y,,-,"- ",1,0,0,0,0,0,0,0,1,"- ","- ",40.854660034179688,-122.29612731933594,SHASTA,UNINCORPORATED,-122.29740905761719,40.855644226074219
90791908,2018,2018-08-16,9135,2018-07-08,0001,018829,,7,3,9,4500,0,3,5,,2,003,SR-36,"WILDWOOD ROAD",1100.00,E,N,A,-,Y,,,36,,,,,,,Y,1,1,0,1,A,-,08,22107,,N,E,I,A,A,H,-,D,D,0,,,,,Y,,D,22,0,0,0,0,0,0,0,0,0,"- ","- ",40.381900787353516,-123.01512145996094,SHASTA,UNINCORPORATED,-123.01535797119141,40.381275177001953
90793577,2018,2018-08-20,9135,2018-08-10,0210,017428,,5,3,9,4500,0,1,1,,2,053,"I-5 N/B","S. ANDERSON OVERHEAD",88.00,S,N,A,-,Y,,,5,,,,,,N,Y,2,0,1,1,A,-,08,22107,,N,E,I,A,A,H,-,C,D,0,,,,,Y,,A,01,1,0,0,0,0,0,0,0,0,"- ","- ",40.440849304199219,-122.28761291503906,SHASTA,UNINCORPORATED,-122.28769683837891,40.440834045410156
9079591,2019,2020-05-16,4502,2019-11-22,0002,170,R03,5,5,5,4502,0,0,0,,0,003,"SHASTA VIEW DR","ALDEN AV",93.00,S,N,A,-,N,,,,,,,,,,Y,2,0,2,1,A,-,01,23153,A,N,E,I,A,A,H,-,C,D,0,,,,,Y,Y,A,01,1,1,0,0,0,0,0,0,0,"- ","- ",,,SHASTA,REDDING,-122.32447052001953,40.560565948486328
90804359,2018,2018-09-03,9135,2018-08-29,1830,16461,,3,2,9,4500,0,3,5,,2,002,"DUNN MOODY RD",SR-299E,2640.00,S,N,A,-,N,,,,,,,,,,Y,2,0,1,1,A,-,08,22107,,N,E,I,A,A,H,-,A,D,0,,,Y,,Y,,C,06,1,0,0,0,0,0,0,0,1,"- ","- ",40.814701080322266,-121.93316650390625,SHASTA,UNINCORPORATED,-121.92932891845703,40.815372467041016
9080513,2019,2020-04-22,4502,2019-11-11,1722,145,A02,1,5,5,4502,0,0,0,,0,003,"AIRPORT RD","MARVEL LN",240.00,N,N,A,-,N,,,,,,,,,,Y,2,0,2,2,A,-,08,22107,,N,D,C,A,A,H,-,C,D,0,,,,,Y,,A,01,2,0,0,0,0,0,0,0,0,"- ","- ",40.490131378173828,-122.29479217529297,SHASTA,REDDING,-122.29435729980469,40.489971160888672
9080517,2019,2020-04-21,4502,2019-11-11,1205,R526,R02,1,5,5,4502,0,0,0,,0,002,"HARTNELL AV","CHURN CREEK RD",340.00,E,N,A,-,N,,,,,,,,,,N,2,0,1,2,A,-,08,22107,,N,B,C,A,A,H,-,A,D,0,,,,,Y,,A,01,1,0,0,0,0,0,0,0,0,"- ","- ",40.563808441162109,-122.3531494140625,SHASTA,REDDING,-122.35189819335938,40.563816070556641
9080537,2019,2020-09-25,4502,2019-11-22,1707,R127,4,5,5,5,4502,0,0,0,,0,,"RT 273","BONNYVIEW RD",0.00,S,N,A,-,Y,SHA,2,273,-,-,12.700,H,-,S,N,2,0,1,2,A,-,03,22350,,N,C,C,A,A,H,-,C,A,0,,,,,Y,,D,22,1,0,0,0,0,0,0,0,0,"- ","- ",40.352890014648438,-122.38362884521484,SHASTA,REDDING,-122.38367462158203,40.529285430908203
9081608,2019,2020-04-24,4502,2019-12-06,1505,530,6,5,5,5,4502,0,0,0,,0,,"MARKET ST","TRINITY ST",0.00,,Y,B,C,N,,,,,,,,,,N,2,0,1,2,A,-,09,21801,,N,D,C,A,B,H,-,A,A,0,,,,,Y,,A,01,1,0,0,0,0,0,0,0,0,"- ","- ",40.588661193847656,-122.39272308349609,SHASTA,REDDING,-122.39269256591797,40.588638305664062
90820765,2018,2018-09-25,9135,2018-07-14,2112,018829,,6,2,9,4500,0,3,5,,2,002,"DESCHUTES RD","GASPERS RD",259.00,N,N,B,-,N,,,,,,,,,,Y,1,1,0,1,A,-,08,22107,,N,E,I,A,A,H,-,D,D,0,,,,,Y,,A,01,0,0,0,0,0,0,0,0,0,"- ","- ",40.621379852294922,-122.23313903808594,SHASTA,UNINCORPORATED,-122.23325347900391,40.621101379394531
90828466,2018,2018-10-04,9135,2018-08-22,2145,018391,,3,2,9,4500,0,1,3,,1,302,"STATE ROUTE 273","WHITE HOUSE DR.",251.00,N,N,A,-,Y,,,273,,,,,,,N,1,1,0,2,A,-,11,21954,A,N,G,B,D,A,H,-,D,D,0,Y,,,,Y,Y,N,60,0,0,0,1,0,0,0,0,0,"- ","- ",40.498291015625,-122.37155914306641,SHASTA,UNINCORPORATED,-122.37155151367188,40.498298645019531
90833825,2018,2018-10-11,9135,2018-10-11,0600,016480,,4,1,9,4500,0,1,3,,1,301,SR-299,"ROCK CREEK RD.",1161.00,W,N,A,-,Y,,,299,,,,,,,Y,2,0,1,1,A,-,08,22107,,N,E,I,A,A,H,-,D,D,0,,,,,Y,,D,22,1,0,0,0,0,0,0,0,0,"- ","- ",40.605701446533203,-122.510498046875,SHASTA,UNINCORPORATED,-122.51041412353516,40.605865478515625
90872045,2018,2018-12-24,9135,2018-11-28,1910,018890,,3,2,9,4500,0,3,5,,2,004,"DERSCH RD.","PARKVILLE RD.",14256.00,E,N,B,-,N,,,,,,,,,,Y,2,0,2,2,A,-,01,23152,A,N,D,C,A,B,H,-,D,D,0,,,,,Y,Y,A,07,2,0,0,0,0,0,0,0,0,"- ","- ",40.486610412597656,-122.14370727539062,SHASTA,UNINCORPORATED,-122.14327239990234,40.486690521240234
90878457,2018,2018-12-07,9146,2018-11-30,1847,015588,,5,2,9,4500,0,1,1,,2,013,"I-5 S/B (GOLDEN STATE FREEWAY)","FLUME CREEK RD",1082.00,N,N,B,-,Y,,,5,,,,,,S,Y,2,0,1,1,A,-,08,22107,,N,E,I,A,B,H,-,D,D,0,,,,,Y,,D,22,1,0,0,0,0,0,0,0,0,"- ","- ",41.098560333251953,-122.34468841552734,SHASTA,UNINCORPORATED,-122.34462738037109,41.098533630371094
90880165,2018,2018-12-11,9135,2018-12-05,1825,016960,,3,2,5,4502,0,1,1,,2,054,"INTERSTATE 5 SOUTHBOUND","CYPRESS AVENUE OFF RAMP",0.00,,N,A,-,Y,,,5,,,,,,S,Y,2,0,2,2,A,-,03,22350,,N,C,C,A,A,H,-,D,A,0,,,,,Y,,A,01,1,0,1,0,0,0,0,0,0,"- ","- ",40.576950073242188,-122.36073303222656,SHASTA,REDDING,-122.36070251464844,40.576950073242188
90885904,2018,2018-12-19,9135,2018-11-28,2126,017428,,3,2,9,4500,0,1,3,,2,040,"SR-44 W/B TO I-5 S/B","I-5 S/B",485.00,W,N,B,C,Y,,,,,,,,,,Y,2,0,2,2,A,-,01,23152,G,N,D,D,A,B,H,-,C,D,0,,,,,Y,Y,A,01,1,0,1,0,0,0,0,0,0,"- ","- ",40.586090087890625,-122.36270904541016,SHASTA,UNINCORPORATED,,
90899657,2019,2019-01-08,9135,2019-01-01,0705,016513,,2,1,9,4500,0,1,1,,2,053,"I-5 N/B","SR-273 N/B",2600.00,S,N,A,-,Y,,,,,,,,,,Y,2,0,1,2,A,-,03,22350,,N,C,C,A,A,H,-,B,D,0,,,,,Y,,A,01,1,0,0,0,0,0,0,0,0,"- ","- ",,,SHASTA,UNINCORPORATED,,
90917771,2019,2019-02-04,9146,2019-01-30,1500,016040,,3,2,9,4500,0,1,1,,2,013,"I-5 S/B TO SIMS RD","SIMS RD",250.00,N,N,B,-,Y,,,5,,,,R,,S,Y,2,0,2,2,C,-,18,,,N,E,I,A,A,H,-,A,D,0,,,,,Y,,-,"- ",2,0,0,0,0,0,0,0,0,"- ","- ",41.072898864746094,-122.35791778564453,SHASTA,UNINCORPORATED,-122.35791778564453,41.072898864746094
90919018,2019,2019-02-05,9135,2019-01-27,1616,018777,,7,2,9,4500,0,1,3,,2,602,"SR-299 W/B","MARQUETTE ST",12.00,E,N,A,-,Y,,,,,,,,,,N,2,0,1,2,A,-,10,21950,A,N,G,B,B,A,H,-,A,D,0,Y,,,,Y,,A,01,1,0,0,0,1,0,0,0,0,"- ","- ",40.879581451416016,-121.65751647949219,SHASTA,UNINCORPORATED,,
90949772,2019,2020-01-13,9135,2019-03-16,1425,018388,,6,2,9,4500,0,1,3,,2,040,SR-44,"DANDELION LN",1056.00,W,N,A,-,Y,,,44,,,,,,,Y,2,0,1,1,A,-,08,22107,,N,F,A,A,A,H,-,A,D,0,,,Y,,Y,,C,02,1,0,0,0,0,0,0,0,1,"- ","- ",40.492378234863281,-121.90017700195312,SHASTA,UNINCORPORATED,-121.90019989013672,40.492340087890625
90952284,2019,2019-03-25,9135,2019-03-16,2138,018777,,6,2,9,4500,0,1,3,,2,601,SR-299,"MOOSE CAMP RD",22176.00,E,N,A,-,Y,,,299,,,,,,,Y,2,0,1,1,A,-,01,23152,A,N,E,I,A,A,H,-,D,D,0,,,,,Y,Y,A,01,1,0,0,0,0,0,0,0,0,"- ","- ",40.855930328369141,-121.74423980712891,SHASTA,UNINCORPORATED,-121.74440765380859,40.856201171875
90959220,2018,2019-04-02,9135,2018-11-27,1630,016960,,2,2,9,4500,0,3,5,,2,002,"PHILLIPS ROAD","THOMAS ROAD",2640.00,N,N,C,-,N,,,,,,,,,,Y,1,1,2,1,A,-,08,22107,,N,E,I,A,B,H,-,B,A,0,,,,,Y,,A,01,1,0,1,0,0,0,0,0,0,"- ","- ",40.727130889892578,-121.93182373046875,SHASTA,UNINCORPORATED,-121.93210601806641,40.7269287109375
90964587,2019,2019-04-09,9135,2019-03-23,1240,016480,,6,1,9,4500,0,1,3,,2,402,SR-44,"AIRPORT WAY",909.00,E,N,B,C,Y,,,44,,,,,,,Y,1,1,3,2,A,-,05,21460,A,N,D,C,A,B,H,-,A,D,0,,,,,Y,,A,01,2,1,0,0,0,0,0,0,0,"- ","- ",40.514400482177734,-121.81109619140625,SHASTA,UNINCORPORATED,-121.81111907958984,40.514442443847656
90964928,2019,2019-04-10,9135,2019-03-25,1148,013553,,1,1,9,4500,0,1,3,,2,604,SR-44,"U.S.F.S ROAD 33N89Y",3696.00,W,N,B,D,Y,,,44,,,,,,,Y,1,1,4,3,A,-,03,22350,,N,C,C,A,C,H,-,A,D,0,,,,,Y,,A,07,0,2,2,0,0,0,0,0,0,"- ","- ",40.663398742675781,-121.35125732421875,SHASTA,UNINCORPORATED,-121.35127258300781,40.663372039794922
9097796,2019,2020-09-17,4502,2019-09-14,1323,R0018,,6,5,5,4502,0,0,0,,0,004,"RT 273",SPRUCE,0.00,,Y,A,-,Y,SHA,2,273,-,-,15.105,I,-,,N,2,0,1,2,A,-,12,22450,A,N,A,G,A,A,H,-,A,D,0,,Y,,,Y,,L,04,1,0,0,0,0,0,1,0,0,"- ","- ",40.569580078125,-122.38803863525391,SHASTA,REDDING,-122.38803863525391,40.569580078125
90978147,2019,2019-05-02,9135,2019-04-25,0720,014516,,4,1,9,4500,0,1,1,,2,056,"I-5 S/B","GILMAN RD",1056.00,S,N,A,-,Y,,,5,,,,,,S,Y,2,0,3,2,A,-,03,22350,,N,C,C,A,A,H,-,A,D,0,,,,Y,Y,,A,07,1,2,0,0,0,0,0,0,0,"- ","- ",40.845989227294922,-122.33429718017578,SHASTA,UNINCORPORATED,-122.33426666259766,40.846073150634766
90981650,2019,2019-05-03,9135,2019-05-02,1725,018133,,4,2,5,4502,0,1,1,,2,053,"I-5 S/B","KNIGHTON RD.",5280.00,S,N,A,-,Y,,,,,,,,,,N,2,0,1,2,A,-,03,22350,,N,C,C,A,A,H,-,A,D,0,,,Y,,Y,,C,02,1,0,0,0,0,0,0,0,1,"- ","- ",40.490150451660156,-122.32807922363281,SHASTA,REDDING,-122.32968139648438,40.492565155029297
90987101,2019,2019-05-13,9135,2019-05-11,1330,018890,,6,1,9,4500,0,3,5,,2,004,"FERN RD E","TWO PONDS LN",5280.00,N,N,A,-,N,,,,,,,,,,Y,2,0,1,1,A,-,08,22107,,N,F,A,A,A,H,-,A,D,0,,,Y,,Y,,C,02,1,0,0,0,0,0,0,0,1,"- ","- ",40.679180145263672,-121.872802734375,SHASTA,UNINCORPORATED,-121.87276458740234,40.679275512695312
91005876,2019,2019-06-07,9135,2019-05-30,0455,014425,,4,3,9,4500,0,1,3,,1,301,SR-299,"LEWISTON TURNPIKE RD",5280.00,W,N,A,-,Y,,,299,,,,,,,Y,2,0,2,2,A,-,05,21651,A,N,A,C,A,A,H,-,D,D,0,,,,Y,Y,,A,01,1,1,0,0,0,0,0,0,0,"- ","- ",40.672889709472656,-122.67681884765625,SHASTA,UNINCORPORATED,-122.67683410644531,40.673103332519531
91022045,2019,2019-07-01,9135,2019-06-29,1405,018890,,6,2,9,4500,0,3,5,,2,002,"DESCHUTES RD.","BUENA VISTA DR.",670.00,S,N,A,-,N,,,,,,,,,,Y,2,0,1,1,A,-,08,22107,,N,E,I,A,A,H,-,A,D,0,,,Y,,Y,,C,06,1,0,0,0,0,0,0,0,1,"- ","- ",40.632061004638672,-122.23729705810547,SHASTA,UNINCORPORATED,-122.23744201660156,40.632011413574219
91051921,2019,2019-08-14,9135,2019-07-31,2140,016790,,3,2,5,4502,0,1,1,,2,054,"I-5 N/B","HILLTOP DR",600.00,S,N,A,-,Y,,,5,,,,,,N,Y,2,0,3,2,A,-,01,23152,A,N,C,C,A,A,H,-,D,D,0,,,,,Y,Y,A,01,1,1,1,0,0,0,0,0,0,"- ","- ",40.593029022216797,-122.36029815673828,SHASTA,REDDING,-122.36042022705078,40.593032836914062
91071108,2019,2019-11-01,9135,2019-08-30,1310,020361,,5,1,9,4500,0,3,5,,2,003,"CANYON ROAD","WINDSOR LANE",227.00,W,N,A,-,N,,,,,,,,,,Y,1,1,0,1,A,-,08,22107,,N,E,I,A,A,H,-,A,A,0,,,,,Y,,A,01,0,0,0,0,0,0,0,0,0,"- ","- ",40.496299743652344,-122.38558959960938,SHASTA,UNINCORPORATED,-122.38700103759766,40.494319915771484
91076371,2019,2019-09-17,9135,2019-07-23,1108,019030,,2,1,9,4500,0,3,5,,2,001,"KENNETT RD","LAKE BLVD",606.00,E,N,A,-,N,,,,,,,,,,Y,1,1,0,1,A,-,08,22107,,N,E,I,A,A,H,-,A,D,0,,,,,Y,,D,22,0,0,0,0,0,0,0,0,0,"- ","- ",40.714008331298828,-122.40503692626953,SHASTA,UNINCORPORATED,-122.40483093261719,40.713638305664062
91084146,2019,2019-09-26,9135,2019-09-16,1335,16461,,1,1,9,4500,0,1,1,,2,056,"I-5 S/B","FAWNDALE RD",1976.00,S,N,A,-,Y,,,,,,,,,,Y,2,0,1,4,A,-,01,23152,A,N,E,I,A,A,D,-,A,D,0,,,,,Y,Y,A,01,1,0,0,0,0,0,0,0,0,"- ","- ",,,SHASTA,UNINCORPORATED,-122.32328033447266,40.726089477539062
91089813,2019,2019-10-03,9135,2019-06-11,2152,015640,,2,2,9,4500,0,3,5,,2,002,"OAK RUN RD","PIERCE HOLLOW ROAD",10560.00,W,N,A,-,N,,,,,,,,,,Y,1,1,3,1,A,-,01,23152,A,N,E,I,A,A,H,-,D,D,0,,,,,Y,Y,D,22,0,3,0,0,0,0,0,0,0,"- ","- ",40.654159545898438,-122.07473754882812,SHASTA,UNINCORPORATED,-122.07466888427734,40.654151916503906
91090047,2019,2019-10-03,9135,2019-09-24,1624,019030,,2,2,9,4500,0,1,1,,2,055,"I-5 N/B TO SR-151","SHASTA DAM BLVD",801.00,S,N,A,-,Y,,,,,,,,,,Y,2,0,1,1,A,-,01,23152,A,N,F,A,A,A,H,-,A,D,0,,,,,Y,Y,A,07,1,0,0,0,0,0,0,0,0,"- ","- ",40.67620849609375,-122.34890747070312,SHASTA,UNINCORPORATED,,
91101467,2019,2019-10-21,9135,2019-10-08,1804,018021,,2,2,9,4500,0,1,1,,2,056,"I-5 N/B","TURNTABLE BAY RD",1150.00,N,N,A,-,Y,,,5,,,,,,N,Y,2,0,1,1,A,-,01,23152,A,N,F,A,A,A,H,-,A,D,0,,,,,Y,Y,A,07,1,0,0,0,0,0,0,0,0,"- ","- ",40.777870178222656,-122.31465148925781,SHASTA,UNINCORPORATED,-122.31465148925781,40.777866363525391
91106946,2019,2019-10-25,9135,2019-10-19,2025,020361,,6,2,9,4500,0,3,5,,2,004,"DERSCH RD","HAAS ROAD",189.00,E,N,A,-,N,,,,,,,,,,Y,2,0,1,1,A,-,01,23152,A,N,E,I,A,A,H,-,D,D,0,,,,,Y,Y,A,01,1,0,0,0,0,0,0,0,0,"- ","- ",40.477611541748047,-122.22547149658203,SHASTA,UNINCORPORATED,-122.22543334960938,40.477748870849609
91122935,2019,2019-11-18,9135,2019-11-10,2249,018388,,7,3,9,4500,0,1,3,,1,301,SR-299,"J F KENNEDY MEMORIAL DR",4752.00,W,N,A,-,Y,,,299,,,,,,,Y,2,0,4,2,A,-,06,21755,,N,A,C,A,A,D,-,D,D,0,,,,,Y,,A,07,1,0,3,0,0,0,0,0,0,"- ","- ",40.623298645019531,-122.53270721435547,SHASTA,UNINCORPORATED,-122.53265380859375,40.623378753662109
91128758,2019,2019-11-25,9135,2019-08-16,1442,018133,,5,2,9,4500,0,3,5,,2,004,"BALLS FERRY RD.","ADOBE RD.",425.00,E,N,A,-,N,,,,,,,,,,Y,1,1,0,2,A,-,09,21804,A,N,D,C,A,A,H,-,A,D,0,,,Y,,Y,,A,01,0,0,0,0,0,0,0,1,0,"- ","- ",40.403041839599609,-122.23223876953125,SHASTA,UNINCORPORATED,-122.23225402832031,40.404014587402344
91155821,2019,2019-12-30,9146,2019-12-24,2040,020647,,2,2,9,4500,0,1,1,,2,013,"I-5 SOUTHBOUND","CASTLE CREEK ROAD",3696.00,N,N,C,-,Y,,,5,,,,,,S,Y,2,0,1,1,A,-,03,22350,,N,E,I,A,B,H,-,D,D,0,,,,,Y,,A,07,1,0,0,0,0,0,0,0,0,"- ","- ",41.151229858398438,-122.30368041992188,SHASTA,UNINCORPORATED,-122.30366516113281,41.151371002197266
91155839,2019,2019-12-31,9135,2019-12-17,0803,013553,,2,1,9,4500,0,3,5,,2,006,"BIG BEND ROAD","JACKS LANE",1334.00,N,N,B,-,N,,,,,,,,,,Y,1,1,0,1,A,-,08,22107,,N,E,I,A,C,H,-,A,D,0,,,,,Y,,D,22,0,0,0,0,0,0,0,0,0,"- ","- ",40.915748596191406,-121.91300201416016,SHASTA,UNINCORPORATED,-121.91631317138672,40.916831970214844
91171062,2019,2020-01-23,9135,2019-09-22,2500,018021,,7,4,9,4500,0,1,3,,1,401,SR-44,"DESCHUTES RD",3896.00,W,N,A,-,Y,,,44,,,,,,,Y,1,1,0,1,A,-,01,23152,A,N,E,I,A,A,H,-,A,D,0,,,,,Y,Y,A,01,0,0,0,0,0,0,0,0,0,"- ","- ",40.561161041259766,-122.25373077392578,SHASTA,UNINCORPORATED,-122.25374603271484,40.561389923095703
91180435,2020,2020-02-05,9135,2020-01-27,2100,016790,,1,2,9,4500,0,3,5,,2,001,"KENNETT RD","LAKE BLVD",844.00,E,N,A,-,N,,,,,,,,,,Y,2,0,1,1,A,-,08,22107,,N,E,I,A,A,H,-,D,D,0,,,,,Y,,A,01,1,0,0,0,0,0,0,0,0,"- ","- ",40.713878631591797,-122.40421295166016,SHASTA,UNINCORPORATED,,
91204347,2020,2020-03-09,9135,2020-03-01,0005,017698,,7,3,9,4500,0,1,3,,1,301,SR-299,"IRON MOUNTAIN ROAD",1035.00,E,N,A,-,Y,,,299,,,,,,,Y,2,0,4,2,A,-,05,21460,A,F,A,C,A,A,H,-,D,D,0,,,,,Y,,D,22,1,1,2,0,0,0,0,0,0,"- ","- ",40.58843994140625,-122.45767211914062,SHASTA,UNINCORPORATED,-122.45762634277344,40.588489532470703
91205163,2020,2020-03-10,9135,2020-02-29,1833,018133,,6,2,9,4500,0,3,5,,2,002,"OLD 44 DR.","CEDRO LN",96.00,E,N,A,-,N,,,,,,,,,,Y,2,0,1,2,A,-,05,21460,A,N,A,C,A,A,H,-,D,D,0,,,,,Y,,A,01,1,0,0,0,0,0,0,0,0,"- ","- ",40.563831329345703,-122.23361206054688,SHASTA,UNINCORPORATED,-122.23367309570312,40.563831329345703
91224181,2020,2020-04-10,9135,2020-04-09,1348,018133,,4,1,9,4500,0,3,5,,2,002,"MCCARDLE FLAT RD","DELTA RD",4752.00,N,N,A,-,N,,,,,,,,,,Y,2,0,1,1,A,-,01,23152,A,N,E,I,A,A,H,-,A,D,0,,,,,Y,Y,A,07,1,0,0,0,0,0,0,0,0,"- ","- ",40.950160980224609,-122.43390655517578,SHASTA,UNINCORPORATED,,
91225916,2020,2021-03-16,9135,2020-02-14,0115,018174,,5,3,5,4502,0,1,1,,2,055,"I-5 S/B",SR-299,1168.00,N,N,A,-,Y,,,5,,,,,,S,Y,1,1,2,2,A,-,01,23152,A,N,C,C,A,A,H,-,D,D,0,,,,,Y,Y,A,01,2,0,0,0,0,0,0,0,0,"- ","- ",40.615520477294922,-122.364501953125,SHASTA,REDDING,-122.36449432373047,40.615524291992188
91246516,2020,2020-07-24,9135,2020-05-10,1630,016513,,7,2,9,4500,0,3,5,,2,004,"DERSCH RD","PARKVILLE ROAD",320.00,W,N,A,-,N,,,,,,,,,,N,1,1,0,1,A,-,01,23152,A,N,E,I,A,A,H,-,A,D,0,,,,,Y,Y,A,01,0,0,0,0,0,0,0,0,0,"- ","- ",40.475170135498047,-122.19091796875,SHASTA,UNINCORPORATED,-122.19200134277344,40.475250244140625