CASE_ID,ACCIDENT_YEAR,PROC_DATE,JURIS,COLLISION_DATE,COLLISION_TIME,OFFICER_ID,REPORTING_DISTRICT,DAY_OF_WEEK,CHP_SHIFT,POPULATION,CNTY_CITY_LOC,SPECIAL_COND,BEAT_TYPE,CHP_BEAT_TYPE,CITY_DIVISION_LAPD,CHP_BEAT_CLASS,BEAT_NUMBER,PRIMARY_RD,SECONDARY_RD,DISTANCE,DIRECTION,INTERSECTION,WEATHER_1,WEATHER_2,STATE_HWY_IND,CALTRANS_COUNTY,CALTRANS_DISTRICT,STATE_ROUTE,ROUTE_SUFFIX,POSTMILE_PREFIX,POSTMILE,LOCATION_TYPE,RAMP_INTERSECTION,SIDE_OF_HWY,TOW_AWAY,COLLISION_SEVERITY,NUMBER_KILLED,NUMBER_INJURED,PARTY_COUNT,PRIMARY_COLL_FACTOR,PCF_CODE_OF_VIOL,PCF_VIOL_CATEGORY,PCF_VIOLATION,PCF_VIOL_SUBSECTION,HIT_AND_RUN,TYPE_OF_COLLISION,MVIW,PED_ACTION,ROAD_SURFACE,ROAD_COND_1,ROAD_COND_2,LIGHTING,CONTROL_DEVICE,CHP_ROAD_TYPE,PEDESTRIAN_ACCIDENT,BICYCLE_ACCIDENT,MOTORCYCLE_ACCIDENT,TRUCK_ACCIDENT,NOT_PRIVATE_PROPERTY,ALCOHOL_INVOLVED,STWD_VEHTYPE_AT_FAULT,CHP_VEHTYPE_AT_FAULT,COUNT_SEVERE_INJ,COUNT_VISIBLE_INJ,COUNT_COMPLAINT_PAIN,COUNT_PED_KILLED,COUNT_PED_INJURED,COUNT_BICYCLIST_KILLED,COUNT_BICYCLIST_INJURED,COUNT_MC_KILLED,COUNT_MC_INJURED,PRIMARY_RAMP,SECONDARY_RAMP,LATITUDE,LONGITUDE,COUNTY,CITY,POINT_X,POINT_Y
91250961,2020,2020-06-11,9135,2020-01-29,2010,019101,,3,2,9,4500,0,1,3,,1,301,SR-299,"GRIZZLY GULCH RD",4488.00,E,N,A,-,Y,,,,,,,,,,Y,1,1,1,2,A,-,01,23152,A,N,A,C,A,A,H,-,D,D,0,,,,,Y,Y,D,22,1,0,0,0,0,0,0,0,0,"- ","- ",40.651699066162109,-122.85147094726562,SHASTA,UNINCORPORATED,-122.58153533935547,40.651741027832031
9125904,2019,2020-09-17,4500,2019-10-09,0430,314,S3B,3,5,2,4580,0,0,0,,0,S3B,"SHASTA DAM BL","NELL ORR ST",0.00,,Y,A,-,Y,SHA,2,151,-,-,6.630,I,5,W,N,2,0,1,2,A,-,12,22450,A,N,D,G,A,A,H,-,C,A,0,,Y,,,Y,,L,04,1,0,0,0,0,0,1,0,0,"- ","- ",,,SHASTA,"SHASTA LAKE",-122.35380000000001,40.680294000000004
91273783,2020,2020-07-24,9135,2020-07-19,1448,020491,,7,2,9,4500,0,1,3,,2,303,SR-36,"PLATINA RD",18480.00,W,N,A,-,Y,,,36,,,,,,,Y,2,0,1,1,A,-,01,23152,A,N,E,I,A,A,H,-,A,D,0,,,,,Y,Y,A,01,1,0,0,0,0,0,0,0,0,"- ","- ",40.302158355712891,-122.70781707763672,SHASTA,UNINCORPORATED,-122.70782470703125,40.302139282226562
91291217,2020,2020-08-24,9135,2020-08-13,0200,020361,,4,3,9,4500,0,3,5,,2,003,"HAPPY VALLEY ROAD","GAS POINT ROAD",0.00,,Y,A,-,N,,,,,,,,,,Y,2,0,1,1,A,-,08,22107,,N,E,I,A,A,H,-,D,A,0,,,,,Y,,A,01,1,0,0,0,0,0,0,0,0,"- ","- ",40.388591766357422,-122.40660858154297,SHASTA,UNINCORPORATED,-122.40680694580078,40.388641357421875
91300509,2020,2020-09-08,9135,2020-08-30,0408,018174,,7,3,9,4500,0,3,5,,2,004,"DESCHUTES RD","SOCILLE TRL",72.00,S,N,A,-,N,,,,,,,,,,Y,2,0,1,1,C,-,18,,,N,H,H,A,A,H,-,D,D,0,,,Y,,Y,,-,"- ",1,0,0,0,0,0,0,0,1,"- ","- ",40.512840270996094,-122.23851776123047,SHASTA,UNINCORPORATED,-122.23857116699219,40.512783050537109
91308204,2020,2020-09-21,9135,2020-07-04,1436,018133,,6,2,9,4500,0,1,1,,2,056,"I-5 S/B","MCCARDLE FLAT RD",2112.00,S,N,A,-,Y,,,,,,,,,,Y,1,1,0,1,A,-,08,22107,,N,E,I,A,A,H,-,A,D,0,,,,,Y,,-,40,0,0,0,0,0,0,0,0,0,"- ","- ",40.351341247558594,-122.43585205078125,SHASTA,UNINCORPORATED,,
91314002,2020,2020-09-29,9135,2020-07-27,1935,019111,,1,2,9,4500,0,1,3,,2,402,"STATE ROUTE 44","LISA GLEN COURT",35.00,E,N,A,-,Y,,,44,,,,,,,Y,1,1,0,1,A,-,01,23152,A,N,F,A,A,A,H,-,A,D,0,,,,,Y,Y,D,22,0,0,0,0,0,0,0,0,0,"- ","- ",40.49298095703125,-121.90245056152344,SHASTA,UNINCORPORATED,-121.9024658203125,40.492893218994141
91316968,2020,2021-02-03,9135,2020-01-26,0005,017698,,7,3,9,4500,0,1,1,,2,053,"I-5 N/B","KNIGHTON ROAD",2640.00,S,N,B,C,Y,,,5,,,,,,N,Y,1,1,1,2,A,-,01,23152,F,N,C,C,A,B,H,-,D,D,0,,,,,Y,,A,01,0,1,0,0,0,0,0,0,0,"- ","- ",40.499599456787109,-122.33380126953125,SHASTA,UNINCORPORATED,-122.33384704589844,40.499565124511719
91340043,2020,2020-11-05,9135,2020-10-23,1940,017956,,5,2,9,4500,0,1,3,,1,201,SR-299,"LIVONA LANE",0.00,,Y,A,-,Y,,,299,,,,,,,Y,2,0,2,2,A,-,01,23153,A,N,C,C,A,A,H,-,D,A,0,,,,,Y,Y,D,22,1,1,0,0,0,0,0,0,0,"- ","- ",40.62860107421875,-122.28260803222656,SHASTA,UNINCORPORATED,-122.28260040283203,40.628570556640625
91361577,2020,2020-12-08,9135,2020-11-10,1045,016424,,2,1,9,4500,0,1,3,,1,201,"STATE ROUTE-299","SUGAR PINE CAMP ROAD",15312.00,E,N,A,-,Y,,,299,,,,,,,Y,1,1,3,5,A,-,17,23114,A,N,H,C,A,A,H,-,A,D,0,,,,Y,Y,,G,25,0,2,1,0,0,0,0,0,0,"- ","- ",40.744850158691406,-122.06336975097656,SHASTA,UNINCORPORATED,-122.06339263916016,40.744873046875
91373222,2020,2021-02-23,9135,2020-10-16,1355,019257,,5,1,9,4500,0,1,3,,2,601,"STATE ROUTE 299","MOOSE CAMP ROAD",3802.00,E,N,A,-,Y,,,,,,,,,,Y,1,1,2,2,A,-,01,23152,F,N,B,C,A,A,H,-,A,D,0,,,,,Y,,D,22,0,0,2,0,0,0,0,0,0,"- ","- ",40.515510559082031,-121.50704193115234,SHASTA,UNINCORPORATED,-121.83542633056641,40.865329742431641
91374785,2020,2020-12-24,9135,2020-12-18,1859,017855,,5,2,9,4500,0,1,1,,2,056,"I-5 S/B","O'BRIEN INLET RD",677.00,N,N,A,-,Y,,,,,,,,,,Y,2,0,2,1,A,-,03,22350,,N,E,I,A,A,H,-,D,D,0,,,,,Y,,A,01,1,1,0,0,0,0,0,0,0,"- ","- ",,,SHASTA,UNINCORPORATED,,
91378715,2020,2020-12-31,9146,2020-12-28,1745,018675,,1,2,9,4500,0,1,1,,2,014,"I-5 N/B","SIMS RD",3168.00,N,N,A,-,Y,,,5,,,,,,N,Y,2,0,1,1,A,-,03,22350,,N,E,I,A,A,H,-,D,D,0,,,,Y,Y,,G,25,1,0,0,0,0,0,0,0,0,"- ","- ",41.081108093261719,-122.35592651367188,SHASTA,UNINCORPORATED,-122.35586547851562,41.081085205078125
91385929,2020,2021-01-12,9135,2020-12-31,2320,020361,,4,3,9,4500,0,3,5,,2,003,"GAS POINT RD","PONDER WAY",861.00,W,N,A,-,N,,,,,,,,,,Y,2,0,1,1,A,-,08,22107,,N,E,I,A,A,H,-,D,D,0,,,,,Y,,D,22,1,0,0,0,0,0,0,0,0,"- ","- ",40.388339996337891,-122.45530700683594,SHASTA,UNINCORPORATED,-122.45519256591797,40.388275146484375
91406680,2021,2021-02-11,9135,2021-01-29,2343,017428,,5,3,9,4500,0,3,5,,2,004,"OLD 44 DR.","VIA LINDA DR.",528.00,W,N,A,-,N,,,,,,,,,,Y,2,0,1,1,A,-,01,23152,A,N,F,A,A,A,H,-,D,D,0,,,,,Y,Y,D,22,1,0,0,0,0,0,0,0,0,"- ","- ",40.563751220703125,-122.24822998046875,SHASTA,UNINCORPORATED,-122.24765014648438,40.563972473144531
91407082,2021,2021-02-11,9135,2021-02-04,0625,018777,,4,1,9,4500,0,1,3,,2,603,SR-299,"LEWIS RD",60.00,W,N,A,-,Y,,,299,,,,,,,Y,2,0,1,1,A,-,08,22107,,N,E,I,A,A,H,-,D,D,0,,,,,Y,,A,01,1,0,0,0,0,0,0,0,0,"- ","- ",41.054370880126953,-121.3895263671875,SHASTA,UNINCORPORATED,-121.38948822021484,41.054302215576172
91418864,2020,2022-04-18,9135,2020-12-09,0705,014425,,3,1,9,4500,0,3,5,,2,002,"DESCHUTES ROAD","DESCHUTES ROAD ON-RAMP TO SR-44",12.00,S,N,A,-,Y,,,,,,,,,,Y,1,1,1,2,A,-,08,22107,,N,A,C,A,A,H,-,A,D,0,,,,,Y,,A,01,0,0,1,0,0,0,0,0,0,"- ","- ",40.558200836181641,-122.23858642578125,SHASTA,UNINCORPORATED,,
91438545,2021,2021-03-29,9135,2021-03-18,1650,017956,,4,2,9,4500,0,3,5,,2,004,"CHURN CREEK ROAD","LARIAT DRIVE",528.00,N,N,B,-,N,,,,,,,,,,Y,2,0,1,1,A,-,08,22107,,N,E,I,A,B,H,-,A,A,0,,,,,Y,,D,22,1,0,0,0,0,0,0,0,0,"- ","- ",40.533931732177734,-122.33380126953125,SHASTA,UNINCORPORATED,-122.33396148681641,40.533897399902344
91460593,2021,2021-05-27,9135,2021-04-26,0734,017613,,1,1,9,4500,0,3,5,,2,003,"GAS POINT RD","FRANCES ST",108.00,W,N,A,-,N,,,,,,,,,,Y,2,0,1,2,A,-,03,22350,,N,D,C,A,A,H,-,A,D,0,,,Y,,Y,,C,02,1,0,0,0,0,0,0,0,1,"- ","- ",40.389278411865234,-122.31508636474609,SHASTA,UNINCORPORATED,-122.31499481201172,40.389255523681641
91469082,2021,2021-05-27,9135,2021-05-02,1720,018829,,7,2,9,4500,0,1,1,,2,056,"I-5 NORTHBOUND","MCCARDLE FLAT RD OVERCROSSING",3221.00,S,N,A,-,Y,,,5,,,,,,N,Y,2,0,1,1,A,-,01,23152,A,N,E,I,A,A,H,-,A,D,0,,,,,Y,Y,D,22,1,0,0,0,0,0,0,0,0,"- ","- ",40.948429107666016,-122.43609619140625,SHASTA,UNINCORPORATED,-122.43617248535156,40.948463439941406
91501542,2020,2021-06-21,9135,2020-06-25,0515,015627,,4,3,9,4500,0,1,3,,2,604,"STATE HIGHWAY 44","FOREST ROUTE 33N32",1426.00,E,N,A,-,Y,,,44,,,,,,,Y,1,1,0,1,A,-,08,22107,,N,E,I,A,A,H,-,B,D,0,,,,,Y,,A,01,0,0,0,0,0,0,0,0,0,"- ","- ",40.684600830078125,-121.37519836425781,SHASTA,UNINCORPORATED,-121.37528228759766,40.684490203857422
91512697,2021,2021-07-05,9135,2021-05-02,1435,019111,,7,2,5,4502,0,1,3,,2,040,"STATE ROUTE 44 (W/B)","SUNDIAL BRIDGE DRIVE",1700.00,W,N,A,-,Y,,,44,,,,,,,Y,1,1,0,1,A,-,03,22350,,N,E,8,A,A,H,-,A,D,0,,,Y,,Y,,C,02,0,0,0,0,0,0,0,1,0,"- ","- ",40.586490631103516,-122.38484191894531,SHASTA,REDDING,-122.38484191894531,40.586502075195312
91534788,2021,2021-08-02,9135,2021-07-26,2344,020491,,1,3,9,4500,0,3,5,,2,003,"HAPPY VALLEY ROAD","ERIKA LANE",420.00,S,N,A,-,N,,,,,,,,,,Y,2,0,2,1,A,-,08,22107,,N,E,I,A,A,H,-,C,D,0,,,,,Y,,A,01,2,0,0,0,0,0,0,0,0,"- ","- ",40.433319091796875,-122.407470703125,SHASTA,UNINCORPORATED,-122.40755462646484,40.433395385742188
91534795,2021,2021-08-02,9135,2021-06-25,2105,016790,,5,2,9,4500,0,3,5,,2,003,"PLATINA RD","PLACER RD",0.00,,Y,A,-,N,,,,,,,,,,Y,2,0,1,2,A,-,09,21802,A,N,D,C,A,A,H,-,D,A,0,,,Y,,Y,,A,01,1,0,0,0,0,0,0,0,1,"- ","- ",40.489768981933594,-122.55008697509766,SHASTA,UNINCORPORATED,-122.55004119873047,40.489765167236328
91540253,2021,2021-08-09,9135,2021-08-06,0130,019101,,5,3,9,4500,0,3,5,,2,004,"BALLS FERRY RD","TREFOIL LN",1900.00,W,N,A,-,N,,,,,,,,,,Y,2,0,2,1,A,-,01,23152,A,N,F,A,A,A,H,-,D,D,0,,,,,Y,Y,A,07,2,0,0,0,0,0,0,0,0,"- ","- ",40.393421173095703,-122.26049041748047,SHASTA,UNINCORPORATED,-122.260498046875,40.393348693847656
91543287,2021,2021-08-12,9135,2021-06-16,2215,016790,,3,3,9,4500,0,1,1,,2,056,"I-5 S/B","OBRIEN U/C",160.00,N,N,A,-,Y,,,5,,,,,,S,Y,1,1,0,1,A,-,08,22107,,N,E,I,A,A,H,-,D,D,0,,,,Y,Y,,G,25,0,0,0,0,0,0,0,0,0,"- ","- ",40.807659149169922,-122.32232666015625,SHASTA,UNINCORPORATED,-122.32244873046875,40.807670593261719
91560360,2021,2021-09-13,9135,2021-08-15,2335,019111,,7,3,5,4502,0,1,3,,2,040,"I-5 (S/B) FROM SR-44 (E/B)","I-5 S/B",1000.00,W,N,A,-,Y,,,,,,,,,,Y,2,0,1,1,A,-,01,23152,A,N,E,8,A,A,H,-,D,D,0,,,,,Y,Y,A,01,1,0,0,0,0,0,0,0,0,"- ","- ",40.584800720214844,-122.36351776123047,SHASTA,REDDING,-122.36739349365234,40.635055541992188
91560441,2021,2021-09-01,9135,2021-08-19,1120,018777,,4,1,9,4500,0,1,3,,2,602,SR-299,"MICHIGAN STREET",90.00,E,N,A,-,Y,,,,,,,,,,Y,2,0,1,1,A,-,08,22107,,N,E,B,A,A,H,-,A,D,0,,,,Y,Y,,G,27,1,0,0,0,0,0,0,0,0,"- ","- ",40.801990509033203,-121.56452941894531,SHASTA,UNINCORPORATED,-121.66396331787109,40.882080078125
91568498,2021,2021-09-13,9135,2021-09-08,1705,018552,,3,2,9,4500,0,1,3,,1,401,SR-44,"ALWARD WAY",382.00,E,N,A,-,Y,,,44,,,,,,,Y,2,0,1,1,A,-,08,22107,,N,E,I,A,A,H,-,A,D,0,,,,,Y,,A,01,1,0,0,0,0,0,0,0,0,"- ","- ",40.496719360351562,-121.85935211181641,SHASTA,UNINCORPORATED,-121.85930633544922,40.496601104736328
91589635,2021,2021-10-06,9135,2021-09-23,1125,017698,,4,1,9,4500,0,1,3,,1,401,SR-44,"WILSON HILL ROAD",0.00,,Y,A,-,Y,,,44,,,,,,,Y,2,0,1,2,A,-,09,21802,A,N,D,C,A,A,H,-,A,A,0,,,,,Y,,A,01,1,0,0,0,0,0,0,0,0,"- ","- ",40.492641448974609,-121.88693237304688,SHASTA,UNINCORPORATED,-121.88691711425781,40.492538452148438
91592924,2021,2021-10-11,9135,2021-09-27,0042,018777,,1,3,9,4500,0,1,3,,2,602,SR-299,"BLACK RANCH ROAD",3168.00,E,N,A,-,Y,,,299,,,,,,,Y,2,0,2,2,A,-,08,22107,,N,A,2,A,C,H,-,A,D,0,,,,,Y,,A,07,1,1,0,0,0,0,0,0,0,"- ","- ",40.902961730957031,-121.64055633544922,SHASTA,UNINCORPORATED,-121.64069366455078,40.903083801269531
91593961,2021,2021-10-12,9135,2021-10-05,1140,016960,,2,1,9,4500,0,3,5,,2,004,"PONDEROSA WAY","INWOOD ROAD",5808.00,N,N,A,-,N,,,,,,,,,,Y,2,0,2,2,A,-,01,23152,A,N,A,C,A,A,H,-,A,A,0,,,,,Y,Y,A,01,2,0,0,0,0,0,0,0,0,"- ","- ",40.542449951171875,-121.91774749755859,SHASTA,UNINCORPORATED,-121.93114471435547,40.522895812988281
91619930,2021,2021-11-09,9135,2021-09-04,1509,018829,,6,2,9,4500,0,3,5,,2,002,"HOLIDAY ROAD","MOUNTAIN GATE RV DRIVEWAY",200.00,N,N,A,-,N,,,,,,,,,,Y,1,1,0,1,A,-,01,23152,A,N,E,I,A,A,H,-,A,D,0,,,,,Y,Y,D,22,0,0,0,0,0,0,0,0,0,"- ","- ",40.700279235839844,-122.33966064453125,SHASTA,UNINCORPORATED,,
91625676,2021,2021-11-16,9135,2021-11-03,1610,019030,,3,2,9,4500,0,3,5,,2,002,"BEAR MOUNTAIN RD","DANIELS LANE",0.00,,Y,A,-,N,,,,,,,,,,Y,2,0,1,2,A,-,01,23152,F,N,D,C,A,A,H,-,A,D,0,,,Y,,Y,,C,02,1,0,0,0,0,0,0,0,1,"- ","- ",40.688201904296875,-122.2816162109375,SHASTA,UNINCORPORATED,-122.28160858154297,40.688182830810547
91639717,2021,2021-12-01,9135,2021-11-25,1857,018552,,4,2,9,4500,0,1,3,,2,402,SR-44,"UP COUNTRY COURT",18.00,W,N,A,-,Y,,,44,,,,,,,Y,2,0,1,2,A,-,01,23152,A,N,C,2,A,A,H,-,D,D,0,,,,,Y,Y,A,01,1,0,0,0,0,0,0,0,0,"- ","- ",40.495159149169922,-121.86669158935547,SHASTA,UNINCORPORATED,-121.86669158935547,40.495166778564453
91668516,2022,2022-01-03,9135,2022-01-01,1722,018829,,6,2,9,4500,0,1,1,,2,053,"I-5 S/B","DESCHUTES RD",2482.00,N,N,A,-,Y,SHA,,5,,R,4.776,H,,L,Y,2,0,1,1,A,-,03,22350,,N,F,A,A,A,H,-,D,D,0,,,Y,,Y,Y,C,02,1,0,0,0,0,0,0,0,1,"- ","- ",40.444309234619141,-122.28867340087891,SHASTA,UNINCORPORATED,-122.28875732421875,40.444297790527344
91684950,2022,2022-01-25,9135,2022-01-03,1801,017698,,1,2,9,4500,0,1,3,,1,302,SR-273,"LATONA ROAD",0.00,,Y,B,C,Y,SHA,,273,,,8.608,H,,R,N,2,0,1,2,A,-,11,21956,A,N,G,B,D,B,H,-,C,D,0,Y,,,,Y,,N,60,1,0,0,0,1,0,0,0,0,"- ","- ",40.48114013671875,-122.34604644775391,SHASTA,UNINCORPORATED,-122.34607696533203,40.481117248535156
91705712,2022,2022-02-22,9135,2022-02-12,0048,017855,,6,3,9,4500,0,3,5,,2,004,"LOCUST ROAD","KIMBERLY ROAD",0.00,,Y,A,-,N,,,,,,,,,,N,2,0,1,1,A,-,03,22350,,N,E,I,A,A,H,-,D,A,0,,,,,Y,,A,01,1,0,0,0,0,0,0,0,0,"- ","- ",40.431209564208984,-122.27340698242188,SHASTA,UNINCORPORATED,-122.27342224121094,40.431312561035156
91740266,2022,2022-04-04,9135,2022-03-22,2325,020361,,2,3,9,4500,0,3,5,,2,003,"HAPPY VALLEY ROAD","WHITE OAK DRIVE",0.00,,Y,A,-,N,,,,,,,,,,N,2,0,1,2,A,-,11,21954,A,N,G,B,D,A,H,-,C,D,0,Y,,,,Y,,N,60,1,0,0,0,1,0,0,0,0,"- ","- ",40.490680694580078,-122.37325286865234,SHASTA,UNINCORPORATED,-122.37337493896484,40.490638732910156
91786644,2022,2022-06-02,9135,2022-04-15,1600,017956,,5,2,9,4500,0,3,5,,2,002,"DRY CREEK","SQUAW GRASS TRAIL",1056.00,N,N,C,-,N,,,,,,,,,,N,2,0,3,2,A,-,05,21460,A,N,A,C,A,B,H,-,A,D,0,,,,,Y,,A,01,1,2,0,0,0,0,0,0,0,"- ","- ",40.677398681640625,-122.24295806884766,SHASTA,UNINCORPORATED,-122.24066925048828,40.673675537109375
91788954,2022,2022-06-06,9135,2022-05-27,1120,017855,,5,1,9,4500,0,3,5,,2,003,"CLEAR CREEK ROAD","CLOVERDALE ROAD",2375.00,E,N,B,-,N,,,,,,,,,,N,2,0,1,1,A,-,03,22350,,N,E,I,A,A,H,-,A,D,0,,,,,Y,,M,47,1,0,0,0,0,0,0,0,0,"- ","- ",40.4923095703125,-122.51049041748047,SHASTA,UNINCORPORATED,-122.50855255126953,40.491844177246094
91797623,2022,2022-06-17,9135,2022-06-13,1415,019801,,1,2,5,4502,0,1,1,,2,054,"I-5 S/B","LOMA VISTA DR",1100.00,N,N,A,-,Y,SHA,,5,,R,13.138,H,,L,Y,2,0,1,3,A,-,07,21658,A,N,B,C,A,A,H,-,A,D,0,,,Y,,Y,,C,02,1,0,0,0,0,0,0,0,1,"- ","- ",40.552330017089844,-122.35563659667969,SHASTA,REDDING,-122.35565948486328,40.552326202392578
91807094,2022,2022-06-30,9135,2022-06-08,0740,016480,,3,1,9,4500,0,1,3,,1,401,"SR-299 W/B","JFK MEMORIAL DR.",6336.00,W,N,A,-,Y,SHA,,299,,,15.275,H,,L,Y,1,1,1,2,A,-,05,21460,A,N,A,C,A,A,H,-,A,D,0,,,,Y,Y,,D,22,1,0,0,0,0,0,0,0,0,"- ","- ",40.625198364257812,-122.53755187988281,SHASTA,UNINCORPORATED,-122.53755187988281,40.625186920166016
91814150,2022,2022-08-23,9135,2022-07-02,1445,019683,,6,2,9,4500,0,3,5,,2,002,"OAK RUN RD","SHEL MAX RD.",90.00,E,N,A,-,N,,,,,,,,,,N,1,1,0,1,A,-,08,22107,,N,E,I,A,A,H,-,A,D,0,,,,,Y,,A,07,0,0,0,0,0,0,0,0,0,"- ","- ",40.610679626464844,-122.14605712890625,SHASTA,UNINCORPORATED,-122.14615631103516,40.610588073730469
91835136,2022,2022-08-08,9135,2022-07-30,1844,019257,,6,2,5,4502,0,1,1,,2,054,"INTERSTATE 5 N/B","STATE ROUTE 299 U/C",3168.00,S,N,A,-,Y,,,,,,,,,,N,2,0,1,1,A,-,01,23152,A,N,E,I,A,A,H,-,A,D,0,,,,,Y,Y,A,01,1,0,0,0,0,0,0,0,0,"- ","- ",40.361320495605469,-122.21372222900391,SHASTA,REDDING,-122.36057281494141,40.603923797607422
91836116,2022,2022-08-09,9135,2022-07-23,1715,019030,,6,2,9,4500,0,3,5,,2,002,"OLD OREGON TRAIL","DIR KINDER WAY",0.00,,Y,A,-,N,,,,,,,,,,N,2,0,1,2,A,-,08,22103,,N,D,C,A,A,H,-,A,D,0,,,Y,,Y,,A,07,1,0,0,0,0,0,0,0,1,"- ","- ",40.569438934326172,-122.29955291748047,SHASTA,UNINCORPORATED,-122.29952239990234,40.569236755371094
91843276,2022,2022-08-18,9135,2022-08-17,1619,018837,,3,2,9,4500,0,3,5,,2,004,"DERSCH ROAD","LEOPARD DRIVE",175.00,E,N,B,-,N,,,,,,,,,,Y,2,0,4,1,A,-,08,22107,,N,F,A,A,A,H,-,A,D,0,,,,,Y,,A,07,1,1,2,0,0,0,0,0,0,"- ","- ",40.484180450439453,-122.15901184082031,SHASTA,UNINCORPORATED,-122.15863037109375,40.484203338623047
91845908,2022,2022-08-22,9135,2022-04-12,1400,017956,,2,2,9,4500,0,1,1,,2,056,"I-5 N/B","BRIDGE BAY RD",528.00,N,N,B,G,Y,SHA,,5,,R,27.870,H,,R,Y,1,1,0,1,A,-,08,22107,,N,F,0,A,A,H,-,A,A,0,,,,Y,Y,,F,26,0,0,0,0,0,0,0,0,0,"- ","- ",40.754539489746094,-122.32150268554688,SHASTA,UNINCORPORATED,-122.32176208496094,40.754562377929688
91858735,2022,2022-09-07,9135,2022-09-05,1750,018837,,1,2,9,4500,0,3,5,,2,003,"W ANDERSON DR.","OLINDA RD",9504.00,S,N,A,-,N,,,,,,,,,,Y,2,0,2,1,A,-,08,22107,,N,E,I,A,A,H,-,A,D,0,,,,,Y,,A,01,1,1,0,0,0,0,0,0,0,"- ","- ",40.427761077880859,-122.33038330078125,SHASTA,UNINCORPORATED,-122.30428314208984,40.437698364257812
91868660,2022,2022-10-04,9135,2022-09-07,1900,017698,,3,2,9,4500,0,3,5,,2,003,"TEXAS SPRINGS ROAD","HONEYBEE ROAD",3168.00,S,N,A,-,N,,,,,,,,,,N,2,0,2,1,A,-,08,22107,,N,E,I,A,A,H,-,A,D,0,,,,,Y,Y,D,22,1,1,0,0,0,0,0,0,0,"- ","- ",40.576301574707031,-122.44007110595703,SHASTA,UNINCORPORATED,-122.44676971435547,40.509029388427734
91869888,2022,2022-10-07,9135,2022-08-13,0506,018866,,6,3,9,4500,0,1,3,,2,603,SR-299,"PIT NO 1 PWHS RD.",4752.00,W,N,A,-,Y,SHA,,299,,,87.040,H,,R,Y,1,1,0,2,A,-,01,23152,A,N,A,C,A,A,H,-,D,D,0,,,,Y,Y,Y,A,01,0,0,0,0,0,0,0,0,0,"- ","- ",40.995491027832031,-121.51148986816406,SHASTA,UNINCORPORATED,-121.51152038574219,40.995487213134766
91897789,2022,2022-10-24,9135,2022-06-10,2118,019030,,5,2,9,4500,0,1,1,,2,055,"I-5 N/B","NORTH MARKET ST ON RAMP",448.00,N,N,A,-,Y,SHA,,5,,R,18.575,H,,R,Y,1,1,1,3,A,-,01,23152,A,N,A,C,A,A,H,-,D,A,0,,,,Y,Y,Y,D,22,1,0,0,0,0,0,0,0,0,"- ","- ",40.629978179931641,-122.36849975585938,SHASTA,UNINCORPORATED,-122.36846923828125,40.629981994628906
91938673,2022,2022-12-09,9135,2022-11-29,1407,019257,,2,2,9,4500,0,3,5,,2,003,"CLEAR CREEK ROAD","CLOVERDALE ROAD",3168.00,E,N,A,-,N,,,,,,,,,,Y,1,1,0,1,C,-,18,,,N,H,H,A,A,H,-,A,D,0,,,Y,,Y,,-,"- ",0,0,0,0,0,0,0,1,0,"- ","- ",40.491230010986328,-122.50601196289062,SHASTA,UNINCORPORATED,-122.50588989257812,40.491191864013672
91939016,2022,2022-12-12,9135,2022-10-29,2306,019801,,6,3,9,4500,0,1,1,,2,053,"I-5 N/B","I-5 S/B OFF RAMP TO MAIN ST",2260.00,N,N,A,-,Y,SHA,,5,,,2.354,H,,R,N,1,1,0,2,A,-,11,21956,A,N,G,B,E,A,H,-,D,D,0,Y,,,,Y,Y,N,60,0,0,0,1,0,0,0,0,0,"- ","- ",40.409709930419922,-122.28067016601562,SHASTA,UNINCORPORATED,-122.28060150146484,40.409709930419922
91990665,2022,2023-02-09,9135,2022-12-10,1605,017428,,6,2,9,4500,0,3,5,,2,002,"OLD 44 DRIVE","TWIN AVENUE",230.00,W,N,B,C,N,,,,,,,,,,Y,1,1,1,1,C,-,18,,,N,H,9,A,B,H,-,D,D,0,,,,,Y,,-,"- ",0,1,0,0,0,0,0,0,0,"- ","- ",40.551589965820312,-122.18240356445312,SHASTA,UNINCORPORATED,-122.18234252929688,40.551548004150391