CASE_ID,ACCIDENT_YEAR,PROC_DATE,JURIS,COLLISION_DATE,COLLISION_TIME,OFFICER_ID,REPORTING_DISTRICT,DAY_OF_WEEK,CHP_SHIFT,POPULATION,CNTY_CITY_LOC,SPECIAL_COND,BEAT_TYPE,CHP_BEAT_TYPE,CITY_DIVISION_LAPD,CHP_BEAT_CLASS,BEAT_NUMBER,PRIMARY_RD,SECONDARY_RD,DISTANCE,DIRECTION,INTERSECTION,WEATHER_1,WEATHER_2,STATE_HWY_IND,CALTRANS_COUNTY,CALTRANS_DISTRICT,STATE_ROUTE,ROUTE_SUFFIX,POSTMILE_PREFIX,POSTMILE,LOCATION_TYPE,RAMP_INTERSECTION,SIDE_OF_HWY,TOW_AWAY,COLLISION_SEVERITY,NUMBER_KILLED,NUMBER_INJURED,PARTY_COUNT,PRIMARY_COLL_FACTOR,PCF_CODE_OF_VIOL,PCF_VIOL_CATEGORY,PCF_VIOLATION,PCF_VIOL_SUBSECTION,HIT_AND_RUN,TYPE_OF_COLLISION,MVIW,PED_ACTION,ROAD_SURFACE,ROAD_COND_1,ROAD_COND_2,LIGHTING,CONTROL_DEVICE,CHP_ROAD_TYPE,PEDESTRIAN_ACCIDENT,BICYCLE_ACCIDENT,MOTORCYCLE_ACCIDENT,TRUCK_ACCIDENT,NOT_PRIVATE_PROPERTY,ALCOHOL_INVOLVED,STWD_VEHTYPE_AT_FAULT,CHP_VEHTYPE_AT_FAULT,COUNT_SEVERE_INJ,COUNT_VISIBLE_INJ,COUNT_COMPLAINT_PAIN,COUNT_PED_KILLED,COUNT_PED_INJURED,COUNT_BICYCLIST_KILLED,COUNT_BICYCLIST_INJURED,COUNT_MC_KILLED,COUNT_MC_INJURED,PRIMARY_RAMP,SECONDARY_RAMP,LATITUDE,LONGITUDE,COUNTY,CITY,POINT_X,POINT_Y
91992854,2023,2023-02-13,9135,2023-02-05,2245,019801,,7,3,9,4500,0,1,3,,2,402,SR-44,"SQUAW SPRINGS RD",150.00,W,N,B,-,Y,SHA,,44," "," ",34.062,H,,R,Y,2,0,1,1,A,-,01,23152,A,N,E,I,A,C,H,-,D,D,0,,,,,Y,Y,D,22,1,0,0,0,0,0,0,0,0,"- ","- ",40.501518249511719,-121.84480285644531,SHASTA,UNINCORPORATED,-121.84474182128906,40.501415252685547
92004088,2022,2023-02-27,9135,2022-06-13,1843,019030,,1,2,9,4500,0,1,1,,2,056,"I-5 N/B","TURNTABLE BAY RD",2640.00,N,N,A,-,Y,SHA,,5,,R,29.810,H,,R,Y,1,1,1,1,A,-,01,23152,F,N,E,I,A,A,H,-,A,D,0,,,,,Y,,A,01,0,1,0,0,0,0,0,0,0,"- ","- ",40.779659271240234,-122.31466674804688,SHASTA,UNINCORPORATED,-122.31456756591797,40.779632568359375
92011933,2022,2023-03-07,9135,2022-11-24,1735,019257,,4,2,2,4501,0,1,1,,2,053,"INTERSTATE 5 N/B","BALLS FERRY ROAD U/C",724.00,S,N,A,-,Y,SHA,,5,,R,5.160,H,,R,Y,2,0,1,1,C,-,18,,,N,H,H,A,A,H,-,D,D,0,,,Y,,Y,,-,"- ",1,0,0,0,0,0,0,0,1,"- ","- ",40.449871063232422,-122.29012298583984,SHASTA,ANDERSON,-122.29010772705078,40.449874877929688
92038313,2023,2023-04-06,9146,2023-03-27,2100,017958,,1,2,9,4500,0,3,5,,2,003,"FRONTAGE ROAD","CASTLE CREEK RD",40.00,S,N,B,D,N,,,,,,,,,,N,2,0,1,1,A,-,03,22350,,N,F,A,A,C,H,-,D,D,0,,,Y,,Y,,C,02,1,0,0,0,0,0,0,0,1,"- ","- ",41.147911071777344,-122.31555938720703,SHASTA,UNINCORPORATED,-122.31542205810547,41.147983551025391
92082237,2023,2023-05-31,9135,2023-05-21,"40  ",020361,,7,3,9,4500,0,3,5,,2,003,"FIRST STREET","COREEN COURT",10.00,W,N,A,-,N,,,,,,,,,,N,2,0,1,2,A,-,08,22107,,F,G,B,F,A,H,-,D,D,0,Y,,,,Y,,-,99,1,0,0,0,1,0,0,0,0,"- ","- ",40.385570526123047,-122.31915283203125,SHASTA,UNINCORPORATED,-122.31947326660156,40.385570526123047
92092366,2023,2023-06-13,9135,2023-06-11,1752,018133,,7,2,9,4500,0,1,3,,1,302,SR-273,"CANYON RD.",2112.00,S,N,A,-,Y,SHA,,273," "," ",10.734,H,,R,Y,2,0,1,2,A,-,09,21801,A,N,D,C,A,A,H,-,A,D,0,,,Y,,Y,,I,12,1,0,0,0,0,0,0,0,1,"- ","- ",40.501628875732422,-122.37622833251953,SHASTA,UNINCORPORATED,-122.3760986328125,40.501712799072266
92102512,2023,2023-08-28,9135,2023-06-22,1115,020908,,4,1,9,4500,0,1,3,,2,605,SR-89,"BRIDGE CAMPGROUND ENTRANCE",10.00,S,N,A,-,Y,SHA,,89," "," ",3.980,H,,R,Y,2,0,2,2,D,-,00,,,N,D,C,A,A,H,-,A,D,0,,,,Y,Y,,-,"- ",1,1,0,0,0,0,0,0,0,"- ","- ",40.731380462646484,-121.43898773193359,SHASTA,UNINCORPORATED,-121.43898773193359,40.731380462646484
92108413,2023,2023-07-03,9135,2023-06-30,1812,021571,,5,2,9,4500,0,1,3,,2,605,SR-89,"VN LANE",1272.00,N,N,A,-,Y,SHA,,89," "," ",13.328,H,,R,Y,2,0,4,2,A,-,05,21460,A,N,A,C,A,A,H,-,A,D,0,,,,,Y,,D,22,2,2,0,0,0,0,0,0,0,"- ","- ",40.838401794433594,-121.51776123046875,SHASTA,UNINCORPORATED,-121.51779174804688,40.838382720947266
92149177,2023,2023-08-21,9135,2023-07-04,1725,018829,,2,2,9,4500,0,3,5,,2,003,"OLINDA RD","GREENLEAF LANE",660.00,W,N,A,-,N,,,,,,,,,,Y,1,1,0,1,C,-,18,,,N,E,8,A,A,H,-,A,D,0,,,,,Y,,-,"- ",0,0,0,0,0,0,0,0,0,"- ","- ",40.439891815185547,-122.38311767578125,SHASTA,UNINCORPORATED,-122.38312530517578,40.439899444580078
92197467,2023,2023-10-12,9135,2023-10-07,1256,018133,,6,1,9,4500,0,1,1,,2,054,SR-299,"IRON MOUNTAIN RD",0.00,,Y,A,-,Y,SHA,,299," "," ",20.294,H,,R,N,2,0,1,2,A,-,09,21801,A,N,D,G,A,A,H,-,A,A,0,,Y,,,Y,,D,22,1,0,0,0,0,0,1,0,0,"- ","- ",40.589881896972656,-122.46086883544922,SHASTA,UNINCORPORATED,-122.46088409423828,40.589820861816406
9222098,2020,2021-03-17,4502,2020-05-15,1656,170,R04,5,5,5,4502,0,0,0,,0,004,"RT 273","WESTWOOD AV",744.00,S,N,A,-,Y,SHA,2,273,-,-,12.120,H,-,S,Y,2,0,2,2,A,-,03,22350,,N,A,C,A,A,H,-,A,D,0,,,,,Y,,A,01,1,1,0,0,0,0,0,0,0,"- ","- ",,,SHASTA,REDDING,-122.38216400146484,40.520832061767578
92268102,2023,2023-12-21,9135,2023-12-09,1920,019710,,6,2,9,4500,0,3,5,,2,004,"ASH CREEK RD","BALLS FERRY RD",130.00,E,N,A,-,N,,,,,,,,,,Y,2,0,1,1,A,-,01,23152,A,N,E,9,A,A,H,-,D,A,0,,,,,Y,Y,A,01,1,0,0,0,0,0,0,0,0,"- ","- ",40.418048858642578,-122.21388244628906,SHASTA,UNINCORPORATED,-122.21390533447266,40.418079376220703
92276512,2023,2024-02-05,9135,2023-12-23,2200,020683,,6,3,5,4502,0,1,3,,2,040,"I-5 S/B FROM SR-44 E/B","SUNDIAL BRIDGE DRIVE",4224.00,E,N,A,-,Y,SHA,,44," ",L,1.617,H,,R,Y,1,1,1,1,A,-,01,23152,A,N,F,A,A,A,H,-,D,D,0,,,,,Y,Y,A,07,0,0,1,0,0,0,0,0,0,"- ","- ",40.585311889648438,-122.36422729492188,SHASTA,REDDING,-122.36419677734375,40.585559844970703
92287857,2024,2024-01-16,9135,2024-01-10,1320,018552,,3,1,9,4500,0,3,5,,2,003,"PLATINA RD","BLAND RD",1056.00,W,N,C,-,N,,,,,,,,,,Y,2,0,1,1,A,-,03,22350,,N,E,I,A,B,H,-,A,D,0,,,,,Y,,D,22,1,0,0,0,0,0,0,0,0,"- ","- ",40.439651489257812,-122.66690063476562,SHASTA,UNINCORPORATED,-122.66375732421875,40.439201354980469
92352708,2024,2024-04-02,9135,2024-03-21,2200,019710,,4,3,9,4500,0,3,5,,2,003,"HAPPY VALLEY RD","ERIKA LANE",0.00,,Y,B,-,N,,,,,,,,,,N,2,0,1,2,A,-,08,22107,,F,G,B,F,A,H,-,D,D,0,Y,,,,Y,,-,99,1,0,0,0,1,0,0,0,0,"- ","- ",40.434501647949219,-122.40750885009766,SHASTA,UNINCORPORATED,-122.40756988525391,40.434551239013672
92358487,2024,2024-04-08,9135,2024-03-27,2034,023683,,3,2,9,4500,0,1,3,,2,402,SR-44,"LONG HAY  FLAT RD.",600.00,W,N,D,-,Y,SHA,,44," "," ",40.198,H,,R,Y,2,0,1,1,A,-,03,22350,,N,F,A,A,C,H,-,D,D,0,,,,,Y,,J,48,1,0,0,0,0,0,0,0,0,"- ","- ",40.517501831054688,-121.7318115234375,SHASTA,UNINCORPORATED,-121.7318115234375,40.517532348632812
92371654,2024,2024-04-22,9135,2024-04-11,1425,019710,,4,2,9,4500,0,1,3,,2,303,"STATE HIGHWAY 36","SHASTA-TRINITY COUNTY LINE",9240.00,E,N,A,-,Y,SHA,,36," "," ",0.716,H,,R,Y,2,0,1,2,A,-,05,21460,A,N,B,C,A,A,H,-,A,D,0,,,Y,,Y,,C,02,1,0,0,0,0,0,0,0,1,"- ","- ",40.386199951171875,-123.00856018066406,SHASTA,UNINCORPORATED,-123.00856018066406,40.386215209960938
92385652,2024,2024-05-09,9135,2024-04-27,"951 ",019683,,6,1,9,4500,0,3,5,,2,003,"GAS PIONT RD","HUNTER RD.",5207.00,W,N,A,-,N,,,,,,,,,,N,2,0,1,1,A,-,03,22350,,N,E,I,A,A,H,-,A,D,0,,,Y,,Y,,C,02,1,0,0,0,0,0,0,0,1,"- ","- ",40.391841888427734,-122.50260162353516,SHASTA,UNINCORPORATED,-122.50253295898438,40.391811370849609
9240403,2021,2021-04-20,4501,2021-03-28,0759,230,A01,7,5,2,4501,0,0,0,,0,A01,"RT 273","MARX WY",0.00,,Y,A,-,Y,SHA,2,273,-,-,4.589,I,5,N,Y,2,0,1,3,A,-,08,22107,,N,D,C,A,A,H,-,A,D,0,,,Y,,Y,,D,22,1,0,0,0,0,0,0,0,1,"- ","- ",,,SHASTA,ANDERSON,-122.29258728027344,40.440555572509766
9246788,2021,2021-04-13,4501,2021-01-30,1925,230,A02,6,5,2,4501,0,0,0,,0,002,"RIVERSIDE AV","ALEXANDER AV",44.00,W,N,A,-,N,,,,,,,,,,Y,2,0,1,1,A,-,03,22350,,N,F,I,A,A,G,-,C,D,0,,,,,Y,,-,"- ",1,0,0,0,0,0,0,0,0,"- ","- ",,,SHASTA,ANDERSON,-122.30532073974609,40.469493865966797
9253307,2021,2021-04-27,4501,2021-03-13,0226,228,A02,6,5,2,4501,0,0,0,,0,CITY,"BEARWOOD PL","STINGY LN",27.00,S,N,A,-,N,,,,,,,,,,Y,2,0,2,1,A,-,01,23153,A,F,E,I,A,A,H,-,C,D,0,,,,,Y,Y,A,01,2,0,0,0,0,0,0,0,0,"- ","- ",,,SHASTA,ANDERSON,-122.29933166503906,40.466495513916016
9276915,2021,2021-06-10,4501,2021-04-24,1319,230,A02,6,5,2,4501,0,0,0,,0,002,"RIVERSIDE AV","ALEXANDER AV",0.00,,Y,A,-,N,,,,,,,,,,N,2,0,1,1,A,-,03,22350,,N,F,A,A,A,H,-,A,D,0,,,Y,,Y,,C,02,1,0,0,0,0,0,0,0,1,"- ","- ",,,SHASTA,ANDERSON,-122.30516815185547,40.469524383544922
9279310,2020,2021-06-09,4502,2020-11-03,1002,R0078,TRF,2,5,5,4502,0,0,0,,0,002,"HARTNELL AV","SHOTWICK TRL",0.00,,Y,A,-,N,,,,,,,,,,Y,2,0,1,1,A,-,01,23152,A,N,E,I,A,A,H,-,A,D,0,,,Y,,Y,Y,C,02,1,0,0,0,0,0,0,0,1,"- ","- ",40.564399719238281,-122.36756134033203,SHASTA,REDDING,-122.36762237548828,40.564498901367188
9301729,2021,2023-06-20,4502,2021-04-21,1619,338,R05,3,5,5,4502,0,0,0,,0,005,"RAILROAD AV","EUGENIA AV",64.00,S,N,A,-,N,,,,,,,,,,N,1,1,0,2,A,-,03,22350,,N,B,C,A,A,H,-,A,D,0,,,Y,,Y,,C,02,0,0,0,0,0,0,0,1,0,"- ","- ",40.569969177246094,-122.39073181152344,SHASTA,REDDING,-122.39070129394531,40.569786071777344
9317487,2021,2021-09-02,4502,2021-01-25,1735,145,R05,1,5,5,4502,0,0,0,,0,005,"COURT ST","TEHAMA ST",39.00,S,N,A,-,N,,,,,,,,,,Y,2,0,1,2,A,-,08,22107,,N,D,C,A,A,H,-,C,A,0,,,Y,,Y,,A,07,1,0,0,0,0,0,0,0,1,"- ","- ",,,SHASTA,REDDING,-122.39610290527344,40.584037780761719
9320251,2021,2021-12-31,4502,2021-06-09,0453,158,R04,3,5,5,4502,0,0,0,,0,004,"SOUTH BONNYVIEW RD","E BONNYVIEW RD",1896.00,E,N,A,-,N,,,,,,,,,,N,1,1,0,2,A,-,11,21954,A,F,G,B,E,A,H,-,D,D,0,Y,,,,Y,,N,60,0,0,0,1,0,0,0,0,0,"- ","- ",40.531608581542969,-122.37425994873047,SHASTA,REDDING,-122.36797332763672,40.533725738525391
9320252,2021,2023-06-20,4502,2021-07-09,0200,158,R03,5,5,5,4502,0,0,0,,0,003,"SOUTH BONNYVIEW RD","BECHELLI LN",582.00,W,N,A,-,N,,,,,,,,,,Y,1,1,0,1,A,-,08,22107,,N,E,J,A,A,H,-,D,D,0,,,,,Y,,D,22,0,0,0,0,0,0,0,0,0,"- ","- ",,,SHASTA,REDDING,-122.3568115234375,40.539047241210938
9320265,2021,2023-06-20,4501,2021-11-27,0124,228,A02,6,5,2,4501,0,0,0,,0,CITY,"DESCHUTES RD","E CORNER WY",334.00,W,N,A,-,N,,,,,,,,,,Y,1,1,1,1,A,-,05,21650,,N,F,A,A,A,H,-,D,D,0,,,,,Y,Y,A,01,1,0,0,0,0,0,0,0,0,"- ","- ",,,SHASTA,ANDERSON,-122.28301239013672,40.440452575683594
9343668,2021,2021-10-20,4501,2021-08-28,1750,236,,6,5,2,4501,0,0,0,,0,001,"FACTORY OUTLETS DR","ARBY WY",0.00,,Y,A,-,N,,,,,,,,,,Y,2,0,1,2,D,-,00,,,N,D,C,A,A,H,-,A,D,0,,,Y,,Y,,-,"- ",1,0,0,0,0,0,0,0,1,"- ","- ",,,SHASTA,ANDERSON,-122.28900909423828,40.437019348144531
9367922,2021,2021-12-07,4501,2021-10-20,0252,228,A02,3,5,2,4501,0,0,0,,0,CITY,"RUPERT RD","PARK PLACE E",17.00,E,N,C,-,N,,,,,,,,,,Y,2,0,4,1,A,-,03,22350,,N,E,I,A,B,H,-,D,D,0,,,,,Y,Y,A,01,2,0,2,0,0,0,0,0,0,"- ","- ",,,SHASTA,ANDERSON,-122.281982421875,40.465034484863281
9378531,2021,2021-12-16,4502,2021-04-01,1307,523,R06,4,5,5,4502,0,0,0,,0,006,"EUREKA WY","WALNUT AV",0.00,,Y,A,-,Y,SHA,2,299,-,-,23.240,I,5,E,Y,2,0,2,2,A,-,12,21453,A,N,D,D,A,A,H,-,A,A,0,,,Y,,Y,,C,02,1,0,1,0,0,0,0,0,1,"- ","- ",40.586208343505859,-122.407958984375,SHASTA,REDDING,-122.40792846679688,40.586154937744141
93933368,2024,2024-08-08,9135,2024-08-06,1250,016424,,2,1,9,4500,0,3,5,,2,002,"BOYLE ROAD","OCTOBER LANE",181.00,E,N,A,-,N,,,,,,,,,,Y,2,0,2,1,A,-,08,22107,,M,E,I,A,A,H,-,A,D,0,,,,,Y,,A,01,1,0,1,0,0,0,0,0,0,"- ","- ",40.591350555419922,-122.02767181396484,SHASTA,UNINCORPORATED,-122.27655029296875,40.591381072998047
9419452,2022,2022-04-15,4501,2022-01-11,2221,228,A01,2,5,2,4501,0,0,0,,0,CITY,"RT 273","PLEASANT HILLS DR",16.00,N,N,A,-,Y,SHA,2,273,-,-,4.140,H,-,N,Y,2,0,4,2,A,-,01,23153,A,N,A,C,A,A,H,-,C,A,0,,,,,Y,Y,A,01,1,2,1,0,0,0,0,0,0,"- ","- ",,,SHASTA,ANDERSON,-122.28854370117188,40.434757232666016
9432461,2022,2022-08-08,4501,2022-06-05,2204,228,A01,7,5,2,4501,0,0,0,,0,CITY,"RT 273","NORTH ST",0.00,,Y,A,-,Y,SHA,2,273,-,-,5.438,I,5,S,Y,2,0,1,3,A,-,01,21200,5,N,D,G,A,A,H,-,C,A,0,,Y,,,Y,,L,04,1,0,0,0,0,0,1,0,0,"- ","- ",,,SHASTA,ANDERSON,-122.30148315429688,40.450416564941406
9435907,2021,2022-04-26,4502,2021-07-25,2002,178,R02,7,5,5,4502,0,0,0,,0,002,"HARTNELL AV","BECHELLI LN",564.00,W,N,A,-,N,,,,,,,,,,Y,2,0,1,1,A,-,03,22350,,N,F,J,A,A,H,-,A,D,0,,,,,Y,,A,01,1,0,0,0,0,0,0,0,0,"- ","- ",40.563800811767578,-122.3626708984375,SHASTA,REDDING,-122.36466217041016,40.563716888427734
94389690,2024,2024-09-11,9135,2024-09-01,"645 ",021265,,7,1,9,4500,0,1,3,,2,605,SR-44,"LOST CREEK",30.00,N,N,A,-,Y,SHA,,44," "," ",55.293,H,,R,N,2,0,1,1,A,-,08,22107,,N,F,A,A,A,H,-,A,D,0,,,Y,,Y,,C,02,1,0,0,0,0,0,0,0,1,"- ","- ",40.610469818115234,-121.51567077636719,SHASTA,UNINCORPORATED,-121.51569366455078,40.610496520996094
94395474,2024,2024-09-16,9135,2024-09-06,1450,019493,,5,2,9,4500,0,3,5,,2,001,"LAKE BLVD","DEAN RD",158.00,S,N,A,-,N,,,,,,,,,,Y,2,0,5,3,A,-,03,22350,,N,C,C,A,A,H,-,A,D,0,,,,,Y,,A,07,2,2,1,0,0,0,0,0,0,"- ","- ",40.644100189208984,-122.397216796875,SHASTA,UNINCORPORATED,-122.39723968505859,40.644035339355469
94421998,2024,2025-04-10,9135,2024-10-02,1515,018388,,3,2,9,4500,0,1,3,,2,020,SR-299,"INTERMOUNTAIN RD",528.00,W,N,A,-,Y,SHA,,299," "," ",29.880,H,,R,N,1,1,0,2,A,-,03,22350,,N,C,C,A,A,H,-,A,A,0,,,,,Y,,A,08,0,0,0,0,0,0,0,0,0,"- ","- ",40.631191253662109,-122.27033233642578,SHASTA,UNINCORPORATED,-122.27031707763672,40.631156921386719
94435002,2024,2024-10-17,9135,2024-08-28,1635,020363,,3,2,5,4502,0,1,1,,2,054,"I-5 N/B","LAKE BLVD",3485.00,S,N,A,-,Y,SHA,,5," ",R,16.641,H,,R,Y,1,1,0,1,A,-,03,22350,,N,E,8,A,A,H,-,A,D,0,,,,,Y,,A,01,0,0,0,0,0,0,0,0,0,"- ","- ",40.602691650390625,-122.36055755615234,SHASTA,REDDING,-122.36046600341797,40.602691650390625
94479258,2024,2024-11-21,9135,2024-11-20,1830,021204,,3,2,5,4502,0,1,1,,2,054,"INTERSTATE 5","SR-44 E/B",1056.00,S,N,B,C,Y,SHA,,5," ",R,15.354,H,,R,Y,2,0,2,2,A,-,08,22107,,N,D,C,A,B,H,-,D,D,0,,,,,Y,,A,01,2,0,0,0,0,0,0,0,0,"- ","- ",40.584011077880859,-122.36045837402344,SHASTA,REDDING,-122.36042785644531,40.584011077880859
94505680,2024,2024-12-16,9135,2024-12-05,2200,020361,,4,3,9,4500,0,1,3,,1,301,SR-299,"ROCK CREEK RD",352.00,E,N,A,-,Y,SHA,,299," "," ",17.805,H,,R,N,2,0,1,1,A,-,03,22350,,N,E,H,A,A,H,-,D,D,0,,,Y,,Y,,C,02,1,0,0,0,0,0,0,0,1,"- ","- ",40.604190826416016,-122.50116729736328,SHASTA,UNINCORPORATED,-122.50115966796875,40.604221343994141
94539932,2025,2025-01-16,9135,2025-01-15,2500,021253,,3,4,9,4500,0,3,5,,2,003,"CLEAR CREEK RD","CLOVERDALE RD",250.00,W,N,A,-,N,,,,,,,,,,Y,2,0,1,1,A,-,08,22107,,N,E,I,A,A,H,-,D,D,0,,,,,Y,,A,07,1,0,0,0,0,0,0,0,0,"- ","- ",40.491451263427734,-122.516357421875,SHASTA,UNINCORPORATED,-122.51638793945312,40.492069244384766
94571384,2025,2025-02-10,9135,2025-01-28,1255,017428,,2,1,9,4500,0,3,5,,2,001,"KESWICK DAM RD","QUARTZ HILL RD",15.00,S,N,A,-,N,,,,,,,,,,N,2,0,1,2,A,-,09,21802,A,F,E,I,A,A,H,-,A,A,0,,,Y,,Y,Y,D,22,1,0,0,0,0,0,0,0,1,"- ","- ",40.616580963134766,-122.42832183837891,SHASTA,UNINCORPORATED,-122.42832946777344,40.616641998291016
94575185,2025,2025-02-12,9135,2025-02-09,"945 ",016513,,7,1,9,4500,0,3,5,,2,003,"RHONDA RD","LYNN HART DR",2640.00,S,N,A,-,N,,,,,,,,,,N,2,0,1,2,A,-,08,22107,,N,B,C,A,A,H,-,A,D,0,,,Y,,Y,,C,02,1,0,0,0,0,0,0,0,1,"- ","- ",40.413970947265625,-122.28340148925781,SHASTA,UNINCORPORATED,-122.28334045410156,40.414272308349609
94590271,2025,2025-02-26,9135,2025-02-18,"150 ",021253,,2,3,9,4500,0,3,5,,2,002,"OLD OREGON TRAIL","JACRENE LANE",4.00,N,N,B,-,N,,,,,,,,,,Y,2,0,2,1,A,-,08,22107,,N,E,8,A,A,H,-,D,D,0,,,,,Y,Y,A,01,1,1,0,0,0,0,0,0,0,"- ","- ",40.685218811035156,-122.31568908691406,SHASTA,UNINCORPORATED,-122.31575775146484,40.685161590576172
94608973,2025,2025-03-18,9135,2025-03-10,1804,024216,,1,2,9,4500,0,1,3,,1,301,SR-299,"BELLA LANE",2376.00,W,N,A,-,Y,SHA,,299," ",R,4.738,H,,R,Y,2,0,1,2,C,-,18,,,N,E,H,A,A,H,-,A,D,0,,,Y,,Y,,-,"- ",1,0,0,0,0,0,0,0,1,"- ","- ",40.672088623046875,-122.67990112304688,SHASTA,UNINCORPORATED,-122.67992401123047,40.672115325927734
94610037,2025,2025-03-18,9135,2025-03-11,1540,024249,,2,2,9,4500,0,1,3,,1,201,"SR-299 W/B","DUSTY OAKS TRL",114.00,W,N,B,-,Y,SHA,,299," "," ",37.900,H,,L,Y,2,0,4,2,A,-,09,21804,A,N,D,C,A,A,H,-,A,D,0,,,,,Y,,A,01,1,3,0,0,0,0,0,0,0,"- ","- ",40.686351776123047,-122.14394378662109,SHASTA,UNINCORPORATED,-122.14393615722656,40.686328887939453
94665925,2025,2025-04-28,9135,2025-04-01,"121 ",021253,,2,3,2,4501,0,1,1,,2,053,"I-5 N/B","BALLS FERRY ROAD",2640.00,S,N,C,-,Y,SHA,,5," ",R,4.827,H,,R,Y,1,1,3,2,A,-,03,22350,,N,C,2,A,B,H,-,D,D,0,,,,,Y,,A,07,1,1,1,0,0,0,0,0,0,"- ","- ",40.445148468017578,-122.28865814208984,SHASTA,ANDERSON,-122.28863525390625,40.445152282714844
94672178,2025,2025-05-01,9135,2025-04-24,1619,020361,,4,2,9,4500,0,1,1,,2,055,"I-5 S/B","UNION SCHOOL ROAD O/C",2106.00,N,N,A,-,Y,SHA,,5," ",R,22.552,H,,L,Y,2,0,1,1,A,-,08,22107,,N,E,I,A,A,H,-,A,D,0,,,,,Y,,A,01,1,0,0,0,0,0,0,0,0,"- ","- ",40.68505859375,-122.34693908691406,SHASTA,UNINCORPORATED,-122.34699249267578,40.685070037841797
94675259,2025,2025-05-05,9135,2025-04-23,1221,024340,,3,1,9,4500,0,1,3,,1,401,SR-44,"SILVER BRIDGE ROAD",6864.00,E,N,A,-,Y,SHA,,44," ",R,9.390,H,,R,Y,2,0,1,2,A,-,08,22107,,N,A,C,A,A,H,-,A,D,0,,,,,Y,,D,22,1,0,0,0,0,0,0,0,0,"- ","- ",40.549831390380859,-122.19510650634766,SHASTA,UNINCORPORATED,-122.19511413574219,40.549827575683594
94737108,2025,2025-06-24,9146,2025-06-16,1330,024410,,1,1,9,4500,0,1,1,,2,014,"I-5 S/B","SIMS ROAD",7128.00,S,N,A,-,Y,SHA,,5," ",R,56.101,H,,L,Y,2,0,3,1,A,-,08,22107,,N,E,8,A,A,H,-,A,D,0,,,,,Y,,A,07,1,1,1,0,0,0,0,0,0,"- ","- ",41.0572509765625,-122.37335205078125,SHASTA,UNINCORPORATED,-122.37338256835938,41.057273864746094
9512690,2022,2022-11-03,4502,2022-01-21,0431,338,R06,5,5,5,4502,0,0,0,,0,006,"RT 273","CYPRESS AV",283.00,N,N,A,-,Y,SHA,2,273,-,-,16.040,H,-,N,Y,2,0,1,1,A,-,03,22350,,N,F,I,A,A,H,-,C,D,0,,,,Y,Y,,G,88,1,0,0,0,0,0,0,0,0,"- ","- ",40.577548980712891,-122.38655090332031,SHASTA,REDDING,-122.38649749755859,40.577182769775391
9523480,2022,2022-11-21,4502,2022-03-11,2234,122,R07,5,5,5,4502,0,0,0,,0,R07,"TWIN VIEW BL","VALLEY RIDGE DR",0.00,,Y,A,-,N,,,,,,,,,,Y,2,0,2,1,A,-,03,22350,,F,E,I,A,A,H,-,C,A,0,,,,,Y,,A,01,1,0,1,0,0,0,0,0,0,"- ","- ",,,SHASTA,REDDING,-122.3731689453125,40.61688232421875
9640668,2024,2024-07-11,4500,2024-06-03,1351,335,,1,5,2,4580,0,0,0,,0,S3B,"RT 151","MCCONNELL AV",0.00,,Y,A,-,Y,SHA,2,151,-,-,6.030,H,-,W,N,1,1,0,2,A,-,03,22350,,N,G,B,D,A,H,-,A,A,0,Y,,,,Y,,A,01,0,0,0,1,0,0,0,0,0,"- ","- ",,,SHASTA,"SHASTA LAKE",-122.36518859863281,40.680561065673828
9720285,2024,2024-08-29,4500,2024-04-16,"811 ",335,,2,5,2,4580,0,0,0,,0,S3B,"RT 151","NELL ORR ST",0.00,,Y,A,-,Y,SHA,2,151,-,-,6.630,I,5,W,Y,2,0,5,3,A,-,09,21801,A,N,D,C,A,A,H,-,A,A,0,,,,,Y,,A,01,3,1,1,0,0,0,0,0,0,"- ","- ",,,SHASTA,"SHASTA LAKE",-122.353759765625,40.680301666259766
9786217,2024,2025-05-03,4502,2024-08-25,"14  ",151,,7,5,5,4502,0,0,0,,0,R05,"BUENAVENTURA BL","STARLIGHT BL",920.00,S,N,A,-,N,,,,,,,,,,Y,1,1,0,1,A,-,01,23153,A,N,E,I,A,A,H,-,D,D,0,,,,,Y,Y,A,01,0,0,0,0,0,0,0,0,0,"- ","- ",,,SHASTA,REDDING,-122.40714263916016,40.565193176269531
9786221,2024,2025-05-03,4502,2024-11-28,1354,110,,4,5,5,4502,0,0,0,,0,R07,"LAKE BL","CLAY ST",710.00,,N,A,-,N,,,,,,,,,,Y,1,1,0,2,A,-,01,23153,B,F,G,B,E,A,H,-,A,A,0,Y,,,,Y,Y,A,01,0,0,0,1,0,0,0,0,0,"- ","- ",,,SHASTA,REDDING,-122.38568115234375,40.613903045654297